# WaveFront *.obj file (generated by Autodesk ATF)

mtllib c8c150c9-ea94-490f-8c6d-7a2965f5e616.mtl

g Body3

v 85.000000 51.000000 -0.750000
v 84.897777 51.776457 -0.750000
v 84.598076 52.500000 -0.750000
v 84.121320 53.121320 -0.750000
v 83.500000 53.598076 -0.750000
v 82.776457 53.897777 -0.750000
v 82.000000 54.000000 -0.750000
v 82.000000 54.000000 0.000000
v 82.609584 53.937415 0.000000
v 83.193734 53.752272 0.000000
v 83.728077 53.452295 0.000000
v 84.190320 53.050000 0.000000
v 84.630521 52.442344 0.000000
v 84.906163 51.744458 0.000000
v 85.000000 51.000000 0.000000
v 1.700000 9.000000 0.000000
v 1.751111 9.388229 0.000000
v 1.900962 9.750000 0.000000
v 2.139340 10.060660 0.000000
v 2.450000 10.299038 0.000000
v 2.811771 10.448889 0.000000
v 3.200000 10.500000 0.000000
v 3.588229 10.448889 0.000000
v 3.950000 10.299038 0.000000
v 4.260660 10.060660 0.000000
v 4.499038 9.750000 0.000000
v 4.648889 9.388229 0.000000
v 4.700000 9.000000 0.000000
v 4.648889 8.611771 0.000000
v 4.499038 8.250000 0.000000
v 4.260660 7.939340 0.000000
v 3.950000 7.700962 0.000000
v 3.588229 7.551111 0.000000
v 3.200000 7.500000 0.000000
v 2.811771 7.551111 0.000000
v 2.450000 7.700962 0.000000
v 2.139340 7.939340 0.000000
v 1.900962 8.250000 0.000000
v 1.751111 8.611771 0.000000
v 60.000000 44.500000 0.000000
v 60.051111 44.888229 0.000000
v 60.200962 45.250000 0.000000
v 60.439340 45.560660 0.000000
v 60.750000 45.799038 0.000000
v 61.111771 45.948889 0.000000
v 61.500000 46.000000 0.000000
v 61.888229 45.948889 0.000000
v 62.250000 45.799038 0.000000
v 62.560660 45.560660 0.000000
v 62.799038 45.250000 0.000000
v 62.948889 44.888229 0.000000
v 63.000000 44.500000 0.000000
v 62.948889 44.111771 0.000000
v 62.799038 43.750000 0.000000
v 62.560660 43.439340 0.000000
v 62.250000 43.200962 0.000000
v 61.888229 43.051111 0.000000
v 61.500000 43.000000 0.000000
v 61.111771 43.051111 0.000000
v 60.750000 43.200962 0.000000
v 60.439340 43.439340 0.000000
v 60.200962 43.750000 0.000000
v 60.051111 44.111771 0.000000
v 0.950000 3.200000 0.000000
v 1.026667 3.782343 0.000000
v 1.251443 4.325000 0.000000
v 1.609010 4.790990 0.000000
v 2.075000 5.148557 0.000000
v 2.617657 5.373333 0.000000
v 3.200000 5.450000 0.000000
v 3.782343 5.373333 0.000000
v 4.325000 5.148557 0.000000
v 4.790990 4.790990 0.000000
v 5.148557 4.325000 0.000000
v 5.373333 3.782343 0.000000
v 5.450000 3.200000 0.000000
v 5.373333 2.617657 0.000000
v 5.148557 2.075000 0.000000
v 4.790990 1.609010 0.000000
v 4.325000 1.251443 0.000000
v 3.782343 1.026667 0.000000
v 3.200000 0.950000 0.000000
v 2.617657 1.026667 0.000000
v 2.075000 1.251443 0.000000
v 1.609010 1.609010 0.000000
v 1.251443 2.075000 0.000000
v 1.026667 2.617657 0.000000
v 1.250000 50.500000 0.000000
v 1.326667 51.082343 0.000000
v 1.551443 51.625000 0.000000
v 1.909010 52.090990 0.000000
v 2.375000 52.448557 0.000000
v 2.917657 52.673333 0.000000
v 3.500000 52.750000 0.000000
v 4.082343 52.673333 0.000000
v 4.625000 52.448557 0.000000
v 5.090990 52.090990 0.000000
v 5.448557 51.625000 0.000000
v 5.673333 51.082343 0.000000
v 5.750000 50.500000 0.000000
v 5.673333 49.917657 0.000000
v 5.448557 49.375000 0.000000
v 5.090990 48.909010 0.000000
v 4.625000 48.551443 0.000000
v 4.082343 48.326667 0.000000
v 3.500000 48.250000 0.000000
v 2.917657 48.326667 0.000000
v 2.375000 48.551443 0.000000
v 1.909010 48.909010 0.000000
v 1.551443 49.375000 0.000000
v 1.326667 49.917657 0.000000
v 58.700000 3.200000 0.000000
v 58.776667 3.782343 0.000000
v 59.001443 4.325000 0.000000
v 59.359010 4.790990 0.000000
v 59.825000 5.148557 0.000000
v 60.367657 5.373333 0.000000
v 60.950000 5.450000 0.000000
v 61.532343 5.373333 0.000000
v 62.075000 5.148557 0.000000
v 62.540990 4.790990 0.000000
v 62.898557 4.325000 0.000000
v 63.123333 3.782343 0.000000
v 63.200000 3.200000 0.000000
v 63.123333 2.617657 0.000000
v 62.898557 2.075000 0.000000
v 62.540990 1.609010 0.000000
v 62.075000 1.251443 0.000000
v 61.532343 1.026667 0.000000
v 60.950000 0.950000 0.000000
v 60.367657 1.026667 0.000000
v 59.825000 1.251443 0.000000
v 59.359010 1.609010 0.000000
v 59.001443 2.075000 0.000000
v 58.776667 2.617657 0.000000
v 59.250000 50.500000 0.000000
v 59.326667 51.082343 0.000000
v 59.551443 51.625000 0.000000
v 59.909010 52.090990 0.000000
v 60.375000 52.448557 0.000000
v 60.917657 52.673333 0.000000
v 61.500000 52.750000 0.000000
v 62.082343 52.673333 0.000000
v 62.625000 52.448557 0.000000
v 63.090990 52.090990 0.000000
v 63.448557 51.625000 0.000000
v 63.673333 51.082343 0.000000
v 63.750000 50.500000 0.000000
v 63.673333 49.917657 0.000000
v 63.448557 49.375000 0.000000
v 63.090990 48.909010 0.000000
v 62.625000 48.551443 0.000000
v 62.082343 48.326667 0.000000
v 61.500000 48.250000 0.000000
v 60.917657 48.326667 0.000000
v 60.375000 48.551443 0.000000
v 59.909010 48.909010 0.000000
v 59.551443 49.375000 0.000000
v 59.326667 49.917657 0.000000
v 6.300000 12.800000 0.000000
v 4.300000 12.800000 0.000000
v 4.300000 13.900000 0.000000
v 6.300000 13.900000 0.000000
v 15.500000 13.900000 0.000000
v 17.500000 13.900000 0.000000
v 17.500000 12.800000 0.000000
v 15.500000 12.800000 0.000000
v 13.900000 22.600000 0.000000
v 13.900000 20.100000 0.000000
v 11.900000 20.100000 0.000000
v 11.900000 22.600000 0.000000
v 9.900000 22.600000 0.000000
v 9.900000 20.100000 0.000000
v 7.900000 20.100000 0.000000
v 7.900000 22.600000 0.000000
v 15.500000 17.000000 0.000000
v 17.500000 17.000000 0.000000
v 17.500000 15.900000 0.000000
v 15.500000 15.900000 0.000000
v 7.450000 8.000000 0.000000
v 7.450000 10.000000 0.000000
v 8.550000 10.000000 0.000000
v 8.550000 8.000000 0.000000
v 6.300000 15.900000 0.000000
v 4.300000 15.900000 0.000000
v 4.300000 17.000000 0.000000
v 6.300000 17.000000 0.000000
v 13.350000 8.000000 0.000000
v 13.350000 10.000000 0.000000
v 14.450000 10.000000 0.000000
v 14.450000 8.000000 0.000000
v 16.400000 22.600000 0.000000
v 16.400000 20.100000 0.000000
v 14.400000 20.100000 0.000000
v 14.400000 22.600000 0.000000
v 7.400000 22.600000 0.000000
v 7.400000 20.100000 0.000000
v 5.400000 20.100000 0.000000
v 5.400000 22.600000 0.000000
v 10.450000 20.400000 0.000000
v 10.450000 22.300000 0.000000
v 11.350000 22.300000 0.000000
v 11.350000 20.400000 0.000000
v 10.850000 8.000000 0.000000
v 10.850000 10.000000 0.000000
v 11.950000 10.000000 0.000000
v 11.950000 8.000000 0.000000
v 1.100000 13.666667 0.000000
v 1.100000 15.000000 0.000000
v 2.100000 15.000000 0.000000
v 2.100000 11.000000 0.000000
v 1.100000 11.000000 0.000000
v 1.100000 12.333333 0.000000
v 0.927454 12.356049 0.000000
v 0.766667 12.422650 0.000000
v 0.628595 12.528595 0.000000
v 0.522650 12.666667 0.000000
v 0.456049 12.827454 0.000000
v 0.433333 13.000000 0.000000
v 0.456049 13.172546 0.000000
v 0.522650 13.333333 0.000000
v 0.628595 13.471405 0.000000
v 0.766667 13.577350 0.000000
v 0.927454 13.643951 0.000000
v 70.500000 38.600000 0.000000
v 66.500000 38.600000 0.000000
v 66.500000 45.500000 0.000000
v 70.500000 45.500000 0.000000
v 68.900000 46.500000 0.000000
v 66.000000 46.500000 0.000000
v 66.000000 53.000000 0.000000
v 68.900000 53.000000 0.000000
v 63.450000 11.700000 0.000000
v 63.450000 6.700000 0.000000
v 58.450000 6.700000 0.000000
v 58.450000 11.700000 0.000000
v 58.025000 48.000000 0.000000
v 6.975000 48.000000 0.000000
v 6.975000 53.000000 0.000000
v 58.025000 53.000000 0.000000
v 46.850000 16.600000 0.000000
v 49.850000 16.600000 0.000000
v 49.850000 0.100000 0.000000
v 46.850000 0.100000 0.000000
v 52.850000 16.600000 0.000000
v 55.850000 16.600000 0.000000
v 55.850000 0.100000 0.000000
v 52.850000 0.100000 0.000000
v 3.850000 22.800000 0.000000
v 1.050000 22.800000 0.000000
v 1.050000 36.000000 0.000000
v 3.850000 36.000000 0.000000
v 35.150000 2.000000 0.000000
v 30.050000 2.000000 0.000000
v 30.050000 5.000000 0.000000
v 35.150000 5.000000 0.000000
v 21.150000 2.900000 0.000000
v 16.650000 2.900000 0.000000
v 16.650000 5.800000 0.000000
v 21.150000 5.800000 0.000000
v 65.200000 28.400000 0.000000
v 54.100000 28.400000 0.000000
v 54.100000 39.500000 0.000000
v 65.200000 39.500000 0.000000
v 41.150000 9.800000 0.000000
v 41.150000 12.600000 0.000000
v 43.150000 12.600000 0.000000
v 43.150000 9.800000 0.000000
v 17.000000 34.100000 0.000000
v 7.000000 34.100000 0.000000
v 7.000000 47.100000 0.000000
v 17.000000 47.100000 0.000000
v 69.300000 22.940202 0.000000
v 65.340202 18.980404 0.000000
v 61.380404 22.940202 0.000000
v 65.340202 26.900000 0.000000
v 40.550000 14.000000 0.000000
v 23.850000 14.000000 0.000000
v 23.850000 30.800000 0.000000
v 40.550000 30.800000 0.000000
v 39.200000 32.400000 0.000000
v 25.200000 32.400000 0.000000
v 25.200000 42.200000 0.000000
v 39.200000 42.200000 0.000000
v 13.900000 11.800000 0.000000
v 7.900000 11.800000 0.000000
v 7.900000 17.800000 0.000000
v 13.900000 17.800000 0.000000
v 0.300000 16.000000 0.000000
v 0.300000 19.900000 0.000000
v 2.400000 19.900000 0.000000
v 2.400000 16.000000 0.000000
v 3.000000 54.000000 0.000000
v 2.223543 53.897777 0.000000
v 1.500000 53.598076 0.000000
v 0.878680 53.121320 0.000000
v 0.401924 52.500000 0.000000
v 0.102223 51.776457 0.000000
v -0.000000 51.000000 0.000000
v -0.000000 3.000000 0.000000
v 0.102223 2.223543 0.000000
v 0.401924 1.500000 0.000000
v 0.878680 0.878680 0.000000
v 1.500000 0.401924 0.000000
v 2.223543 0.102223 0.000000
v 3.000000 0.000000 0.000000
v 6.750000 0.000000 0.000000
v 6.750000 5.800000 0.000000
v 15.650000 5.800000 0.000000
v 15.650000 0.000000 0.000000
v 82.000000 0.000000 0.000000
v 82.678790 0.077801 0.000000
v 83.322372 0.307170 0.000000
v 83.897367 0.676210 0.000000
v 84.373949 1.165779 0.000000
v 84.727400 1.750485 0.000000
v 84.939388 2.400000 0.000000
v 66.800000 2.400000 0.000000
v 66.800000 18.000000 0.000000
v 85.000000 18.000000 0.000000
v 85.000000 23.050000 0.000000
v 71.500000 23.050000 0.000000
v 71.500000 35.150000 0.000000
v 85.000000 35.150000 0.000000
v 85.000000 40.950000 0.000000
v 71.500000 40.950000 0.000000
v 71.500000 53.050000 0.000000
v 3.000000 54.000000 -0.750000
v 1.850000 3.200000 -0.750000
v 1.896000 2.850594 -0.750000
v 2.030866 2.525000 -0.750000
v 2.245406 2.245406 -0.750000
v 2.525000 2.030866 -0.750000
v 2.850594 1.896000 -0.750000
v 3.200000 1.850000 -0.750000
v 3.549406 1.896000 -0.750000
v 3.875000 2.030866 -0.750000
v 4.154594 2.245406 -0.750000
v 4.369134 2.525000 -0.750000
v 4.504000 2.850594 -0.750000
v 4.550000 3.200000 -0.750000
v 4.504000 3.549406 -0.750000
v 4.369134 3.875000 -0.750000
v 4.154594 4.154594 -0.750000
v 3.875000 4.369134 -0.750000
v 3.549406 4.504000 -0.750000
v 3.200000 4.550000 -0.750000
v 2.850594 4.504000 -0.750000
v 2.525000 4.369134 -0.750000
v 2.245406 4.154594 -0.750000
v 2.030866 3.875000 -0.750000
v 1.896000 3.549406 -0.750000
v 60.000000 44.500000 -0.750000
v 60.051111 44.111771 -0.750000
v 60.200962 43.750000 -0.750000
v 60.439340 43.439340 -0.750000
v 60.750000 43.200962 -0.750000
v 61.111771 43.051111 -0.750000
v 61.500000 43.000000 -0.750000
v 61.888229 43.051111 -0.750000
v 62.250000 43.200962 -0.750000
v 62.560660 43.439340 -0.750000
v 62.799038 43.750000 -0.750000
v 62.948889 44.111771 -0.750000
v 63.000000 44.500000 -0.750000
v 62.948889 44.888229 -0.750000
v 62.799038 45.250000 -0.750000
v 62.560660 45.560660 -0.750000
v 62.250000 45.799038 -0.750000
v 61.888229 45.948889 -0.750000
v 61.500000 46.000000 -0.750000
v 61.111771 45.948889 -0.750000
v 60.750000 45.799038 -0.750000
v 60.439340 45.560660 -0.750000
v 60.200962 45.250000 -0.750000
v 60.051111 44.888229 -0.750000
v 60.150000 50.500000 -0.750000
v 60.196000 50.150594 -0.750000
v 60.330866 49.825000 -0.750000
v 60.545406 49.545406 -0.750000
v 60.825000 49.330866 -0.750000
v 61.150594 49.196000 -0.750000
v 61.500000 49.150000 -0.750000
v 61.849406 49.196000 -0.750000
v 62.175000 49.330866 -0.750000
v 62.454594 49.545406 -0.750000
v 62.669134 49.825000 -0.750000
v 62.804000 50.150594 -0.750000
v 62.850000 50.500000 -0.750000
v 62.804000 50.849406 -0.750000
v 62.669134 51.175000 -0.750000
v 62.454594 51.454594 -0.750000
v 62.175000 51.669134 -0.750000
v 61.849406 51.804000 -0.750000
v 61.500000 51.850000 -0.750000
v 61.150594 51.804000 -0.750000
v 60.825000 51.669134 -0.750000
v 60.545406 51.454594 -0.750000
v 60.330866 51.175000 -0.750000
v 60.196000 50.849406 -0.750000
v 59.600000 3.200000 -0.750000
v 59.646000 2.850594 -0.750000
v 59.780866 2.525000 -0.750000
v 59.995406 2.245406 -0.750000
v 60.275000 2.030866 -0.750000
v 60.600594 1.896000 -0.750000
v 60.950000 1.850000 -0.750000
v 61.299406 1.896000 -0.750000
v 61.625000 2.030866 -0.750000
v 61.904594 2.245406 -0.750000
v 62.119134 2.525000 -0.750000
v 62.254000 2.850594 -0.750000
v 62.300000 3.200000 -0.750000
v 62.254000 3.549406 -0.750000
v 62.119134 3.875000 -0.750000
v 61.904594 4.154594 -0.750000
v 61.625000 4.369134 -0.750000
v 61.299406 4.504000 -0.750000
v 60.950000 4.550000 -0.750000
v 60.600594 4.504000 -0.750000
v 60.275000 4.369134 -0.750000
v 59.995406 4.154594 -0.750000
v 59.780866 3.875000 -0.750000
v 59.646000 3.549406 -0.750000
v 1.700000 9.000000 -0.750000
v 1.751111 8.611771 -0.750000
v 1.900962 8.250000 -0.750000
v 2.139340 7.939340 -0.750000
v 2.450000 7.700962 -0.750000
v 2.811771 7.551111 -0.750000
v 3.200000 7.500000 -0.750000
v 3.588229 7.551111 -0.750000
v 3.950000 7.700962 -0.750000
v 4.260660 7.939340 -0.750000
v 4.499038 8.250000 -0.750000
v 4.648889 8.611771 -0.750000
v 4.700000 9.000000 -0.750000
v 4.648889 9.388229 -0.750000
v 4.499038 9.750000 -0.750000
v 4.260660 10.060660 -0.750000
v 3.950000 10.299038 -0.750000
v 3.588229 10.448889 -0.750000
v 3.200000 10.500000 -0.750000
v 2.811771 10.448889 -0.750000
v 2.450000 10.299038 -0.750000
v 2.139340 10.060660 -0.750000
v 1.900962 9.750000 -0.750000
v 1.751111 9.388229 -0.750000
v 2.150000 50.500000 -0.750000
v 2.196000 50.150594 -0.750000
v 2.330866 49.825000 -0.750000
v 2.545406 49.545406 -0.750000
v 2.825000 49.330866 -0.750000
v 3.150594 49.196000 -0.750000
v 3.500000 49.150000 -0.750000
v 3.849406 49.196000 -0.750000
v 4.175000 49.330866 -0.750000
v 4.454594 49.545406 -0.750000
v 4.669134 49.825000 -0.750000
v 4.804000 50.150594 -0.750000
v 4.850000 50.500000 -0.750000
v 4.804000 50.849406 -0.750000
v 4.669134 51.175000 -0.750000
v 4.454594 51.454594 -0.750000
v 4.175000 51.669134 -0.750000
v 3.849406 51.804000 -0.750000
v 3.500000 51.850000 -0.750000
v 3.150594 51.804000 -0.750000
v 2.825000 51.669134 -0.750000
v 2.545406 51.454594 -0.750000
v 2.330866 51.175000 -0.750000
v 2.196000 50.849406 -0.750000
v 85.000000 3.000000 -0.750000
v 84.897777 2.223543 -0.750000
v 84.598076 1.500000 -0.750000
v 84.121320 0.878680 -0.750000
v 83.500000 0.401924 -0.750000
v 82.776457 0.102223 -0.750000
v 82.000000 0.000000 -0.750000
v 3.000000 0.000000 -0.750000
v 2.223543 0.102223 -0.750000
v 1.500000 0.401924 -0.750000
v 0.878680 0.878680 -0.750000
v 0.401924 1.500000 -0.750000
v 0.102223 2.223543 -0.750000
v -0.000000 3.000000 -0.750000
v -0.000000 51.000000 -0.750000
v 0.102223 51.776457 -0.750000
v 0.401924 52.500000 -0.750000
v 0.878680 53.121320 -0.750000
v 1.500000 53.598076 -0.750000
v 2.223543 53.897777 -0.750000
v 85.000000 3.000000 0.000000
v 84.993245 2.798793 0.000000
v 84.973011 2.598493 0.000000
v -0.450000 18.950000 2.000000
v -0.450000 18.915926 2.258819
v -0.450000 18.816025 2.500000
v -0.450000 18.657107 2.707107
v -0.450000 18.450000 2.866025
v -0.450000 18.208819 2.965926
v -0.450000 17.950000 3.000000
v -0.450000 17.691181 2.965926
v -0.450000 17.450000 2.866025
v -0.450000 17.242893 2.707107
v -0.450000 17.083975 2.500000
v -0.450000 16.984074 2.258819
v -0.450000 16.950000 2.000000
v -0.450000 16.984074 1.741181
v -0.450000 17.083975 1.500000
v -0.450000 17.242893 1.292893
v -0.450000 17.450000 1.133975
v -0.450000 17.691181 1.034074
v -0.450000 17.950000 1.000000
v -0.450000 18.208819 1.034074
v -0.450000 18.450000 1.133975
v -0.450000 18.657107 1.292893
v -0.450000 18.816025 1.500000
v -0.450000 18.915926 1.741181
v 0.300000 18.950000 2.000000
v 0.300000 18.915926 1.741181
v 0.300000 18.816025 1.500000
v 0.300000 18.657107 1.292893
v 0.300000 18.450000 1.133975
v 0.300000 18.208819 1.034074
v 0.300000 17.950000 1.000000
v 0.300000 17.691181 1.034074
v 0.300000 17.450000 1.133975
v 0.300000 17.242893 1.292893
v 0.300000 17.083975 1.500000
v 0.300000 16.984074 1.741181
v 0.300000 16.950000 2.000000
v 0.300000 16.984074 2.258819
v 0.300000 17.083975 2.500000
v 0.300000 17.242893 2.707107
v 0.300000 17.450000 2.866025
v 0.300000 17.691181 2.965926
v 0.300000 17.950000 3.000000
v 0.300000 18.208819 2.965926
v 0.300000 18.450000 2.866025
v 0.300000 18.657107 2.707107
v 0.300000 18.816025 2.500000
v 0.300000 18.915926 2.258819
v 0.300000 16.000000 4.000000
v 0.300000 19.900000 4.000000
v 2.400000 19.900000 4.000000
v 2.400000 16.000000 4.000000
v 13.900000 11.800000 1.350000
v 7.900000 11.800000 1.350000
v 7.900000 17.800000 1.350000
v 13.900000 17.800000 1.350000
v 39.200000 32.400000 1.350000
v 25.200000 32.400000 1.350000
v 25.200000 42.200000 1.350000
v 39.200000 42.200000 1.350000
v 40.550000 14.000000 1.350000
v 23.850000 14.000000 1.350000
v 23.850000 30.800000 1.350000
v 40.550000 30.800000 1.350000
v 69.300000 22.940202 1.350000
v 65.340202 18.980404 1.350000
v 61.380404 22.940202 1.350000
v 65.340202 26.900000 1.350000
v 17.000000 34.100000 1.350000
v 7.000000 34.100000 1.350000
v 7.000000 47.100000 1.350000
v 17.000000 47.100000 1.350000
v 41.150000 9.800000 1.350000
v 41.150000 12.600000 1.350000
v 43.150000 12.600000 1.350000
v 43.150000 9.800000 1.350000
v 65.200000 28.400000 1.350000
v 54.100000 28.400000 1.350000
v 54.100000 39.500000 1.350000
v 65.200000 39.500000 1.350000
v 21.150000 2.900000 4.400000
v 16.650000 2.900000 4.400000
v 16.650000 5.800000 4.400000
v 21.150000 5.800000 4.400000
v 35.150000 2.000000 4.400000
v 30.050000 2.000000 4.400000
v 30.050000 5.000000 4.400000
v 35.150000 5.000000 4.400000
v 3.850000 22.800000 4.100000
v 1.050000 22.800000 4.100000
v 1.050000 36.000000 4.100000
v 3.850000 36.000000 4.100000
v 52.850000 16.600000 4.100000
v 55.850000 16.600000 4.100000
v 55.850000 0.100000 4.100000
v 52.850000 0.100000 4.100000
v 46.850000 16.600000 4.100000
v 49.850000 16.600000 4.100000
v 49.850000 0.100000 4.100000
v 46.850000 0.100000 4.100000
v 53.645000 48.950000 1.200000
v 54.245000 48.950000 1.200000
v 54.245000 48.950000 8.500000
v 53.645000 48.950000 8.500000
v 53.645000 49.550000 1.200000
v 53.645000 49.550000 8.500000
v 54.245000 49.550000 1.200000
v 54.245000 49.550000 8.500000
v 53.645000 52.050000 1.200000
v 53.645000 51.450000 1.200000
v 53.645000 51.450000 8.500000
v 53.645000 52.050000 8.500000
v 54.245000 52.050000 1.200000
v 54.245000 52.050000 8.500000
v 54.245000 51.450000 1.200000
v 54.245000 51.450000 8.500000
v 56.745000 49.550000 1.200000
v 56.145000 49.550000 1.200000
v 56.145000 49.550000 8.500000
v 56.745000 49.550000 8.500000
v 56.745000 48.950000 1.200000
v 56.745000 48.950000 8.500000
v 56.145000 48.950000 1.200000
v 56.145000 48.950000 8.500000
v 56.745000 51.450000 1.200000
v 56.745000 52.050000 1.200000
v 56.745000 52.050000 8.500000
v 56.745000 51.450000 8.500000
v 56.145000 51.450000 1.200000
v 56.145000 51.450000 8.500000
v 56.145000 52.050000 1.200000
v 56.145000 52.050000 8.500000
v 48.565000 48.950000 1.200000
v 49.165000 48.950000 1.200000
v 49.165000 48.950000 8.500000
v 48.565000 48.950000 8.500000
v 48.565000 49.550000 1.200000
v 48.565000 49.550000 8.500000
v 49.165000 49.550000 1.200000
v 49.165000 49.550000 8.500000
v 48.565000 52.050000 1.200000
v 48.565000 51.450000 1.200000
v 48.565000 51.450000 8.500000
v 48.565000 52.050000 8.500000
v 49.165000 52.050000 1.200000
v 49.165000 52.050000 8.500000
v 49.165000 51.450000 1.200000
v 49.165000 51.450000 8.500000
v 51.665000 49.550000 1.200000
v 51.065000 49.550000 1.200000
v 51.065000 49.550000 8.500000
v 51.665000 49.550000 8.500000
v 51.665000 48.950000 1.200000
v 51.665000 48.950000 8.500000
v 51.065000 48.950000 1.200000
v 51.065000 48.950000 8.500000
v 51.665000 51.450000 1.200000
v 51.665000 52.050000 1.200000
v 51.665000 52.050000 8.500000
v 51.665000 51.450000 8.500000
v 51.065000 51.450000 1.200000
v 51.065000 51.450000 8.500000
v 51.065000 52.050000 1.200000
v 51.065000 52.050000 8.500000
v 43.485000 48.950000 1.200000
v 44.085000 48.950000 1.200000
v 44.085000 48.950000 8.500000
v 43.485000 48.950000 8.500000
v 43.485000 49.550000 1.200000
v 43.485000 49.550000 8.500000
v 44.085000 49.550000 1.200000
v 44.085000 49.550000 8.500000
v 43.485000 52.050000 1.200000
v 43.485000 51.450000 1.200000
v 43.485000 51.450000 8.500000
v 43.485000 52.050000 8.500000
v 44.085000 52.050000 1.200000
v 44.085000 52.050000 8.500000
v 44.085000 51.450000 1.200000
v 44.085000 51.450000 8.500000
v 46.585000 49.550000 1.200000
v 45.985000 49.550000 1.200000
v 45.985000 49.550000 8.500000
v 46.585000 49.550000 8.500000
v 46.585000 48.950000 1.200000
v 46.585000 48.950000 8.500000
v 45.985000 48.950000 1.200000
v 45.985000 48.950000 8.500000
v 46.585000 51.450000 1.200000
v 46.585000 52.050000 1.200000
v 46.585000 52.050000 8.500000
v 46.585000 51.450000 8.500000
v 45.985000 51.450000 1.200000
v 45.985000 51.450000 8.500000
v 45.985000 52.050000 1.200000
v 45.985000 52.050000 8.500000
v 38.405000 48.950000 1.200000
v 39.005000 48.950000 1.200000
v 39.005000 48.950000 8.500000
v 38.405000 48.950000 8.500000
v 38.405000 49.550000 1.200000
v 38.405000 49.550000 8.500000
v 39.005000 49.550000 1.200000
v 39.005000 49.550000 8.500000
v 38.405000 52.050000 1.200000
v 38.405000 51.450000 1.200000
v 38.405000 51.450000 8.500000
v 38.405000 52.050000 8.500000
v 39.005000 52.050000 1.200000
v 39.005000 52.050000 8.500000
v 39.005000 51.450000 1.200000
v 39.005000 51.450000 8.500000
v 41.505000 49.550000 1.200000
v 40.905000 49.550000 1.200000
v 40.905000 49.550000 8.500000
v 41.505000 49.550000 8.500000
v 41.505000 48.950000 1.200000
v 41.505000 48.950000 8.500000
v 40.905000 48.950000 1.200000
v 40.905000 48.950000 8.500000
v 41.505000 51.450000 1.200000
v 41.505000 52.050000 1.200000
v 41.505000 52.050000 8.500000
v 41.505000 51.450000 8.500000
v 40.905000 51.450000 1.200000
v 40.905000 51.450000 8.500000
v 40.905000 52.050000 1.200000
v 40.905000 52.050000 8.500000
v 33.325000 48.950000 1.200000
v 33.925000 48.950000 1.200000
v 33.925000 48.950000 8.500000
v 33.325000 48.950000 8.500000
v 33.325000 49.550000 1.200000
v 33.325000 49.550000 8.500000
v 33.925000 49.550000 1.200000
v 33.925000 49.550000 8.500000
v 33.325000 52.050000 1.200000
v 33.325000 51.450000 1.200000
v 33.325000 51.450000 8.500000
v 33.325000 52.050000 8.500000
v 33.925000 52.050000 1.200000
v 33.925000 52.050000 8.500000
v 33.925000 51.450000 1.200000
v 33.925000 51.450000 8.500000
v 36.425000 49.550000 1.200000
v 35.825000 49.550000 1.200000
v 35.825000 49.550000 8.500000
v 36.425000 49.550000 8.500000
v 36.425000 48.950000 1.200000
v 36.425000 48.950000 8.500000
v 35.825000 48.950000 1.200000
v 35.825000 48.950000 8.500000
v 36.425000 51.450000 1.200000
v 36.425000 52.050000 1.200000
v 36.425000 52.050000 8.500000
v 36.425000 51.450000 8.500000
v 35.825000 51.450000 1.200000
v 35.825000 51.450000 8.500000
v 35.825000 52.050000 1.200000
v 35.825000 52.050000 8.500000
v 28.245000 48.950000 1.200000
v 28.845000 48.950000 1.200000
v 28.845000 48.950000 8.500000
v 28.245000 48.950000 8.500000
v 28.245000 49.550000 1.200000
v 28.245000 49.550000 8.500000
v 28.845000 49.550000 1.200000
v 28.845000 49.550000 8.500000
v 28.245000 52.050000 1.200000
v 28.245000 51.450000 1.200000
v 28.245000 51.450000 8.500000
v 28.245000 52.050000 8.500000
v 28.845000 52.050000 1.200000
v 28.845000 52.050000 8.500000
v 28.845000 51.450000 1.200000
v 28.845000 51.450000 8.500000
v 31.345000 49.550000 1.200000
v 30.745000 49.550000 1.200000
v 30.745000 49.550000 8.500000
v 31.345000 49.550000 8.500000
v 31.345000 48.950000 1.200000
v 31.345000 48.950000 8.500000
v 30.745000 48.950000 1.200000
v 30.745000 48.950000 8.500000
v 31.345000 51.450000 1.200000
v 31.345000 52.050000 1.200000
v 31.345000 52.050000 8.500000
v 31.345000 51.450000 8.500000
v 30.745000 51.450000 1.200000
v 30.745000 51.450000 8.500000
v 30.745000 52.050000 1.200000
v 30.745000 52.050000 8.500000
v 23.165000 48.950000 1.200000
v 23.765000 48.950000 1.200000
v 23.765000 48.950000 8.500000
v 23.165000 48.950000 8.500000
v 23.165000 49.550000 1.200000
v 23.165000 49.550000 8.500000
v 23.765000 49.550000 1.200000
v 23.765000 49.550000 8.500000
v 23.165000 52.050000 1.200000
v 23.165000 51.450000 1.200000
v 23.165000 51.450000 8.500000
v 23.165000 52.050000 8.500000
v 23.765000 52.050000 1.200000
v 23.765000 52.050000 8.500000
v 23.765000 51.450000 1.200000
v 23.765000 51.450000 8.500000
v 26.265000 49.550000 1.200000
v 25.665000 49.550000 1.200000
v 25.665000 49.550000 8.500000
v 26.265000 49.550000 8.500000
v 26.265000 48.950000 1.200000
v 26.265000 48.950000 8.500000
v 25.665000 48.950000 1.200000
v 25.665000 48.950000 8.500000
v 26.265000 51.450000 1.200000
v 26.265000 52.050000 1.200000
v 26.265000 52.050000 8.500000
v 26.265000 51.450000 8.500000
v 25.665000 51.450000 1.200000
v 25.665000 51.450000 8.500000
v 25.665000 52.050000 1.200000
v 25.665000 52.050000 8.500000
v 18.085000 48.950000 1.200000
v 18.685000 48.950000 1.200000
v 18.685000 48.950000 8.500000
v 18.085000 48.950000 8.500000
v 18.085000 49.550000 1.200000
v 18.085000 49.550000 8.500000
v 18.685000 49.550000 1.200000
v 18.685000 49.550000 8.500000
v 18.085000 52.050000 1.200000
v 18.085000 51.450000 1.200000
v 18.085000 51.450000 8.500000
v 18.085000 52.050000 8.500000
v 18.685000 52.050000 1.200000
v 18.685000 52.050000 8.500000
v 18.685000 51.450000 1.200000
v 18.685000 51.450000 8.500000
v 21.185000 49.550000 1.200000
v 20.585000 49.550000 1.200000
v 20.585000 49.550000 8.500000
v 21.185000 49.550000 8.500000
v 21.185000 48.950000 1.200000
v 21.185000 48.950000 8.500000
v 20.585000 48.950000 1.200000
v 20.585000 48.950000 8.500000
v 21.185000 51.450000 1.200000
v 21.185000 52.050000 1.200000
v 21.185000 52.050000 8.500000
v 21.185000 51.450000 8.500000
v 20.585000 51.450000 1.200000
v 20.585000 51.450000 8.500000
v 20.585000 52.050000 1.200000
v 20.585000 52.050000 8.500000
v 13.005000 48.950000 1.200000
v 13.605000 48.950000 1.200000
v 13.605000 48.950000 8.500000
v 13.005000 48.950000 8.500000
v 13.005000 49.550000 1.200000
v 13.005000 49.550000 8.500000
v 13.605000 49.550000 1.200000
v 13.605000 49.550000 8.500000
v 13.005000 52.050000 1.200000
v 13.005000 51.450000 1.200000
v 13.005000 51.450000 8.500000
v 13.005000 52.050000 8.500000
v 13.605000 52.050000 1.200000
v 13.605000 52.050000 8.500000
v 13.605000 51.450000 1.200000
v 13.605000 51.450000 8.500000
v 16.105000 49.550000 1.200000
v 15.505000 49.550000 1.200000
v 15.505000 49.550000 8.500000
v 16.105000 49.550000 8.500000
v 16.105000 48.950000 1.200000
v 16.105000 48.950000 8.500000
v 15.505000 48.950000 1.200000
v 15.505000 48.950000 8.500000
v 16.105000 51.450000 1.200000
v 16.105000 52.050000 1.200000
v 16.105000 52.050000 8.500000
v 16.105000 51.450000 8.500000
v 15.505000 51.450000 1.200000
v 15.505000 51.450000 8.500000
v 15.505000 52.050000 1.200000
v 15.505000 52.050000 8.500000
v 7.925000 48.950000 1.200000
v 8.525000 48.950000 1.200000
v 8.525000 48.950000 8.500000
v 7.925000 48.950000 8.500000
v 7.925000 49.550000 1.200000
v 7.925000 49.550000 8.500000
v 8.525000 49.550000 1.200000
v 8.525000 49.550000 8.500000
v 7.925000 52.050000 1.200000
v 7.925000 51.450000 1.200000
v 7.925000 51.450000 8.500000
v 7.925000 52.050000 8.500000
v 8.525000 52.050000 1.200000
v 8.525000 52.050000 8.500000
v 8.525000 51.450000 1.200000
v 8.525000 51.450000 8.500000
v 11.025000 49.550000 1.200000
v 10.425000 49.550000 1.200000
v 10.425000 49.550000 8.500000
v 11.025000 49.550000 8.500000
v 11.025000 48.950000 1.200000
v 11.025000 48.950000 8.500000
v 10.425000 48.950000 1.200000
v 10.425000 48.950000 8.500000
v 11.025000 51.450000 1.200000
v 11.025000 52.050000 1.200000
v 11.025000 52.050000 8.500000
v 11.025000 51.450000 8.500000
v 10.425000 51.450000 1.200000
v 10.425000 51.450000 8.500000
v 10.425000 52.050000 1.200000
v 10.425000 52.050000 8.500000
v 60.000000 7.650000 1.200000
v 60.000000 8.250000 1.200000
v 60.000000 8.250000 8.500000
v 60.000000 7.650000 8.500000
v 59.400000 7.650000 1.200000
v 59.400000 7.650000 8.500000
v 59.400000 8.250000 1.200000
v 59.400000 8.250000 8.500000
v 59.400000 10.750000 1.200000
v 59.400000 10.150000 1.200000
v 59.400000 10.150000 8.500000
v 59.400000 10.750000 8.500000
v 60.000000 10.750000 1.200000
v 60.000000 10.750000 8.500000
v 60.000000 10.150000 1.200000
v 60.000000 10.150000 8.500000
v 61.900000 7.650000 1.200000
v 62.500000 7.650000 1.200000
v 62.500000 7.650000 8.500000
v 61.900000 7.650000 8.500000
v 61.900000 8.250000 1.200000
v 61.900000 8.250000 8.500000
v 62.500000 8.250000 1.200000
v 62.500000 8.250000 8.500000
v 61.900000 10.750000 1.200000
v 61.900000 10.150000 1.200000
v 61.900000 10.150000 8.500000
v 61.900000 10.750000 8.500000
v 62.500000 10.750000 1.200000
v 62.500000 10.750000 8.500000
v 62.500000 10.150000 1.200000
v 62.500000 10.150000 8.500000
v 58.025000 48.000000 1.200000
v 6.975000 48.000000 1.200000
v 6.975000 53.000000 1.200000
v 58.025000 53.000000 1.200000
v 63.450000 11.700000 1.200000
v 63.450000 6.700000 1.200000
v 58.450000 6.700000 1.200000
v 58.450000 11.700000 1.200000
v 68.900000 46.500000 4.250000
v 66.000000 46.500000 4.250000
v 66.000000 53.000000 4.250000
v 68.900000 53.000000 4.250000
v 70.500000 38.600000 3.650000
v 66.500000 38.600000 3.650000
v 66.500000 45.500000 3.650000
v 70.500000 45.500000 3.650000
v 88.000000 40.950000 0.000000
v 88.000000 40.950000 15.500000
v 71.500000 40.950000 15.500000
v 71.500000 53.050000 15.500000
v 88.000000 53.050000 0.000000
v 88.000000 53.050000 15.500000
v 88.000000 23.050000 0.000000
v 88.000000 23.050000 15.500000
v 71.500000 23.050000 15.500000
v 71.500000 35.150000 15.500000
v 88.000000 35.150000 0.000000
v 88.000000 35.150000 15.500000
v 88.000000 2.400000 0.000000
v 88.000000 2.400000 13.800000
v 66.800000 2.400000 13.800000
v 66.800000 18.000000 13.800000
v 88.000000 18.000000 0.000000
v 88.000000 18.000000 13.800000
v 1.100000 13.666667 0.800000
v 1.100000 15.000000 0.800000
v 2.100000 15.000000 0.800000
v 2.100000 11.000000 0.800000
v 1.100000 11.000000 0.800000
v 1.100000 12.333333 0.800000
v 0.927454 12.356049 0.800000
v 0.766667 12.422650 0.800000
v 0.628595 12.528595 0.800000
v 0.522650 12.666667 0.800000
v 0.456049 12.827454 0.800000
v 0.433333 13.000000 0.800000
v 0.456049 13.172546 0.800000
v 0.522650 13.333333 0.800000
v 0.628595 13.471405 0.800000
v 0.766667 13.577350 0.800000
v 0.927454 13.643951 0.800000
v 10.850000 8.000000 0.800000
v 10.850000 10.000000 0.800000
v 11.950000 10.000000 0.800000
v 11.950000 8.000000 0.800000
v 10.450000 20.400000 0.800000
v 10.450000 22.300000 0.800000
v 11.350000 22.300000 0.800000
v 11.350000 20.400000 0.800000
v 7.400000 22.600000 0.800000
v 7.400000 20.100000 0.800000
v 5.400000 20.100000 0.800000
v 5.400000 22.600000 0.800000
v 16.400000 22.600000 0.800000
v 16.400000 20.100000 0.800000
v 14.400000 20.100000 0.800000
v 14.400000 22.600000 0.800000
v 13.350000 8.000000 0.800000
v 13.350000 10.000000 0.800000
v 14.450000 10.000000 0.800000
v 14.450000 8.000000 0.800000
v 6.300000 15.900000 0.800000
v 4.300000 15.900000 0.800000
v 4.300000 17.000000 0.800000
v 6.300000 17.000000 0.800000
v 7.450000 8.000000 0.800000
v 7.450000 10.000000 0.800000
v 8.550000 10.000000 0.800000
v 8.550000 8.000000 0.800000
v 15.500000 17.000000 0.800000
v 17.500000 17.000000 0.800000
v 17.500000 15.900000 0.800000
v 15.500000 15.900000 0.800000
v 9.900000 22.600000 0.800000
v 9.900000 20.100000 0.800000
v 7.900000 20.100000 0.800000
v 7.900000 22.600000 0.800000
v 13.900000 22.600000 0.800000
v 13.900000 20.100000 0.800000
v 11.900000 20.100000 0.800000
v 11.900000 22.600000 0.800000
v 15.500000 13.900000 0.800000
v 17.500000 13.900000 0.800000
v 17.500000 12.800000 0.800000
v 15.500000 12.800000 0.800000
v 6.300000 12.800000 0.800000
v 4.300000 12.800000 0.800000
v 4.300000 13.900000 0.800000
v 6.300000 13.900000 0.800000
v 59.250000 50.500000 -0.100000
v 59.326667 51.082343 -0.100000
v 59.551443 51.625000 -0.100000
v 59.909010 52.090990 -0.100000
v 60.375000 52.448557 -0.100000
v 60.917657 52.673333 -0.100000
v 61.500000 52.750000 -0.100000
v 62.082343 52.673333 -0.100000
v 62.625000 52.448557 -0.100000
v 63.090990 52.090990 -0.100000
v 63.448557 51.625000 -0.100000
v 63.673333 51.082343 -0.100000
v 63.750000 50.500000 -0.100000
v 63.673333 49.917657 -0.100000
v 63.448557 49.375000 -0.100000
v 63.090990 48.909010 -0.100000
v 62.625000 48.551443 -0.100000
v 62.082343 48.326667 -0.100000
v 61.500000 48.250000 -0.100000
v 60.917657 48.326667 -0.100000
v 60.375000 48.551443 -0.100000
v 59.909010 48.909010 -0.100000
v 59.551443 49.375000 -0.100000
v 59.326667 49.917657 -0.100000
v 60.150000 50.500000 -0.100000
v 60.196000 50.849406 -0.100000
v 60.330866 51.175000 -0.100000
v 60.545406 51.454594 -0.100000
v 60.825000 51.669134 -0.100000
v 61.150594 51.804000 -0.100000
v 61.500000 51.850000 -0.100000
v 61.849406 51.804000 -0.100000
v 62.175000 51.669134 -0.100000
v 62.454594 51.454594 -0.100000
v 62.669134 51.175000 -0.100000
v 62.804000 50.849406 -0.100000
v 62.850000 50.500000 -0.100000
v 62.804000 50.150594 -0.100000
v 62.669134 49.825000 -0.100000
v 62.454594 49.545406 -0.100000
v 62.175000 49.330866 -0.100000
v 61.849406 49.196000 -0.100000
v 61.500000 49.150000 -0.100000
v 61.150594 49.196000 -0.100000
v 60.825000 49.330866 -0.100000
v 60.545406 49.545406 -0.100000
v 60.330866 49.825000 -0.100000
v 60.196000 50.150594 -0.100000
v 58.700000 3.200000 -0.100000
v 58.776667 3.782343 -0.100000
v 59.001443 4.325000 -0.100000
v 59.359010 4.790990 -0.100000
v 59.825000 5.148557 -0.100000
v 60.367657 5.373333 -0.100000
v 60.950000 5.450000 -0.100000
v 61.532343 5.373333 -0.100000
v 62.075000 5.148557 -0.100000
v 62.540990 4.790990 -0.100000
v 62.898557 4.325000 -0.100000
v 63.123333 3.782343 -0.100000
v 63.200000 3.200000 -0.100000
v 63.123333 2.617657 -0.100000
v 62.898557 2.075000 -0.100000
v 62.540990 1.609010 -0.100000
v 62.075000 1.251443 -0.100000
v 61.532343 1.026667 -0.100000
v 60.950000 0.950000 -0.100000
v 60.367657 1.026667 -0.100000
v 59.825000 1.251443 -0.100000
v 59.359010 1.609010 -0.100000
v 59.001443 2.075000 -0.100000
v 58.776667 2.617657 -0.100000
v 59.600000 3.200000 -0.100000
v 59.646000 3.549406 -0.100000
v 59.780866 3.875000 -0.100000
v 59.995406 4.154594 -0.100000
v 60.275000 4.369134 -0.100000
v 60.600594 4.504000 -0.100000
v 60.950000 4.550000 -0.100000
v 61.299406 4.504000 -0.100000
v 61.625000 4.369134 -0.100000
v 61.904594 4.154594 -0.100000
v 62.119134 3.875000 -0.100000
v 62.254000 3.549406 -0.100000
v 62.300000 3.200000 -0.100000
v 62.254000 2.850594 -0.100000
v 62.119134 2.525000 -0.100000
v 61.904594 2.245406 -0.100000
v 61.625000 2.030866 -0.100000
v 61.299406 1.896000 -0.100000
v 60.950000 1.850000 -0.100000
v 60.600594 1.896000 -0.100000
v 60.275000 2.030866 -0.100000
v 59.995406 2.245406 -0.100000
v 59.780866 2.525000 -0.100000
v 59.646000 2.850594 -0.100000
v 1.250000 50.500000 -0.100000
v 1.326667 51.082343 -0.100000
v 1.551443 51.625000 -0.100000
v 1.909010 52.090990 -0.100000
v 2.375000 52.448557 -0.100000
v 2.917657 52.673333 -0.100000
v 3.500000 52.750000 -0.100000
v 4.082343 52.673333 -0.100000
v 4.625000 52.448557 -0.100000
v 5.090990 52.090990 -0.100000
v 5.448557 51.625000 -0.100000
v 5.673333 51.082343 -0.100000
v 5.750000 50.500000 -0.100000
v 5.673333 49.917657 -0.100000
v 5.448557 49.375000 -0.100000
v 5.090990 48.909010 -0.100000
v 4.625000 48.551443 -0.100000
v 4.082343 48.326667 -0.100000
v 3.500000 48.250000 -0.100000
v 2.917657 48.326667 -0.100000
v 2.375000 48.551443 -0.100000
v 1.909010 48.909010 -0.100000
v 1.551443 49.375000 -0.100000
v 1.326667 49.917657 -0.100000
v 2.150000 50.500000 -0.100000
v 2.196000 50.849406 -0.100000
v 2.330866 51.175000 -0.100000
v 2.545406 51.454594 -0.100000
v 2.825000 51.669134 -0.100000
v 3.150594 51.804000 -0.100000
v 3.500000 51.850000 -0.100000
v 3.849406 51.804000 -0.100000
v 4.175000 51.669134 -0.100000
v 4.454594 51.454594 -0.100000
v 4.669134 51.175000 -0.100000
v 4.804000 50.849406 -0.100000
v 4.850000 50.500000 -0.100000
v 4.804000 50.150594 -0.100000
v 4.669134 49.825000 -0.100000
v 4.454594 49.545406 -0.100000
v 4.175000 49.330866 -0.100000
v 3.849406 49.196000 -0.100000
v 3.500000 49.150000 -0.100000
v 3.150594 49.196000 -0.100000
v 2.825000 49.330866 -0.100000
v 2.545406 49.545406 -0.100000
v 2.330866 49.825000 -0.100000
v 2.196000 50.150594 -0.100000
v 0.950000 3.200000 -0.100000
v 1.026667 3.782343 -0.100000
v 1.251443 4.325000 -0.100000
v 1.609010 4.790990 -0.100000
v 2.075000 5.148557 -0.100000
v 2.617657 5.373333 -0.100000
v 3.200000 5.450000 -0.100000
v 3.782343 5.373333 -0.100000
v 4.325000 5.148557 -0.100000
v 4.790990 4.790990 -0.100000
v 5.148557 4.325000 -0.100000
v 5.373333 3.782343 -0.100000
v 5.450000 3.200000 -0.100000
v 5.373333 2.617657 -0.100000
v 5.148557 2.075000 -0.100000
v 4.790990 1.609010 -0.100000
v 4.325000 1.251443 -0.100000
v 3.782343 1.026667 -0.100000
v 3.200000 0.950000 -0.100000
v 2.617657 1.026667 -0.100000
v 2.075000 1.251443 -0.100000
v 1.609010 1.609010 -0.100000
v 1.251443 2.075000 -0.100000
v 1.026667 2.617657 -0.100000
v 1.850000 3.200000 -0.100000
v 1.896000 3.549406 -0.100000
v 2.030866 3.875000 -0.100000
v 2.245406 4.154594 -0.100000
v 2.525000 4.369134 -0.100000
v 2.850594 4.504000 -0.100000
v 3.200000 4.550000 -0.100000
v 3.549406 4.504000 -0.100000
v 3.875000 4.369134 -0.100000
v 4.154594 4.154594 -0.100000
v 4.369134 3.875000 -0.100000
v 4.504000 3.549406 -0.100000
v 4.550000 3.200000 -0.100000
v 4.504000 2.850594 -0.100000
v 4.369134 2.525000 -0.100000
v 4.154594 2.245406 -0.100000
v 3.875000 2.030866 -0.100000
v 3.549406 1.896000 -0.100000
v 3.200000 1.850000 -0.100000
v 2.850594 1.896000 -0.100000
v 2.525000 2.030866 -0.100000
v 2.245406 2.245406 -0.100000
v 2.030866 2.525000 -0.100000
v 1.896000 2.850594 -0.100000
v 6.750000 -1.200000 0.000000
v 6.750000 -1.200000 3.200000
v 6.750000 5.800000 3.200000
v 15.650000 5.800000 3.200000
v 15.650000 -1.200000 3.200000
v 15.650000 -1.200000 0.000000
vt -0.000000 0.235619 0.000000
vt -0.075000 0.235619 0.000000
vt -0.000000 0.160388 0.000000
vt -0.075000 0.157080 0.000000
vt -0.000000 0.085156 0.000000
vt -0.075000 0.078540 0.000000
vt -0.000000 0.009924 0.000000
vt -0.075000 -0.000000 0.000000
vt -0.000000 -0.051462 0.000000
vt -0.075000 -0.078540 0.000000
vt -0.000000 -0.112848 0.000000
vt -0.075000 -0.157080 0.000000
vt -0.000000 -0.174234 0.000000
vt -0.075000 -0.235619 0.000000
vt -0.000000 -0.235619 0.000000
vt -4.074889 -1.761177 0.000000
vt -4.140000 -1.600000 0.000000
vt -4.080000 -1.800000 0.000000
vt -4.250000 -2.400000 0.000000
vt -4.074889 -1.838823 0.000000
vt -4.124856 -2.267500 0.000000
vt -4.059904 -1.875000 0.000000
vt -4.089099 -2.220901 0.000000
vt -4.036066 -1.906066 0.000000
vt -4.042500 -2.185144 0.000000
vt -4.005000 -1.929904 0.000000
vt -3.988234 -2.162667 0.000000
vt -3.968823 -1.944889 0.000000
vt -3.930000 -2.155000 0.000000
vt -3.930000 -1.950000 0.000000
vt -3.891177 -1.944889 0.000000
vt -3.871766 -2.162667 0.000000
vt -3.855000 -1.929904 0.000000
vt -3.575000 -2.120000 0.000000
vt -3.823934 -1.906066 0.000000
vt -3.505000 -1.900000 0.000000
vt -3.800096 -1.875000 0.000000
vt -3.785111 -1.838823 0.000000
vt -3.780000 -1.800000 0.000000
vt -3.505000 -1.700000 0.000000
vt -3.785111 -1.761177 0.000000
vt -3.800096 -1.725000 0.000000
vt -3.823934 -1.693934 0.000000
vt -3.460000 -1.520000 0.000000
vt -3.855000 -1.670096 0.000000
vt -3.620000 -1.420000 0.000000
vt -3.820000 -1.420000 0.000000
vt -4.059904 -1.725000 0.000000
vt -4.036066 -1.693934 0.000000
vt -4.005000 -1.670096 0.000000
vt -4.040000 -1.600000 0.000000
vt -3.968823 -1.655111 0.000000
vt -3.930000 -1.650000 0.000000
vt -3.891177 -1.655111 0.000000
vt 1.755111 1.788823 0.000000
vt 1.552500 2.100000 0.000000
vt 1.750000 1.750000 0.000000
vt 1.160000 1.250000 0.000000
vt 1.755111 1.711177 0.000000
vt 1.770096 1.675000 0.000000
vt 1.793934 1.643934 0.000000
vt 1.825000 1.620096 0.000000
vt 1.861177 1.605111 0.000000
vt 2.270000 1.250000 0.000000
vt 1.900000 1.600000 0.000000
vt 1.938823 1.605111 0.000000
vt 1.975000 1.620096 0.000000
vt 2.006066 1.643934 0.000000
vt 2.029904 1.675000 0.000000
vt 2.400000 1.850000 0.000000
vt 2.044889 1.711177 0.000000
vt 2.050000 1.750000 0.000000
vt 2.044889 1.788823 0.000000
vt 2.029904 1.825000 0.000000
vt 2.350000 1.950000 0.000000
vt 2.006066 1.856066 0.000000
vt 1.975000 1.879904 0.000000
vt 1.958234 2.132667 0.000000
vt 1.938823 1.894889 0.000000
vt 1.900000 2.125000 0.000000
vt 1.900000 1.900000 0.000000
vt 1.861177 1.894889 0.000000
vt 1.841766 2.132667 0.000000
vt 1.787500 2.155144 0.000000
vt 1.740901 2.190901 0.000000
vt 1.770096 1.825000 0.000000
vt 1.793934 1.856066 0.000000
vt 1.825000 1.879904 0.000000
vt -4.147333 -2.438234 0.000000
vt -4.155000 -2.380000 0.000000
vt -4.147333 -2.321766 0.000000
vt -3.817500 -2.185144 0.000000
vt -3.770901 -2.220901 0.000000
vt -3.735144 -2.267500 0.000000
vt -3.712667 -2.321766 0.000000
vt -3.705000 -2.380000 0.000000
vt -3.575000 -2.700000 0.000000
vt -3.712667 -2.438234 0.000000
vt -3.735144 -2.492500 0.000000
vt -3.770901 -2.539099 0.000000
vt -3.817500 -2.574856 0.000000
vt -3.871766 -2.597333 0.000000
vt -3.950000 -2.700000 0.000000
vt -3.930000 -2.605000 0.000000
vt -4.027646 -2.689778 0.000000
vt -3.988234 -2.597333 0.000000
vt -4.100000 -2.659808 0.000000
vt -4.042500 -2.574856 0.000000
vt -4.162132 -2.612132 0.000000
vt -4.089099 -2.539099 0.000000
vt -4.209808 -2.550000 0.000000
vt -4.124856 -2.492500 0.000000
vt -4.239778 -2.477646 0.000000
vt -4.117333 2.291766 0.000000
vt -4.125000 2.350000 0.000000
vt -4.250000 2.400000 0.000000
vt -4.117333 2.408234 0.000000
vt -4.239778 2.477646 0.000000
vt -4.094856 2.462500 0.000000
vt -4.209808 2.550000 0.000000
vt -4.059099 2.509099 0.000000
vt -4.162132 2.612132 0.000000
vt -4.012500 2.544856 0.000000
vt -4.100000 2.659808 0.000000
vt -3.958234 2.567333 0.000000
vt -4.027646 2.689778 0.000000
vt -3.950000 2.700000 0.000000
vt -3.900000 2.575000 0.000000
vt -3.841766 2.567333 0.000000
vt -3.552500 2.600000 0.000000
vt -3.787500 2.544856 0.000000
vt -3.740901 2.509099 0.000000
vt -3.705144 2.462500 0.000000
vt -3.682667 2.408234 0.000000
vt -3.675000 2.350000 0.000000
vt -3.552500 2.100000 0.000000
vt -3.682667 2.291766 0.000000
vt -3.705144 2.237500 0.000000
vt -3.740901 2.190901 0.000000
vt -3.787500 2.155144 0.000000
vt -3.550000 2.010000 0.000000
vt -3.841766 2.132667 0.000000
vt -3.900000 2.125000 0.000000
vt -3.958234 2.132667 0.000000
vt -4.145000 0.900000 0.000000
vt -3.865000 0.900000 0.000000
vt -4.012500 2.155144 0.000000
vt -4.059099 2.190901 0.000000
vt -4.094856 2.237500 0.000000
vt 1.627667 -2.438234 0.000000
vt 1.620000 -2.380000 0.000000
vt 1.335000 -2.690000 0.000000
vt 1.627667 -2.321766 0.000000
vt 1.595000 -2.030000 0.000000
vt 1.650144 -2.267500 0.000000
vt 1.685901 -2.220901 0.000000
vt 1.732500 -2.185144 0.000000
vt 1.786766 -2.162667 0.000000
vt 1.845000 -2.155000 0.000000
vt 2.095000 -2.030000 0.000000
vt 1.903234 -2.162667 0.000000
vt 1.957500 -2.185144 0.000000
vt 2.004099 -2.220901 0.000000
vt 2.039856 -2.267500 0.000000
vt 2.430000 -2.460000 0.000000
vt 2.062333 -2.321766 0.000000
vt 2.070000 -2.380000 0.000000
vt 2.062333 -2.438234 0.000000
vt 2.039856 -2.492500 0.000000
vt 2.004099 -2.539099 0.000000
vt 1.957500 -2.574856 0.000000
vt 1.903234 -2.597333 0.000000
vt 3.950000 -2.700000 0.000000
vt 1.845000 -2.605000 0.000000
vt 1.786766 -2.597333 0.000000
vt 1.732500 -2.574856 0.000000
vt 1.685901 -2.539099 0.000000
vt 1.650144 -2.492500 0.000000
vt 1.682667 2.408234 0.000000
vt 1.552500 2.600000 0.000000
vt 1.675000 2.350000 0.000000
vt 1.682667 2.291766 0.000000
vt 1.705144 2.237500 0.000000
vt 1.705144 2.462500 0.000000
vt 1.740901 2.509099 0.000000
vt 1.787500 2.544856 0.000000
vt 1.841766 2.567333 0.000000
vt 1.900000 2.575000 0.000000
vt 2.350000 2.600000 0.000000
vt 1.958234 2.567333 0.000000
vt 2.012500 2.544856 0.000000
vt 2.059099 2.509099 0.000000
vt 2.094856 2.462500 0.000000
vt 2.117333 2.408234 0.000000
vt 2.125000 2.350000 0.000000
vt 2.117333 2.291766 0.000000
vt 2.094856 2.237500 0.000000
vt 2.059099 2.190901 0.000000
vt 2.012500 2.155144 0.000000
vt -4.040000 -1.200000 0.000000
vt -3.820000 -1.310000 0.000000
vt -3.820000 -1.110000 0.000000
vt -3.620000 -1.310000 0.000000
vt -3.620000 -1.110000 0.000000
vt -3.460000 -0.920000 0.000000
vt -3.620000 -1.000000 0.000000
vt -3.710000 -0.690000 0.000000
vt -3.820000 -1.000000 0.000000
vt -4.010000 -0.710000 0.000000
vt -4.010000 -1.100000 0.000000
vt -2.500000 -1.310000 0.000000
vt -2.700000 -1.110000 0.000000
vt -2.700000 -1.310000 0.000000
vt -2.860000 -0.920000 0.000000
vt -2.860000 -1.520000 0.000000
vt -2.500000 -1.420000 0.000000
vt -1.865000 -1.300000 0.000000
vt -2.500000 -1.110000 0.000000
vt -2.700000 -1.420000 0.000000
vt -2.805000 -1.700000 0.000000
vt -2.135000 -2.120000 0.000000
vt -1.245000 -2.200000 0.000000
vt -0.135000 -1.720000 0.000000
vt -0.735000 -2.200000 0.000000
vt 0.065000 -1.720000 0.000000
vt 0.435000 -2.690000 0.000000
vt 0.435000 -1.040000 0.000000
vt -2.860000 -0.690000 0.000000
vt -2.810000 -0.690000 0.000000
vt -2.860000 -0.440000 0.000000
vt -2.810000 -0.440000 0.000000
vt -2.550000 0.710000 0.000000
vt -2.610000 -0.440000 0.000000
vt -1.865000 0.380000 0.000000
vt -2.610000 -0.690000 0.000000
vt -2.500000 -1.000000 0.000000
vt -2.700000 -1.000000 0.000000
vt -3.060000 -0.690000 0.000000
vt -3.260000 -0.690000 0.000000
vt -3.205000 -0.660000 0.000000
vt -3.205000 -0.470000 0.000000
vt -3.060000 -0.440000 0.000000
vt -3.115000 -0.470000 0.000000
vt -3.115000 -0.660000 0.000000
vt -3.550000 0.710000 0.000000
vt -3.260000 -0.440000 0.000000
vt -3.460000 -0.440000 0.000000
vt -3.510000 -0.440000 0.000000
vt -3.460000 -0.690000 0.000000
vt -3.510000 -0.690000 0.000000
vt -3.395000 -1.700000 0.000000
vt -3.165000 -1.700000 0.000000
vt -3.055000 -1.700000 0.000000
vt -2.915000 -1.700000 0.000000
vt -2.915000 -1.900000 0.000000
vt -3.055000 -1.900000 0.000000
vt -2.685000 -2.120000 0.000000
vt -3.165000 -1.900000 0.000000
vt -3.395000 -1.900000 0.000000
vt -2.805000 -1.900000 0.000000
vt -2.585000 -2.120000 0.000000
vt -2.585000 -2.410000 0.000000
vt -2.685000 -2.700000 0.000000
vt -2.135000 -2.410000 0.000000
vt -1.245000 -2.500000 0.000000
vt -3.865000 -0.420000 0.000000
vt -3.710000 -0.440000 0.000000
vt -4.140000 -1.333333 0.000000
vt -4.140000 -1.200000 0.000000
vt -4.157255 -1.335605 0.000000
vt -4.173333 -1.342265 0.000000
vt -4.187140 -1.352860 0.000000
vt -4.220000 -1.100000 0.000000
vt -4.197735 -1.366667 0.000000
vt -4.204395 -1.382745 0.000000
vt -4.206667 -1.400000 0.000000
vt -4.204395 -1.417255 0.000000
vt -4.197735 -1.433333 0.000000
vt -4.187140 -1.447140 0.000000
vt -4.173333 -1.457735 0.000000
vt -4.157255 -1.464395 0.000000
vt -4.140000 -1.466667 0.000000
vt 2.400000 1.160000 0.000000
vt 2.900000 0.815000 0.000000
vt 2.800000 1.160000 0.000000
vt 4.250000 0.815000 0.000000
vt 4.250000 1.395000 0.000000
vt 2.270000 0.140000 0.000000
vt 2.900000 -0.395000 0.000000
vt 2.284020 -0.010000 0.000000
vt 2.680000 -0.405980 0.000000
vt 2.640000 1.950000 0.000000
vt 2.800000 1.850000 0.000000
vt 2.900000 2.605000 0.000000
vt 2.900000 1.395000 0.000000
vt 3.950000 2.700000 0.000000
vt 2.640000 2.600000 0.000000
vt 2.095000 -1.530000 0.000000
vt 2.430000 -0.900000 0.000000
vt 1.335000 -1.040000 0.000000
vt 2.284020 -0.801960 0.000000
vt 1.888040 -0.405980 0.000000
vt 1.595000 -1.530000 0.000000
vt -2.550000 2.010000 0.000000
vt -0.330000 1.520000 0.000000
vt -0.330000 0.540000 0.000000
vt -0.195000 0.380000 0.000000
vt -1.730000 0.540000 0.000000
vt 0.735000 -1.040000 0.000000
vt 1.160000 0.140000 0.000000
vt -0.195000 -1.300000 0.000000
vt 0.735000 -2.690000 0.000000
vt 1.035000 -2.690000 0.000000
vt 1.035000 -1.040000 0.000000
vt -4.145000 -0.420000 0.000000
vt -4.220000 -0.710000 0.000000
vt -0.735000 -2.500000 0.000000
vt -0.135000 -1.440000 0.000000
vt 0.065000 -1.440000 0.000000
vt -1.730000 1.520000 0.000000
vt 4.169032 2.605000 0.000000
vt 4.122808 2.645229 0.000000
vt 4.069373 2.675227 0.000000
vt 4.010958 2.693742 0.000000
vt 4.017879 -2.692220 0.000000
vt 4.082237 -2.669283 0.000000
vt 4.139737 -2.632379 0.000000
vt 4.187395 -2.583422 0.000000
vt 4.222740 -2.524952 0.000000
vt 4.243939 -2.460000 0.000000
vt 4.250000 -0.900000 0.000000
vt 4.250000 -0.395000 0.000000
vt 8.200000 0.075000 0.000000
vt 0.300000 0.075000 0.000000
vt 8.200000 0.000000 0.000000
vt 0.300000 0.000000 0.000000
vt 4.060400 -2.345059 0.000000
vt 4.065000 -2.380000 0.000000
vt 4.250000 -2.400000 0.000000
vt 4.060400 -2.414941 0.000000
vt 4.239778 -2.477646 0.000000
vt 4.046913 -2.447500 0.000000
vt 4.025459 -2.475459 0.000000
vt 4.209808 -2.550000 0.000000
vt 3.997500 -2.496913 0.000000
vt 4.162132 -2.612132 0.000000
vt 3.964941 -2.510400 0.000000
vt 4.100000 -2.659808 0.000000
vt 4.027646 -2.689778 0.000000
vt 3.930000 -2.515000 0.000000
vt 3.950000 -2.700000 0.000000
vt 3.895059 -2.510400 0.000000
vt 3.862500 -2.496913 0.000000
vt 3.834541 -2.475459 0.000000
vt 3.813087 -2.447500 0.000000
vt -1.728087 -2.447500 0.000000
vt -1.714600 -2.414941 0.000000
vt 3.799600 -2.414941 0.000000
vt -1.710000 -2.380000 0.000000
vt 3.795000 -2.380000 0.000000
vt -1.714600 -2.345059 0.000000
vt 3.799600 -2.345059 0.000000
vt 3.785111 -1.838823 0.000000
vt 3.800096 -1.875000 0.000000
vt 3.813087 -2.312500 0.000000
vt 3.823934 -1.906066 0.000000
vt 3.834541 -2.284541 0.000000
vt 3.855000 -1.929904 0.000000
vt 3.862500 -2.263087 0.000000
vt 3.891177 -1.944889 0.000000
vt 3.895059 -2.249600 0.000000
vt 3.930000 -1.950000 0.000000
vt 3.930000 -2.245000 0.000000
vt 3.964941 -2.249600 0.000000
vt 3.968823 -1.944889 0.000000
vt 3.997500 -2.263087 0.000000
vt 4.005000 -1.929904 0.000000
vt 4.025459 -2.284541 0.000000
vt 4.036066 -1.906066 0.000000
vt 4.059904 -1.875000 0.000000
vt 4.074889 -1.838823 0.000000
vt 4.080000 -1.800000 0.000000
vt 4.074889 -1.761177 0.000000
vt 4.250000 2.400000 0.000000
vt 4.059904 -1.725000 0.000000
vt 4.036066 -1.693934 0.000000
vt 4.005000 -1.670096 0.000000
vt 3.967500 2.233087 0.000000
vt 3.968823 -1.655111 0.000000
vt 3.934941 2.219600 0.000000
vt 3.930000 -1.650000 0.000000
vt 3.900000 2.215000 0.000000
vt 3.891177 -1.655111 0.000000
vt 3.865059 2.219600 0.000000
vt 3.855000 -1.670096 0.000000
vt 3.832500 2.233087 0.000000
vt -1.793934 1.643934 0.000000
vt -1.770096 1.675000 0.000000
vt 3.804541 2.254541 0.000000
vt -1.755111 1.711177 0.000000
vt 3.783087 2.282500 0.000000
vt -1.750000 1.750000 0.000000
vt 3.769600 2.315059 0.000000
vt -1.755111 1.788823 0.000000
vt -1.769600 2.315059 0.000000
vt -1.770096 1.825000 0.000000
vt -1.783087 2.282500 0.000000
vt -1.793934 1.856066 0.000000
vt -1.804541 2.254541 0.000000
vt -1.825000 1.879904 0.000000
vt -1.832500 2.233087 0.000000
vt -1.861177 1.894889 0.000000
vt -1.865059 2.219600 0.000000
vt -1.900000 1.900000 0.000000
vt -1.900000 2.215000 0.000000
vt -1.934941 2.219600 0.000000
vt 4.046913 -2.312500 0.000000
vt -1.825000 1.620096 0.000000
vt 3.823934 -1.693934 0.000000
vt -1.777500 -2.263087 0.000000
vt 3.800096 -1.725000 0.000000
vt -1.749541 -2.284541 0.000000
vt 3.785111 -1.761177 0.000000
vt -1.728087 -2.312500 0.000000
vt 3.780000 -1.800000 0.000000
vt -1.810059 -2.249600 0.000000
vt -1.861177 1.605111 0.000000
vt -1.845000 -2.245000 0.000000
vt -1.900000 1.600000 0.000000
vt -1.879941 -2.249600 0.000000
vt -1.938823 1.605111 0.000000
vt -4.250000 -2.400000 0.000000
vt -1.975000 1.620096 0.000000
vt -4.250000 2.400000 0.000000
vt -2.006066 1.643934 0.000000
vt -2.029904 1.675000 0.000000
vt -2.044889 1.711177 0.000000
vt -2.050000 1.750000 0.000000
vt -2.044889 1.788823 0.000000
vt -2.029904 1.825000 0.000000
vt -2.016913 2.282500 0.000000
vt -2.030400 2.315059 0.000000
vt -2.006066 1.856066 0.000000
vt -1.995459 2.254541 0.000000
vt -1.975000 1.879904 0.000000
vt -1.967500 2.233087 0.000000
vt -1.938823 1.894889 0.000000
vt -1.765000 2.350000 0.000000
vt 3.765000 2.350000 0.000000
vt -1.769600 2.384941 0.000000
vt 3.769600 2.384941 0.000000
vt -1.783087 2.417500 0.000000
vt 3.783087 2.417500 0.000000
vt 3.950000 2.700000 0.000000
vt 3.804541 2.445459 0.000000
vt 3.832500 2.466913 0.000000
vt -3.950000 2.700000 0.000000
vt -2.035000 2.350000 0.000000
vt -2.030400 2.384941 0.000000
vt -2.016913 2.417500 0.000000
vt -1.995459 2.445459 0.000000
vt -1.967500 2.466913 0.000000
vt -1.934941 2.480400 0.000000
vt -1.900000 2.485000 0.000000
vt -1.865059 2.480400 0.000000
vt -1.832500 2.466913 0.000000
vt -1.804541 2.445459 0.000000
vt -1.749541 -2.475459 0.000000
vt -1.777500 -2.496913 0.000000
vt -1.810059 -2.510400 0.000000
vt -1.845000 -2.515000 0.000000
vt -3.950000 -2.700000 0.000000
vt -1.879941 -2.510400 0.000000
vt -1.912500 -2.496913 0.000000
vt -1.940459 -2.475459 0.000000
vt -1.961913 -2.447500 0.000000
vt -1.975400 -2.414941 0.000000
vt -1.980000 -2.380000 0.000000
vt -1.975400 -2.345059 0.000000
vt -1.961913 -2.312500 0.000000
vt -1.940459 -2.284541 0.000000
vt -1.912500 -2.263087 0.000000
vt 4.030400 2.384941 0.000000
vt 4.035000 2.350000 0.000000
vt 4.030400 2.315059 0.000000
vt 4.016913 2.282500 0.000000
vt 3.995459 2.254541 0.000000
vt 3.865059 2.480400 0.000000
vt 3.900000 2.485000 0.000000
vt 3.934941 2.480400 0.000000
vt 3.967500 2.466913 0.000000
vt 4.162132 2.612132 0.000000
vt 4.100000 2.659808 0.000000
vt 4.027646 2.689778 0.000000
vt 4.209808 2.550000 0.000000
vt 3.995459 2.445459 0.000000
vt 4.239778 2.477646 0.000000
vt 4.016913 2.417500 0.000000
vt -4.027646 2.689778 0.000000
vt -4.100000 2.659808 0.000000
vt -4.162132 2.612132 0.000000
vt -4.209808 2.550000 0.000000
vt -4.239778 2.477646 0.000000
vt -4.239778 -2.477646 0.000000
vt -4.209808 -2.550000 0.000000
vt -4.162132 -2.612132 0.000000
vt -4.100000 -2.659808 0.000000
vt -4.027646 -2.689778 0.000000
vt -0.000000 0.235619 0.000000
vt -0.075000 0.235619 0.000000
vt -0.000000 0.157080 0.000000
vt -0.075000 0.157080 0.000000
vt -0.000000 0.078540 0.000000
vt -0.075000 0.078540 0.000000
vt -0.000000 0.000000 0.000000
vt -0.075000 0.000000 0.000000
vt -0.000000 -0.078540 0.000000
vt -0.075000 -0.078540 0.000000
vt -0.000000 -0.157080 0.000000
vt -0.075000 -0.157080 0.000000
vt -0.000000 -0.235619 0.000000
vt -0.075000 -0.235619 0.000000
vt 5.100000 0.075000 0.000000
vt 0.300000 0.075000 0.000000
vt 5.100000 0.000000 0.000000
vt 0.300000 0.000000 0.000000
vt 0.000000 0.235619 0.000000
vt -0.075000 0.235619 0.000000
vt -0.000000 0.157080 0.000000
vt -0.075000 0.157080 0.000000
vt 0.000000 0.078540 0.000000
vt -0.075000 0.078540 0.000000
vt 0.000000 0.000000 0.000000
vt -0.075000 0.000000 0.000000
vt 0.000000 -0.078540 0.000000
vt -0.075000 -0.078540 0.000000
vt 0.000000 -0.157080 0.000000
vt -0.075000 -0.157080 0.000000
vt -0.000000 -0.235619 0.000000
vt -0.075000 -0.235619 0.000000
vt 8.200000 0.000000 0.000000
vt 8.200000 0.075000 0.000000
vt 7.825000 0.000000 0.000000
vt 6.935000 0.000000 0.000000
vt 0.300000 0.075000 0.000000
vt 0.300000 0.000000 0.000000
vt -0.000000 0.235619 0.000000
vt -0.075000 0.235619 0.000000
vt -0.000000 0.167148 0.000000
vt -0.075000 0.157080 0.000000
vt -0.000000 0.098676 0.000000
vt -0.075000 0.078540 0.000000
vt -0.000000 0.030204 0.000000
vt -0.075000 0.000000 0.000000
vt -0.000000 -0.038268 0.000000
vt -0.075000 -0.078540 0.000000
vt -0.000000 -0.106740 0.000000
vt -0.075000 -0.157080 0.000000
vt -0.000000 -0.175212 0.000000
vt -0.000000 -0.195348 0.000000
vt -0.075000 -0.235619 0.000000
vt -0.000000 -0.215484 0.000000
vt -0.000000 -0.235619 0.000000
vt 0.300000 0.000000 0.000000
vt 1.305000 0.000000 0.000000
vt 0.300000 0.075000 0.000000
vt 1.885000 0.000000 0.000000
vt 3.095000 0.000000 0.000000
vt 5.100000 0.075000 0.000000
vt 3.600000 0.000000 0.000000
vt 5.100000 0.000000 0.000000
vt -0.075000 0.287979 0.000000
vt -0.000000 0.287979 0.000000
vt -0.075000 0.314159 0.000000
vt -0.000000 0.314159 0.000000
vt -0.075000 -0.314159 0.000000
vt -0.000000 -0.314159 0.000000
vt -0.075000 -0.287979 0.000000
vt -0.000000 -0.287979 0.000000
vt -0.075000 -0.261799 0.000000
vt -0.000000 -0.261799 0.000000
vt -0.075000 -0.235619 0.000000
vt -0.000000 -0.235619 0.000000
vt -0.075000 -0.209440 0.000000
vt -0.000000 -0.209440 0.000000
vt -0.075000 -0.183260 0.000000
vt -0.000000 -0.183260 0.000000
vt -0.075000 -0.157080 0.000000
vt -0.000000 -0.157080 0.000000
vt -0.075000 -0.130900 0.000000
vt 0.000000 -0.130900 0.000000
vt -0.075000 -0.104720 0.000000
vt 0.000000 -0.104720 0.000000
vt -0.075000 -0.078540 0.000000
vt 0.000000 -0.078540 0.000000
vt -0.075000 -0.052360 0.000000
vt -0.000000 -0.052360 0.000000
vt -0.075000 -0.026180 0.000000
vt 0.000000 -0.026180 0.000000
vt -0.075000 0.000000 0.000000
vt -0.000000 0.000000 0.000000
vt -0.075000 0.026180 0.000000
vt -0.000000 0.026180 0.000000
vt -0.075000 0.052360 0.000000
vt -0.000000 0.052360 0.000000
vt -0.075000 0.078540 0.000000
vt -0.000000 0.078540 0.000000
vt -0.075000 0.104720 0.000000
vt -0.000000 0.104720 0.000000
vt -0.075000 0.130900 0.000000
vt -0.000000 0.130900 0.000000
vt -0.075000 0.157080 0.000000
vt -0.000000 0.157080 0.000000
vt -0.075000 0.183260 0.000000
vt -0.000000 0.183260 0.000000
vt -0.075000 0.209440 0.000000
vt -0.000000 0.209440 0.000000
vt -0.075000 0.235619 0.000000
vt -0.000000 0.235619 0.000000
vt -0.075000 0.261799 0.000000
vt -0.000000 0.261799 0.000000
vt -0.096593 -0.025882 0.000000
vt 0.096593 -0.025882 0.000000
vt -0.100000 0.000000 0.000000
vt 0.100000 0.000000 0.000000
vt -0.096593 0.025882 0.000000
vt 0.096593 0.025882 0.000000
vt -0.086603 0.050000 0.000000
vt 0.086603 0.050000 0.000000
vt -0.070711 0.070711 0.000000
vt 0.070711 0.070711 0.000000
vt -0.050000 0.086603 0.000000
vt 0.050000 0.086603 0.000000
vt -0.025882 0.096593 0.000000
vt 0.025882 0.096593 0.000000
vt 0.000000 0.100000 0.000000
vt 0.086603 -0.050000 0.000000
vt -0.086603 -0.050000 0.000000
vt 0.070711 -0.070711 0.000000
vt -0.070711 -0.070711 0.000000
vt 0.050000 -0.086603 0.000000
vt -0.050000 -0.086603 0.000000
vt 0.025882 -0.096593 0.000000
vt -0.025882 -0.096593 0.000000
vt 0.000000 -0.100000 0.000000
vt 0.098407 0.225882 0.000000
vt 0.000000 0.400000 0.000000
vt 0.095000 0.200000 0.000000
vt 0.000000 0.000000 0.000000
vt 0.098407 0.174118 0.000000
vt 0.108397 0.150000 0.000000
vt 0.124289 0.129289 0.000000
vt 0.145000 0.113397 0.000000
vt 0.169118 0.103407 0.000000
vt 0.195000 0.100000 0.000000
vt 0.390000 0.000000 0.000000
vt 0.220882 0.103407 0.000000
vt 0.245000 0.113397 0.000000
vt 0.265711 0.129289 0.000000
vt 0.281603 0.150000 0.000000
vt 0.291593 0.174118 0.000000
vt 0.295000 0.200000 0.000000
vt 0.390000 0.400000 0.000000
vt 0.291593 0.225882 0.000000
vt 0.281603 0.250000 0.000000
vt 0.265711 0.270711 0.000000
vt 0.245000 0.286603 0.000000
vt 0.220882 0.296593 0.000000
vt 0.195000 0.300000 0.000000
vt 0.169118 0.296593 0.000000
vt 0.145000 0.286603 0.000000
vt 0.124289 0.270711 0.000000
vt 0.108397 0.250000 0.000000
vt 0.000000 0.000000 0.000000
vt 0.210000 0.000000 0.000000
vt 0.000000 0.400000 0.000000
vt 0.210000 0.400000 0.000000
vt 0.000000 0.000000 0.000000
vt 0.390000 0.000000 0.000000
vt 0.000000 0.400000 0.000000
vt 0.390000 0.400000 0.000000
vt 0.000000 0.000000 0.000000
vt 0.210000 0.000000 0.000000
vt 0.000000 0.400000 0.000000
vt 0.210000 0.400000 0.000000
vt -0.105000 -0.195000 0.000000
vt 0.105000 -0.195000 0.000000
vt -0.105000 0.195000 0.000000
vt 0.105000 0.195000 0.000000
vt 0.000000 0.000000 0.000000
vt 0.600000 0.000000 0.000000
vt 0.000000 0.135000 0.000000
vt 0.600000 0.135000 0.000000
vt 0.000000 0.000000 0.000000
vt 0.600000 0.000000 0.000000
vt 0.000000 0.135000 0.000000
vt 0.600000 0.135000 0.000000
vt 0.000000 0.000000 0.000000
vt 0.600000 0.000000 0.000000
vt 0.000000 0.135000 0.000000
vt 0.600000 0.135000 0.000000
vt 0.000000 0.000000 0.000000
vt 0.600000 0.000000 0.000000
vt 0.000000 0.135000 0.000000
vt 0.600000 0.135000 0.000000
vt 0.300000 0.300000 0.000000
vt -0.300000 0.300000 0.000000
vt 0.300000 -0.300000 0.000000
vt -0.300000 -0.300000 0.000000
vt 0.000000 0.000000 0.000000
vt 1.400000 0.000000 0.000000
vt 0.000000 0.135000 0.000000
vt 1.400000 0.135000 0.000000
vt 0.000000 0.000000 0.000000
vt 0.980000 0.000000 0.000000
vt 0.000000 0.135000 0.000000
vt 0.980000 0.135000 0.000000
vt 0.000000 0.000000 0.000000
vt 1.400000 0.000000 0.000000
vt 0.000000 0.135000 0.000000
vt 1.400000 0.135000 0.000000
vt 0.000000 0.000000 0.000000
vt 0.980000 0.000000 0.000000
vt 0.000000 0.135000 0.000000
vt 0.980000 0.135000 0.000000
vt 0.700000 0.490000 0.000000
vt -0.700000 0.490000 0.000000
vt 0.700000 -0.490000 0.000000
vt -0.700000 -0.490000 0.000000
vt 0.000000 0.000000 0.000000
vt 1.670000 0.000000 0.000000
vt 0.000000 0.135000 0.000000
vt 1.670000 0.135000 0.000000
vt 0.000000 0.000000 0.000000
vt 1.680000 0.000000 0.000000
vt 0.000000 0.135000 0.000000
vt 1.680000 0.135000 0.000000
vt 0.000000 0.000000 0.000000
vt 1.670000 0.000000 0.000000
vt 0.000000 0.135000 0.000000
vt 1.670000 0.135000 0.000000
vt 0.000000 0.000000 0.000000
vt 1.680000 0.000000 0.000000
vt 0.000000 0.135000 0.000000
vt 1.680000 0.135000 0.000000
vt 0.835000 0.840000 0.000000
vt -0.835000 0.840000 0.000000
vt 0.835000 -0.840000 0.000000
vt -0.835000 -0.840000 0.000000
vt 0.000000 0.000000 0.000000
vt 0.560000 0.000000 0.000000
vt 0.000000 0.135000 0.000000
vt 0.560000 0.135000 0.000000
vt 0.000000 0.000000 0.000000
vt 0.560000 0.000000 0.000000
vt 0.000000 0.135000 0.000000
vt 0.560000 0.135000 0.000000
vt 0.000000 0.000000 0.000000
vt 0.560000 0.000000 0.000000
vt 0.000000 0.135000 0.000000
vt 0.560000 0.135000 0.000000
vt 0.000000 0.000000 0.000000
vt 0.560000 0.000000 0.000000
vt 0.000000 0.135000 0.000000
vt 0.560000 0.135000 0.000000
vt -0.000000 0.395980 0.000000
vt -0.395980 0.000000 0.000000
vt 0.395980 -0.000000 0.000000
vt -0.000000 -0.395980 0.000000
vt 0.000000 0.000000 0.000000
vt 1.000000 0.000000 0.000000
vt 0.000000 0.135000 0.000000
vt 1.000000 0.135000 0.000000
vt 0.000000 0.000000 0.000000
vt 1.300000 0.000000 0.000000
vt 0.000000 0.135000 0.000000
vt 1.300000 0.135000 0.000000
vt 0.000000 0.000000 0.000000
vt 1.000000 0.000000 0.000000
vt 0.000000 0.135000 0.000000
vt 1.000000 0.135000 0.000000
vt 0.000000 0.000000 0.000000
vt 1.300000 0.000000 0.000000
vt 0.000000 0.135000 0.000000
vt 1.300000 0.135000 0.000000
vt 0.500000 0.650000 0.000000
vt -0.500000 0.650000 0.000000
vt 0.500000 -0.650000 0.000000
vt -0.500000 -0.650000 0.000000
vt -0.000000 0.000000 0.000000
vt 0.280000 0.000000 0.000000
vt -0.000000 0.135000 0.000000
vt 0.280000 0.135000 0.000000
vt -0.000000 0.000000 0.000000
vt 0.200000 0.000000 0.000000
vt -0.000000 0.135000 0.000000
vt 0.200000 0.135000 0.000000
vt 0.000000 0.000000 0.000000
vt 0.280000 0.000000 0.000000
vt 0.000000 0.135000 0.000000
vt 0.280000 0.135000 0.000000
vt 0.000000 0.000000 0.000000
vt 0.200000 0.000000 0.000000
vt 0.000000 0.135000 0.000000
vt 0.200000 0.135000 0.000000
vt -0.100000 -0.140000 0.000000
vt 0.100000 -0.140000 0.000000
vt -0.100000 0.140000 0.000000
vt 0.100000 0.140000 0.000000
vt 0.000000 0.000000 0.000000
vt 1.110000 0.000000 0.000000
vt 0.000000 0.135000 0.000000
vt 1.110000 0.135000 0.000000
vt 0.000000 0.000000 0.000000
vt 1.110000 0.000000 0.000000
vt 0.000000 0.135000 0.000000
vt 1.110000 0.135000 0.000000
vt 0.000000 0.000000 0.000000
vt 1.110000 0.000000 0.000000
vt 0.000000 0.135000 0.000000
vt 1.110000 0.135000 0.000000
vt 0.000000 0.000000 0.000000
vt 1.110000 0.000000 0.000000
vt 0.000000 0.135000 0.000000
vt 1.110000 0.135000 0.000000
vt 0.555000 0.555000 0.000000
vt -0.555000 0.555000 0.000000
vt 0.555000 -0.555000 0.000000
vt -0.555000 -0.555000 0.000000
vt 0.000000 0.000000 0.000000
vt 0.450000 0.000000 0.000000
vt 0.000000 0.440000 0.000000
vt 0.450000 0.440000 0.000000
vt 0.000000 0.000000 0.000000
vt 0.290000 0.000000 0.000000
vt 0.000000 0.440000 0.000000
vt 0.290000 0.440000 0.000000
vt 0.000000 0.000000 0.000000
vt 0.450000 0.000000 0.000000
vt 0.000000 0.440000 0.000000
vt 0.450000 0.440000 0.000000
vt 0.000000 0.000000 0.000000
vt 0.290000 0.000000 0.000000
vt 0.000000 0.440000 0.000000
vt 0.290000 0.440000 0.000000
vt 0.225000 0.145000 0.000000
vt -0.225000 0.145000 0.000000
vt 0.225000 -0.145000 0.000000
vt -0.225000 -0.145000 0.000000
vt 0.000000 0.000000 0.000000
vt 0.510000 0.000000 0.000000
vt 0.000000 0.440000 0.000000
vt 0.510000 0.440000 0.000000
vt 0.000000 0.000000 0.000000
vt 0.300000 0.000000 0.000000
vt 0.000000 0.440000 0.000000
vt 0.300000 0.440000 0.000000
vt 0.000000 0.000000 0.000000
vt 0.510000 0.000000 0.000000
vt 0.000000 0.440000 0.000000
vt 0.510000 0.440000 0.000000
vt 0.000000 0.000000 0.000000
vt 0.300000 0.000000 0.000000
vt 0.000000 0.440000 0.000000
vt 0.300000 0.440000 0.000000
vt 0.255000 0.150000 0.000000
vt -0.255000 0.150000 0.000000
vt 0.255000 -0.150000 0.000000
vt -0.255000 -0.150000 0.000000
vt 0.000000 0.000000 0.000000
vt 0.280000 0.000000 0.000000
vt 0.000000 0.410000 0.000000
vt 0.280000 0.410000 0.000000
vt 0.000000 0.000000 0.000000
vt 1.320000 0.000000 0.000000
vt 0.000000 0.410000 0.000000
vt 1.320000 0.410000 0.000000
vt 0.000000 0.000000 0.000000
vt 0.280000 0.000000 0.000000
vt 0.000000 0.410000 0.000000
vt 0.280000 0.410000 0.000000
vt 0.000000 0.000000 0.000000
vt 1.320000 0.000000 0.000000
vt 0.000000 0.410000 0.000000
vt 1.320000 0.410000 0.000000
vt 0.140000 0.660000 0.000000
vt -0.140000 0.660000 0.000000
vt 0.140000 -0.660000 0.000000
vt -0.140000 -0.660000 0.000000
vt 0.000000 0.000000 0.000000
vt 0.300000 0.000000 0.000000
vt 0.000000 0.410000 0.000000
vt 0.300000 0.410000 0.000000
vt 0.000000 0.000000 0.000000
vt 1.650000 0.000000 0.000000
vt -0.000000 0.410000 0.000000
vt 1.650000 0.410000 0.000000
vt 0.000000 0.000000 0.000000
vt 0.300000 0.000000 0.000000
vt 0.000000 0.410000 0.000000
vt 0.300000 0.410000 0.000000
vt 0.000000 0.000000 0.000000
vt 1.650000 0.000000 0.000000
vt 0.000000 0.410000 0.000000
vt 1.650000 0.410000 0.000000
vt -0.150000 -0.825000 0.000000
vt 0.150000 -0.825000 0.000000
vt -0.150000 0.825000 0.000000
vt 0.150000 0.825000 0.000000
vt 0.000000 0.000000 0.000000
vt 0.300000 0.000000 0.000000
vt 0.000000 0.410000 0.000000
vt 0.300000 0.410000 0.000000
vt 0.000000 0.000000 0.000000
vt 1.650000 0.000000 0.000000
vt 0.000000 0.410000 0.000000
vt 1.650000 0.410000 0.000000
vt -0.000000 0.000000 0.000000
vt 0.300000 0.000000 0.000000
vt -0.000000 0.410000 0.000000
vt 0.300000 0.410000 0.000000
vt 0.000000 0.000000 0.000000
vt 1.650000 0.000000 0.000000
vt 0.000000 0.410000 0.000000
vt 1.650000 0.410000 0.000000
vt -0.150000 -0.825000 0.000000
vt 0.150000 -0.825000 0.000000
vt -0.150000 0.825000 0.000000
vt 0.150000 0.825000 0.000000
vt 0.000000 0.000000 0.000000
vt 0.060000 0.000000 0.000000
vt 0.000000 0.730000 0.000000
vt 0.060000 0.730000 0.000000
vt 0.000000 0.000000 0.000000
vt 0.060000 0.000000 0.000000
vt 0.000000 0.730000 0.000000
vt 0.060000 0.730000 0.000000
vt 0.000000 0.000000 0.000000
vt 0.060000 0.000000 0.000000
vt 0.000000 0.730000 0.000000
vt 0.060000 0.730000 0.000000
vt 0.000000 0.000000 0.000000
vt 0.060000 0.000000 0.000000
vt 0.000000 0.730000 0.000000
vt 0.060000 0.730000 0.000000
vt 0.030000 0.030000 0.000000
vt -0.030000 0.030000 0.000000
vt 0.030000 -0.030000 0.000000
vt -0.030000 -0.030000 0.000000
vt -0.000000 0.000000 0.000000
vt 0.060000 0.000000 0.000000
vt -0.000000 0.730000 0.000000
vt 0.060000 0.730000 0.000000
vt -0.000000 0.000000 0.000000
vt 0.060000 0.000000 0.000000
vt -0.000000 0.730000 0.000000
vt 0.060000 0.730000 0.000000
vt 0.000000 0.000000 0.000000
vt 0.060000 0.000000 0.000000
vt 0.000000 0.730000 0.000000
vt 0.060000 0.730000 0.000000
vt 0.000000 0.000000 0.000000
vt 0.060000 0.000000 0.000000
vt 0.000000 0.730000 0.000000
vt 0.060000 0.730000 0.000000
vt -0.030000 -0.030000 0.000000
vt 0.030000 -0.030000 0.000000
vt -0.030000 0.030000 0.000000
vt 0.030000 0.030000 0.000000
vt 0.000000 0.000000 0.000000
vt 0.060000 0.000000 0.000000
vt 0.000000 0.730000 0.000000
vt 0.060000 0.730000 0.000000
vt 0.000000 0.000000 0.000000
vt 0.060000 0.000000 0.000000
vt 0.000000 0.730000 0.000000
vt 0.060000 0.730000 0.000000
vt 0.000000 0.000000 0.000000
vt 0.060000 0.000000 0.000000
vt 0.000000 0.730000 0.000000
vt 0.060000 0.730000 0.000000
vt 0.000000 0.000000 0.000000
vt 0.060000 0.000000 0.000000
vt 0.000000 0.730000 0.000000
vt 0.060000 0.730000 0.000000
vt -0.030000 -0.030000 0.000000
vt 0.030000 -0.030000 0.000000
vt -0.030000 0.030000 0.000000
vt 0.030000 0.030000 0.000000
vt 0.000000 0.000000 0.000000
vt 0.060000 0.000000 0.000000
vt 0.000000 0.730000 0.000000
vt 0.060000 0.730000 0.000000
vt 0.000000 0.000000 0.000000
vt 0.060000 0.000000 0.000000
vt 0.000000 0.730000 0.000000
vt 0.060000 0.730000 0.000000
vt -0.000000 0.000000 0.000000
vt 0.060000 0.000000 0.000000
vt -0.000000 0.730000 0.000000
vt 0.060000 0.730000 0.000000
vt 0.000000 0.000000 0.000000
vt 0.060000 0.000000 0.000000
vt 0.000000 0.730000 0.000000
vt 0.060000 0.730000 0.000000
vt 0.030000 0.030000 0.000000
vt -0.030000 0.030000 0.000000
vt 0.030000 -0.030000 0.000000
vt -0.030000 -0.030000 0.000000
vt 0.000000 0.000000 0.000000
vt 0.060000 0.000000 0.000000
vt 0.000000 0.730000 0.000000
vt 0.060000 0.730000 0.000000
vt 0.000000 0.000000 0.000000
vt 0.060000 0.000000 0.000000
vt 0.000000 0.730000 0.000000
vt 0.060000 0.730000 0.000000
vt 0.000000 0.000000 0.000000
vt 0.060000 0.000000 0.000000
vt 0.000000 0.730000 0.000000
vt 0.060000 0.730000 0.000000
vt 0.000000 0.000000 0.000000
vt 0.060000 0.000000 0.000000
vt 0.000000 0.730000 0.000000
vt 0.060000 0.730000 0.000000
vt 0.030000 0.030000 0.000000
vt -0.030000 0.030000 0.000000
vt 0.030000 -0.030000 0.000000
vt -0.030000 -0.030000 0.000000
vt -0.000000 0.000000 0.000000
vt 0.060000 0.000000 0.000000
vt -0.000000 0.730000 0.000000
vt 0.060000 0.730000 0.000000
vt -0.000000 0.000000 0.000000
vt 0.060000 0.000000 0.000000
vt -0.000000 0.730000 0.000000
vt 0.060000 0.730000 0.000000
vt 0.000000 0.000000 0.000000
vt 0.060000 0.000000 0.000000
vt 0.000000 0.730000 0.000000
vt 0.060000 0.730000 0.000000
vt 0.000000 0.000000 0.000000
vt 0.060000 0.000000 0.000000
vt 0.000000 0.730000 0.000000
vt 0.060000 0.730000 0.000000
vt -0.030000 -0.030000 0.000000
vt 0.030000 -0.030000 0.000000
vt -0.030000 0.030000 0.000000
vt 0.030000 0.030000 0.000000
vt 0.000000 0.000000 0.000000
vt 0.060000 0.000000 0.000000
vt 0.000000 0.730000 0.000000
vt 0.060000 0.730000 0.000000
vt 0.000000 0.000000 0.000000
vt 0.060000 0.000000 0.000000
vt 0.000000 0.730000 0.000000
vt 0.060000 0.730000 0.000000
vt 0.000000 0.000000 0.000000
vt 0.060000 0.000000 0.000000
vt 0.000000 0.730000 0.000000
vt 0.060000 0.730000 0.000000
vt 0.000000 0.000000 0.000000
vt 0.060000 0.000000 0.000000
vt 0.000000 0.730000 0.000000
vt 0.060000 0.730000 0.000000
vt -0.030000 -0.030000 0.000000
vt 0.030000 -0.030000 0.000000
vt -0.030000 0.030000 0.000000
vt 0.030000 0.030000 0.000000
vt 0.000000 0.000000 0.000000
vt 0.060000 0.000000 0.000000
vt 0.000000 0.730000 0.000000
vt 0.060000 0.730000 0.000000
vt 0.000000 0.000000 0.000000
vt 0.060000 0.000000 0.000000
vt 0.000000 0.730000 0.000000
vt 0.060000 0.730000 0.000000
vt -0.000000 0.000000 0.000000
vt 0.060000 0.000000 0.000000
vt -0.000000 0.730000 0.000000
vt 0.060000 0.730000 0.000000
vt 0.000000 0.000000 0.000000
vt 0.060000 0.000000 0.000000
vt 0.000000 0.730000 0.000000
vt 0.060000 0.730000 0.000000
vt 0.030000 0.030000 0.000000
vt -0.030000 0.030000 0.000000
vt 0.030000 -0.030000 0.000000
vt -0.030000 -0.030000 0.000000
vt 0.000000 0.000000 0.000000
vt 0.060000 0.000000 0.000000
vt 0.000000 0.730000 0.000000
vt 0.060000 0.730000 0.000000
vt 0.000000 0.000000 0.000000
vt 0.060000 0.000000 0.000000
vt 0.000000 0.730000 0.000000
vt 0.060000 0.730000 0.000000
vt 0.000000 0.000000 0.000000
vt 0.060000 0.000000 0.000000
vt 0.000000 0.730000 0.000000
vt 0.060000 0.730000 0.000000
vt 0.000000 0.000000 0.000000
vt 0.060000 0.000000 0.000000
vt 0.000000 0.730000 0.000000
vt 0.060000 0.730000 0.000000
vt 0.030000 0.030000 0.000000
vt -0.030000 0.030000 0.000000
vt 0.030000 -0.030000 0.000000
vt -0.030000 -0.030000 0.000000
vt -0.000000 0.000000 0.000000
vt 0.060000 0.000000 0.000000
vt -0.000000 0.730000 0.000000
vt 0.060000 0.730000 0.000000
vt -0.000000 0.000000 0.000000
vt 0.060000 0.000000 0.000000
vt -0.000000 0.730000 0.000000
vt 0.060000 0.730000 0.000000
vt 0.000000 0.000000 0.000000
vt 0.060000 0.000000 0.000000
vt 0.000000 0.730000 0.000000
vt 0.060000 0.730000 0.000000
vt 0.000000 0.000000 0.000000
vt 0.060000 0.000000 0.000000
vt 0.000000 0.730000 0.000000
vt 0.060000 0.730000 0.000000
vt -0.030000 -0.030000 0.000000
vt 0.030000 -0.030000 0.000000
vt -0.030000 0.030000 0.000000
vt 0.030000 0.030000 0.000000
vt 0.000000 0.000000 0.000000
vt 0.060000 0.000000 0.000000
vt 0.000000 0.730000 0.000000
vt 0.060000 0.730000 0.000000
vt 0.000000 0.000000 0.000000
vt 0.060000 0.000000 0.000000
vt 0.000000 0.730000 0.000000
vt 0.060000 0.730000 0.000000
vt 0.000000 0.000000 0.000000
vt 0.060000 0.000000 0.000000
vt 0.000000 0.730000 0.000000
vt 0.060000 0.730000 0.000000
vt 0.000000 0.000000 0.000000
vt 0.060000 0.000000 0.000000
vt 0.000000 0.730000 0.000000
vt 0.060000 0.730000 0.000000
vt -0.030000 -0.030000 0.000000
vt 0.030000 -0.030000 0.000000
vt -0.030000 0.030000 0.000000
vt 0.030000 0.030000 0.000000
vt 0.000000 0.000000 0.000000
vt 0.060000 0.000000 0.000000
vt 0.000000 0.730000 0.000000
vt 0.060000 0.730000 0.000000
vt 0.000000 0.000000 0.000000
vt 0.060000 0.000000 0.000000
vt 0.000000 0.730000 0.000000
vt 0.060000 0.730000 0.000000
vt -0.000000 0.000000 0.000000
vt 0.060000 0.000000 0.000000
vt -0.000000 0.730000 0.000000
vt 0.060000 0.730000 0.000000
vt 0.000000 0.000000 0.000000
vt 0.060000 0.000000 0.000000
vt 0.000000 0.730000 0.000000
vt 0.060000 0.730000 0.000000
vt 0.030000 0.030000 0.000000
vt -0.030000 0.030000 0.000000
vt 0.030000 -0.030000 0.000000
vt -0.030000 -0.030000 0.000000
vt 0.000000 0.000000 0.000000
vt 0.060000 0.000000 0.000000
vt 0.000000 0.730000 0.000000
vt 0.060000 0.730000 0.000000
vt 0.000000 0.000000 0.000000
vt 0.060000 0.000000 0.000000
vt 0.000000 0.730000 0.000000
vt 0.060000 0.730000 0.000000
vt 0.000000 0.000000 0.000000
vt 0.060000 0.000000 0.000000
vt 0.000000 0.730000 0.000000
vt 0.060000 0.730000 0.000000
vt 0.000000 0.000000 0.000000
vt 0.060000 0.000000 0.000000
vt 0.000000 0.730000 0.000000
vt 0.060000 0.730000 0.000000
vt 0.030000 0.030000 0.000000
vt -0.030000 0.030000 0.000000
vt 0.030000 -0.030000 0.000000
vt -0.030000 -0.030000 0.000000
vt -0.000000 0.000000 0.000000
vt 0.060000 0.000000 0.000000
vt -0.000000 0.730000 0.000000
vt 0.060000 0.730000 0.000000
vt -0.000000 0.000000 0.000000
vt 0.060000 0.000000 0.000000
vt -0.000000 0.730000 0.000000
vt 0.060000 0.730000 0.000000
vt 0.000000 0.000000 0.000000
vt 0.060000 0.000000 0.000000
vt 0.000000 0.730000 0.000000
vt 0.060000 0.730000 0.000000
vt 0.000000 0.000000 0.000000
vt 0.060000 0.000000 0.000000
vt 0.000000 0.730000 0.000000
vt 0.060000 0.730000 0.000000
vt -0.030000 -0.030000 0.000000
vt 0.030000 -0.030000 0.000000
vt -0.030000 0.030000 0.000000
vt 0.030000 0.030000 0.000000
vt 0.000000 0.000000 0.000000
vt 0.060000 0.000000 0.000000
vt 0.000000 0.730000 0.000000
vt 0.060000 0.730000 0.000000
vt 0.000000 0.000000 0.000000
vt 0.060000 0.000000 0.000000
vt 0.000000 0.730000 0.000000
vt 0.060000 0.730000 0.000000
vt 0.000000 0.000000 0.000000
vt 0.060000 0.000000 0.000000
vt 0.000000 0.730000 0.000000
vt 0.060000 0.730000 0.000000
vt 0.000000 0.000000 0.000000
vt 0.060000 0.000000 0.000000
vt 0.000000 0.730000 0.000000
vt 0.060000 0.730000 0.000000
vt -0.030000 -0.030000 0.000000
vt 0.030000 -0.030000 0.000000
vt -0.030000 0.030000 0.000000
vt 0.030000 0.030000 0.000000
vt 0.000000 0.000000 0.000000
vt 0.060000 0.000000 0.000000
vt 0.000000 0.730000 0.000000
vt 0.060000 0.730000 0.000000
vt 0.000000 0.000000 0.000000
vt 0.060000 0.000000 0.000000
vt 0.000000 0.730000 0.000000
vt 0.060000 0.730000 0.000000
vt -0.000000 0.000000 0.000000
vt 0.060000 0.000000 0.000000
vt -0.000000 0.730000 0.000000
vt 0.060000 0.730000 0.000000
vt 0.000000 0.000000 0.000000
vt 0.060000 0.000000 0.000000
vt 0.000000 0.730000 0.000000
vt 0.060000 0.730000 0.000000
vt 0.030000 0.030000 0.000000
vt -0.030000 0.030000 0.000000
vt 0.030000 -0.030000 0.000000
vt -0.030000 -0.030000 0.000000
vt 0.000000 0.000000 0.000000
vt 0.060000 0.000000 0.000000
vt 0.000000 0.730000 0.000000
vt 0.060000 0.730000 0.000000
vt 0.000000 0.000000 0.000000
vt 0.060000 0.000000 0.000000
vt 0.000000 0.730000 0.000000
vt 0.060000 0.730000 0.000000
vt 0.000000 0.000000 0.000000
vt 0.060000 0.000000 0.000000
vt 0.000000 0.730000 0.000000
vt 0.060000 0.730000 0.000000
vt 0.000000 0.000000 0.000000
vt 0.060000 0.000000 0.000000
vt 0.000000 0.730000 0.000000
vt 0.060000 0.730000 0.000000
vt 0.030000 0.030000 0.000000
vt -0.030000 0.030000 0.000000
vt 0.030000 -0.030000 0.000000
vt -0.030000 -0.030000 0.000000
vt -0.000000 0.000000 0.000000
vt 0.060000 0.000000 0.000000
vt -0.000000 0.730000 0.000000
vt 0.060000 0.730000 0.000000
vt -0.000000 0.000000 0.000000
vt 0.060000 0.000000 0.000000
vt -0.000000 0.730000 0.000000
vt 0.060000 0.730000 0.000000
vt 0.000000 0.000000 0.000000
vt 0.060000 0.000000 0.000000
vt 0.000000 0.730000 0.000000
vt 0.060000 0.730000 0.000000
vt 0.000000 0.000000 0.000000
vt 0.060000 0.000000 0.000000
vt 0.000000 0.730000 0.000000
vt 0.060000 0.730000 0.000000
vt -0.030000 -0.030000 0.000000
vt 0.030000 -0.030000 0.000000
vt -0.030000 0.030000 0.000000
vt 0.030000 0.030000 0.000000
vt 0.000000 0.000000 0.000000
vt 0.060000 0.000000 0.000000
vt 0.000000 0.730000 0.000000
vt 0.060000 0.730000 0.000000
vt 0.000000 0.000000 0.000000
vt 0.060000 0.000000 0.000000
vt 0.000000 0.730000 0.000000
vt 0.060000 0.730000 0.000000
vt 0.000000 0.000000 0.000000
vt 0.060000 0.000000 0.000000
vt 0.000000 0.730000 0.000000
vt 0.060000 0.730000 0.000000
vt 0.000000 0.000000 0.000000
vt 0.060000 0.000000 0.000000
vt 0.000000 0.730000 0.000000
vt 0.060000 0.730000 0.000000
vt -0.030000 -0.030000 0.000000
vt 0.030000 -0.030000 0.000000
vt -0.030000 0.030000 0.000000
vt 0.030000 0.030000 0.000000
vt 0.000000 0.000000 0.000000
vt 0.060000 0.000000 0.000000
vt 0.000000 0.730000 0.000000
vt 0.060000 0.730000 0.000000
vt 0.000000 0.000000 0.000000
vt 0.060000 0.000000 0.000000
vt 0.000000 0.730000 0.000000
vt 0.060000 0.730000 0.000000
vt -0.000000 0.000000 0.000000
vt 0.060000 0.000000 0.000000
vt -0.000000 0.730000 0.000000
vt 0.060000 0.730000 0.000000
vt 0.000000 0.000000 0.000000
vt 0.060000 0.000000 0.000000
vt 0.000000 0.730000 0.000000
vt 0.060000 0.730000 0.000000
vt 0.030000 0.030000 0.000000
vt -0.030000 0.030000 0.000000
vt 0.030000 -0.030000 0.000000
vt -0.030000 -0.030000 0.000000
vt 0.000000 0.000000 0.000000
vt 0.060000 0.000000 0.000000
vt 0.000000 0.730000 0.000000
vt 0.060000 0.730000 0.000000
vt 0.000000 0.000000 0.000000
vt 0.060000 0.000000 0.000000
vt 0.000000 0.730000 0.000000
vt 0.060000 0.730000 0.000000
vt 0.000000 0.000000 0.000000
vt 0.060000 0.000000 0.000000
vt 0.000000 0.730000 0.000000
vt 0.060000 0.730000 0.000000
vt 0.000000 0.000000 0.000000
vt 0.060000 0.000000 0.000000
vt 0.000000 0.730000 0.000000
vt 0.060000 0.730000 0.000000
vt 0.030000 0.030000 0.000000
vt -0.030000 0.030000 0.000000
vt 0.030000 -0.030000 0.000000
vt -0.030000 -0.030000 0.000000
vt -0.000000 0.000000 0.000000
vt 0.060000 0.000000 0.000000
vt -0.000000 0.730000 0.000000
vt 0.060000 0.730000 0.000000
vt -0.000000 0.000000 0.000000
vt 0.060000 0.000000 0.000000
vt -0.000000 0.730000 0.000000
vt 0.060000 0.730000 0.000000
vt 0.000000 0.000000 0.000000
vt 0.060000 0.000000 0.000000
vt 0.000000 0.730000 0.000000
vt 0.060000 0.730000 0.000000
vt 0.000000 0.000000 0.000000
vt 0.060000 0.000000 0.000000
vt 0.000000 0.730000 0.000000
vt 0.060000 0.730000 0.000000
vt -0.030000 -0.030000 0.000000
vt 0.030000 -0.030000 0.000000
vt -0.030000 0.030000 0.000000
vt 0.030000 0.030000 0.000000
vt 0.000000 0.000000 0.000000
vt 0.060000 0.000000 0.000000
vt 0.000000 0.730000 0.000000
vt 0.060000 0.730000 0.000000
vt 0.000000 0.000000 0.000000
vt 0.060000 0.000000 0.000000
vt 0.000000 0.730000 0.000000
vt 0.060000 0.730000 0.000000
vt 0.000000 0.000000 0.000000
vt 0.060000 0.000000 0.000000
vt 0.000000 0.730000 0.000000
vt 0.060000 0.730000 0.000000
vt 0.000000 0.000000 0.000000
vt 0.060000 0.000000 0.000000
vt 0.000000 0.730000 0.000000
vt 0.060000 0.730000 0.000000
vt -0.030000 -0.030000 0.000000
vt 0.030000 -0.030000 0.000000
vt -0.030000 0.030000 0.000000
vt 0.030000 0.030000 0.000000
vt 0.000000 0.000000 0.000000
vt 0.060000 0.000000 0.000000
vt 0.000000 0.730000 0.000000
vt 0.060000 0.730000 0.000000
vt 0.000000 0.000000 0.000000
vt 0.060000 0.000000 0.000000
vt 0.000000 0.730000 0.000000
vt 0.060000 0.730000 0.000000
vt -0.000000 0.000000 0.000000
vt 0.060000 0.000000 0.000000
vt -0.000000 0.730000 0.000000
vt 0.060000 0.730000 0.000000
vt 0.000000 0.000000 0.000000
vt 0.060000 0.000000 0.000000
vt 0.000000 0.730000 0.000000
vt 0.060000 0.730000 0.000000
vt 0.030000 0.030000 0.000000
vt -0.030000 0.030000 0.000000
vt 0.030000 -0.030000 0.000000
vt -0.030000 -0.030000 0.000000
vt 0.000000 0.000000 0.000000
vt 0.060000 0.000000 0.000000
vt 0.000000 0.730000 0.000000
vt 0.060000 0.730000 0.000000
vt 0.000000 0.000000 0.000000
vt 0.060000 0.000000 0.000000
vt 0.000000 0.730000 0.000000
vt 0.060000 0.730000 0.000000
vt 0.000000 0.000000 0.000000
vt 0.060000 0.000000 0.000000
vt 0.000000 0.730000 0.000000
vt 0.060000 0.730000 0.000000
vt 0.000000 0.000000 0.000000
vt 0.060000 0.000000 0.000000
vt 0.000000 0.730000 0.000000
vt 0.060000 0.730000 0.000000
vt 0.030000 0.030000 0.000000
vt -0.030000 0.030000 0.000000
vt 0.030000 -0.030000 0.000000
vt -0.030000 -0.030000 0.000000
vt -0.000000 0.000000 0.000000
vt 0.060000 0.000000 0.000000
vt -0.000000 0.730000 0.000000
vt 0.060000 0.730000 0.000000
vt -0.000000 0.000000 0.000000
vt 0.060000 0.000000 0.000000
vt -0.000000 0.730000 0.000000
vt 0.060000 0.730000 0.000000
vt 0.000000 0.000000 0.000000
vt 0.060000 0.000000 0.000000
vt 0.000000 0.730000 0.000000
vt 0.060000 0.730000 0.000000
vt 0.000000 0.000000 0.000000
vt 0.060000 0.000000 0.000000
vt 0.000000 0.730000 0.000000
vt 0.060000 0.730000 0.000000
vt -0.030000 -0.030000 0.000000
vt 0.030000 -0.030000 0.000000
vt -0.030000 0.030000 0.000000
vt 0.030000 0.030000 0.000000
vt 0.000000 0.000000 0.000000
vt 0.060000 0.000000 0.000000
vt 0.000000 0.730000 0.000000
vt 0.060000 0.730000 0.000000
vt 0.000000 0.000000 0.000000
vt 0.060000 0.000000 0.000000
vt 0.000000 0.730000 0.000000
vt 0.060000 0.730000 0.000000
vt 0.000000 0.000000 0.000000
vt 0.060000 0.000000 0.000000
vt 0.000000 0.730000 0.000000
vt 0.060000 0.730000 0.000000
vt 0.000000 0.000000 0.000000
vt 0.060000 0.000000 0.000000
vt 0.000000 0.730000 0.000000
vt 0.060000 0.730000 0.000000
vt -0.030000 -0.030000 0.000000
vt 0.030000 -0.030000 0.000000
vt -0.030000 0.030000 0.000000
vt 0.030000 0.030000 0.000000
vt 0.000000 0.000000 0.000000
vt 0.060000 0.000000 0.000000
vt 0.000000 0.730000 0.000000
vt 0.060000 0.730000 0.000000
vt 0.000000 0.000000 0.000000
vt 0.060000 0.000000 0.000000
vt 0.000000 0.730000 0.000000
vt 0.060000 0.730000 0.000000
vt -0.000000 0.000000 0.000000
vt 0.060000 0.000000 0.000000
vt -0.000000 0.730000 0.000000
vt 0.060000 0.730000 0.000000
vt 0.000000 0.000000 0.000000
vt 0.060000 0.000000 0.000000
vt 0.000000 0.730000 0.000000
vt 0.060000 0.730000 0.000000
vt 0.030000 0.030000 0.000000
vt -0.030000 0.030000 0.000000
vt 0.030000 -0.030000 0.000000
vt -0.030000 -0.030000 0.000000
vt 0.000000 0.000000 0.000000
vt 0.060000 0.000000 0.000000
vt 0.000000 0.730000 0.000000
vt 0.060000 0.730000 0.000000
vt 0.000000 0.000000 0.000000
vt 0.060000 0.000000 0.000000
vt 0.000000 0.730000 0.000000
vt 0.060000 0.730000 0.000000
vt 0.000000 0.000000 0.000000
vt 0.060000 0.000000 0.000000
vt 0.000000 0.730000 0.000000
vt 0.060000 0.730000 0.000000
vt 0.000000 0.000000 0.000000
vt 0.060000 0.000000 0.000000
vt 0.000000 0.730000 0.000000
vt 0.060000 0.730000 0.000000
vt 0.030000 0.030000 0.000000
vt -0.030000 0.030000 0.000000
vt 0.030000 -0.030000 0.000000
vt -0.030000 -0.030000 0.000000
vt -0.000000 0.000000 0.000000
vt 0.060000 0.000000 0.000000
vt -0.000000 0.730000 0.000000
vt 0.060000 0.730000 0.000000
vt -0.000000 0.000000 0.000000
vt 0.060000 0.000000 0.000000
vt -0.000000 0.730000 0.000000
vt 0.060000 0.730000 0.000000
vt 0.000000 0.000000 0.000000
vt 0.060000 0.000000 0.000000
vt 0.000000 0.730000 0.000000
vt 0.060000 0.730000 0.000000
vt 0.000000 0.000000 0.000000
vt 0.060000 0.000000 0.000000
vt 0.000000 0.730000 0.000000
vt 0.060000 0.730000 0.000000
vt -0.030000 -0.030000 0.000000
vt 0.030000 -0.030000 0.000000
vt -0.030000 0.030000 0.000000
vt 0.030000 0.030000 0.000000
vt 0.000000 0.000000 0.000000
vt 0.060000 0.000000 0.000000
vt 0.000000 0.730000 0.000000
vt 0.060000 0.730000 0.000000
vt 0.000000 0.000000 0.000000
vt 0.060000 0.000000 0.000000
vt 0.000000 0.730000 0.000000
vt 0.060000 0.730000 0.000000
vt 0.000000 0.000000 0.000000
vt 0.060000 0.000000 0.000000
vt 0.000000 0.730000 0.000000
vt 0.060000 0.730000 0.000000
vt 0.000000 0.000000 0.000000
vt 0.060000 0.000000 0.000000
vt 0.000000 0.730000 0.000000
vt 0.060000 0.730000 0.000000
vt -0.030000 -0.030000 0.000000
vt 0.030000 -0.030000 0.000000
vt -0.030000 0.030000 0.000000
vt 0.030000 0.030000 0.000000
vt 0.000000 0.000000 0.000000
vt 0.060000 0.000000 0.000000
vt 0.000000 0.730000 0.000000
vt 0.060000 0.730000 0.000000
vt 0.000000 0.000000 0.000000
vt 0.060000 0.000000 0.000000
vt 0.000000 0.730000 0.000000
vt 0.060000 0.730000 0.000000
vt -0.000000 0.000000 0.000000
vt 0.060000 0.000000 0.000000
vt -0.000000 0.730000 0.000000
vt 0.060000 0.730000 0.000000
vt 0.000000 0.000000 0.000000
vt 0.060000 0.000000 0.000000
vt 0.000000 0.730000 0.000000
vt 0.060000 0.730000 0.000000
vt 0.030000 0.030000 0.000000
vt -0.030000 0.030000 0.000000
vt 0.030000 -0.030000 0.000000
vt -0.030000 -0.030000 0.000000
vt 0.000000 0.000000 0.000000
vt 0.060000 0.000000 0.000000
vt 0.000000 0.730000 0.000000
vt 0.060000 0.730000 0.000000
vt 0.000000 0.000000 0.000000
vt 0.060000 0.000000 0.000000
vt 0.000000 0.730000 0.000000
vt 0.060000 0.730000 0.000000
vt 0.000000 0.000000 0.000000
vt 0.060000 0.000000 0.000000
vt 0.000000 0.730000 0.000000
vt 0.060000 0.730000 0.000000
vt 0.000000 0.000000 0.000000
vt 0.060000 0.000000 0.000000
vt 0.000000 0.730000 0.000000
vt 0.060000 0.730000 0.000000
vt 0.030000 0.030000 0.000000
vt -0.030000 0.030000 0.000000
vt 0.030000 -0.030000 0.000000
vt -0.030000 -0.030000 0.000000
vt -0.000000 0.000000 0.000000
vt 0.060000 0.000000 0.000000
vt -0.000000 0.730000 0.000000
vt 0.060000 0.730000 0.000000
vt -0.000000 0.000000 0.000000
vt 0.060000 0.000000 0.000000
vt -0.000000 0.730000 0.000000
vt 0.060000 0.730000 0.000000
vt 0.000000 0.000000 0.000000
vt 0.060000 0.000000 0.000000
vt 0.000000 0.730000 0.000000
vt 0.060000 0.730000 0.000000
vt 0.000000 0.000000 0.000000
vt 0.060000 0.000000 0.000000
vt 0.000000 0.730000 0.000000
vt 0.060000 0.730000 0.000000
vt -0.030000 -0.030000 0.000000
vt 0.030000 -0.030000 0.000000
vt -0.030000 0.030000 0.000000
vt 0.030000 0.030000 0.000000
vt 0.000000 0.000000 0.000000
vt 0.060000 0.000000 0.000000
vt 0.000000 0.730000 0.000000
vt 0.060000 0.730000 0.000000
vt 0.000000 0.000000 0.000000
vt 0.060000 0.000000 0.000000
vt 0.000000 0.730000 0.000000
vt 0.060000 0.730000 0.000000
vt 0.000000 0.000000 0.000000
vt 0.060000 0.000000 0.000000
vt 0.000000 0.730000 0.000000
vt 0.060000 0.730000 0.000000
vt 0.000000 0.000000 0.000000
vt 0.060000 0.000000 0.000000
vt 0.000000 0.730000 0.000000
vt 0.060000 0.730000 0.000000
vt -0.030000 -0.030000 0.000000
vt 0.030000 -0.030000 0.000000
vt -0.030000 0.030000 0.000000
vt 0.030000 0.030000 0.000000
vt 0.000000 0.000000 0.000000
vt 0.060000 0.000000 0.000000
vt 0.000000 0.730000 0.000000
vt 0.060000 0.730000 0.000000
vt 0.000000 0.000000 0.000000
vt 0.060000 0.000000 0.000000
vt 0.000000 0.730000 0.000000
vt 0.060000 0.730000 0.000000
vt -0.000000 0.000000 0.000000
vt 0.060000 0.000000 0.000000
vt -0.000000 0.730000 0.000000
vt 0.060000 0.730000 0.000000
vt 0.000000 0.000000 0.000000
vt 0.060000 0.000000 0.000000
vt 0.000000 0.730000 0.000000
vt 0.060000 0.730000 0.000000
vt 0.030000 0.030000 0.000000
vt -0.030000 0.030000 0.000000
vt 0.030000 -0.030000 0.000000
vt -0.030000 -0.030000 0.000000
vt 0.000000 0.000000 0.000000
vt 0.060000 0.000000 0.000000
vt 0.000000 0.730000 0.000000
vt 0.060000 0.730000 0.000000
vt 0.000000 0.000000 0.000000
vt 0.060000 0.000000 0.000000
vt 0.000000 0.730000 0.000000
vt 0.060000 0.730000 0.000000
vt 0.000000 0.000000 0.000000
vt 0.060000 0.000000 0.000000
vt 0.000000 0.730000 0.000000
vt 0.060000 0.730000 0.000000
vt 0.000000 0.000000 0.000000
vt 0.060000 0.000000 0.000000
vt 0.000000 0.730000 0.000000
vt 0.060000 0.730000 0.000000
vt 0.030000 0.030000 0.000000
vt -0.030000 0.030000 0.000000
vt 0.030000 -0.030000 0.000000
vt -0.030000 -0.030000 0.000000
vt -0.000000 0.000000 0.000000
vt 0.060000 0.000000 0.000000
vt -0.000000 0.730000 0.000000
vt 0.060000 0.730000 0.000000
vt -0.000000 0.000000 0.000000
vt 0.060000 0.000000 0.000000
vt -0.000000 0.730000 0.000000
vt 0.060000 0.730000 0.000000
vt 0.000000 0.000000 0.000000
vt 0.060000 0.000000 0.000000
vt 0.000000 0.730000 0.000000
vt 0.060000 0.730000 0.000000
vt 0.000000 0.000000 0.000000
vt 0.060000 0.000000 0.000000
vt 0.000000 0.730000 0.000000
vt 0.060000 0.730000 0.000000
vt -0.030000 -0.030000 0.000000
vt 0.030000 -0.030000 0.000000
vt -0.030000 0.030000 0.000000
vt 0.030000 0.030000 0.000000
vt 0.000000 0.000000 0.000000
vt 0.060000 0.000000 0.000000
vt 0.000000 0.730000 0.000000
vt 0.060000 0.730000 0.000000
vt 0.000000 0.000000 0.000000
vt 0.060000 0.000000 0.000000
vt 0.000000 0.730000 0.000000
vt 0.060000 0.730000 0.000000
vt 0.000000 0.000000 0.000000
vt 0.060000 0.000000 0.000000
vt 0.000000 0.730000 0.000000
vt 0.060000 0.730000 0.000000
vt 0.000000 0.000000 0.000000
vt 0.060000 0.000000 0.000000
vt 0.000000 0.730000 0.000000
vt 0.060000 0.730000 0.000000
vt -0.030000 -0.030000 0.000000
vt 0.030000 -0.030000 0.000000
vt -0.030000 0.030000 0.000000
vt 0.030000 0.030000 0.000000
vt 0.000000 0.000000 0.000000
vt 0.060000 0.000000 0.000000
vt 0.000000 0.730000 0.000000
vt 0.060000 0.730000 0.000000
vt 0.000000 0.000000 0.000000
vt 0.060000 0.000000 0.000000
vt 0.000000 0.730000 0.000000
vt 0.060000 0.730000 0.000000
vt -0.000000 0.000000 0.000000
vt 0.060000 0.000000 0.000000
vt -0.000000 0.730000 0.000000
vt 0.060000 0.730000 0.000000
vt 0.000000 0.000000 0.000000
vt 0.060000 0.000000 0.000000
vt 0.000000 0.730000 0.000000
vt 0.060000 0.730000 0.000000
vt 0.030000 0.030000 0.000000
vt -0.030000 0.030000 0.000000
vt 0.030000 -0.030000 0.000000
vt -0.030000 -0.030000 0.000000
vt 0.000000 0.000000 0.000000
vt 0.060000 0.000000 0.000000
vt 0.000000 0.730000 0.000000
vt 0.060000 0.730000 0.000000
vt 0.000000 0.000000 0.000000
vt 0.060000 0.000000 0.000000
vt 0.000000 0.730000 0.000000
vt 0.060000 0.730000 0.000000
vt -0.000000 0.000000 0.000000
vt 0.060000 0.000000 0.000000
vt -0.000000 0.730000 0.000000
vt 0.060000 0.730000 0.000000
vt -0.000000 0.000000 0.000000
vt 0.060000 0.000000 0.000000
vt -0.000000 0.730000 0.000000
vt 0.060000 0.730000 0.000000
vt 0.030000 0.030000 0.000000
vt -0.030000 0.030000 0.000000
vt 0.030000 -0.030000 0.000000
vt -0.030000 -0.030000 0.000000
vt -0.000000 0.000000 0.000000
vt 0.060000 0.000000 0.000000
vt -0.000000 0.730000 0.000000
vt 0.060000 0.730000 0.000000
vt -0.000000 0.000000 0.000000
vt 0.060000 0.000000 0.000000
vt -0.000000 0.730000 0.000000
vt 0.060000 0.730000 0.000000
vt 0.000000 0.000000 0.000000
vt 0.060000 0.000000 0.000000
vt 0.000000 0.730000 0.000000
vt 0.060000 0.730000 0.000000
vt 0.000000 0.000000 0.000000
vt 0.060000 0.000000 0.000000
vt 0.000000 0.730000 0.000000
vt 0.060000 0.730000 0.000000
vt -0.030000 -0.030000 0.000000
vt 0.030000 -0.030000 0.000000
vt -0.030000 0.030000 0.000000
vt 0.030000 0.030000 0.000000
vt 0.000000 0.000000 0.000000
vt 0.060000 0.000000 0.000000
vt 0.000000 0.730000 0.000000
vt 0.060000 0.730000 0.000000
vt 0.000000 0.000000 0.000000
vt 0.060000 0.000000 0.000000
vt 0.000000 0.730000 0.000000
vt 0.060000 0.730000 0.000000
vt 0.000000 0.000000 0.000000
vt 0.060000 0.000000 0.000000
vt 0.000000 0.730000 0.000000
vt 0.060000 0.730000 0.000000
vt 0.000000 0.000000 0.000000
vt 0.060000 0.000000 0.000000
vt 0.000000 0.730000 0.000000
vt 0.060000 0.730000 0.000000
vt 0.030000 0.030000 0.000000
vt -0.030000 0.030000 0.000000
vt 0.030000 -0.030000 0.000000
vt -0.030000 -0.030000 0.000000
vt -0.000000 0.000000 0.000000
vt 0.060000 0.000000 0.000000
vt -0.000000 0.730000 0.000000
vt 0.060000 0.730000 0.000000
vt -0.000000 0.000000 0.000000
vt 0.060000 0.000000 0.000000
vt -0.000000 0.730000 0.000000
vt 0.060000 0.730000 0.000000
vt 0.000000 0.000000 0.000000
vt 0.060000 0.000000 0.000000
vt 0.000000 0.730000 0.000000
vt 0.060000 0.730000 0.000000
vt 0.000000 0.000000 0.000000
vt 0.060000 0.000000 0.000000
vt 0.000000 0.730000 0.000000
vt 0.060000 0.730000 0.000000
vt -0.030000 -0.030000 0.000000
vt 0.030000 -0.030000 0.000000
vt -0.030000 0.030000 0.000000
vt 0.030000 0.030000 0.000000
vt 0.000000 0.000000 0.000000
vt 5.105000 0.000000 0.000000
vt -0.000000 0.120000 0.000000
vt 5.105000 0.120000 0.000000
vt 0.000000 0.000000 0.000000
vt 0.500000 0.000000 0.000000
vt 0.000000 0.120000 0.000000
vt 0.500000 0.120000 0.000000
vt 0.000000 0.000000 0.000000
vt 5.105000 0.000000 0.000000
vt 0.000000 0.120000 0.000000
vt 5.105000 0.120000 0.000000
vt 0.000000 0.000000 0.000000
vt 0.500000 0.000000 0.000000
vt 0.000000 0.120000 0.000000
vt 0.500000 0.120000 0.000000
vt 2.114500 -0.155000 0.000000
vt 2.552500 -0.250000 0.000000
vt 2.174500 -0.155000 0.000000
vt 2.364500 -0.155000 0.000000
vt 2.174500 -0.095000 0.000000
vt 2.364500 -0.095000 0.000000
vt 2.174500 0.095000 0.000000
vt 2.364500 0.095000 0.000000
vt 2.174500 0.155000 0.000000
vt 2.364500 0.155000 0.000000
vt 2.552500 0.250000 0.000000
vt 2.424500 0.155000 0.000000
vt 2.424500 0.095000 0.000000
vt 2.114500 -0.095000 0.000000
vt 1.916500 -0.095000 0.000000
vt 1.916500 -0.155000 0.000000
vt 1.856500 -0.155000 0.000000
vt 1.666500 -0.155000 0.000000
vt 1.666500 -0.095000 0.000000
vt 1.856500 -0.095000 0.000000
vt 1.666500 0.095000 0.000000
vt 1.856500 0.095000 0.000000
vt 1.666500 0.155000 0.000000
vt 1.856500 0.155000 0.000000
vt 1.916500 0.155000 0.000000
vt 2.114500 0.155000 0.000000
vt 2.114500 0.095000 0.000000
vt 1.916500 0.095000 0.000000
vt 2.424500 -0.095000 0.000000
vt 2.424500 -0.155000 0.000000
vt 1.606500 -0.155000 0.000000
vt 1.408500 -0.155000 0.000000
vt 1.348500 -0.155000 0.000000
vt 1.408500 -0.095000 0.000000
vt 1.606500 -0.095000 0.000000
vt 1.408500 0.095000 0.000000
vt 1.606500 0.095000 0.000000
vt 1.408500 0.155000 0.000000
vt 1.606500 0.155000 0.000000
vt 1.098500 -0.155000 0.000000
vt 1.158500 -0.155000 0.000000
vt 1.158500 -0.095000 0.000000
vt 1.348500 -0.095000 0.000000
vt 1.158500 0.095000 0.000000
vt 1.348500 0.095000 0.000000
vt 1.158500 0.155000 0.000000
vt 1.348500 0.155000 0.000000
vt 1.098500 -0.095000 0.000000
vt 0.900500 -0.095000 0.000000
vt 0.900500 -0.155000 0.000000
vt 0.840500 -0.155000 0.000000
vt 0.650500 -0.155000 0.000000
vt 0.650500 -0.095000 0.000000
vt 0.840500 -0.095000 0.000000
vt 0.650500 0.095000 0.000000
vt 0.840500 0.095000 0.000000
vt 0.650500 0.155000 0.000000
vt 0.840500 0.155000 0.000000
vt 0.900500 0.155000 0.000000
vt 1.098500 0.155000 0.000000
vt 1.098500 0.095000 0.000000
vt 0.900500 0.095000 0.000000
vt 0.590500 -0.155000 0.000000
vt 0.392500 -0.155000 0.000000
vt 0.332500 -0.155000 0.000000
vt 0.392500 -0.095000 0.000000
vt 0.590500 -0.095000 0.000000
vt 0.392500 0.095000 0.000000
vt 0.590500 0.095000 0.000000
vt 0.392500 0.155000 0.000000
vt 0.590500 0.155000 0.000000
vt 0.082500 -0.155000 0.000000
vt 0.142500 -0.155000 0.000000
vt 0.142500 -0.095000 0.000000
vt 0.332500 -0.095000 0.000000
vt -0.115500 0.095000 0.000000
vt 0.082500 0.095000 0.000000
vt -0.115500 0.155000 0.000000
vt 0.082500 0.155000 0.000000
vt -2.552500 0.250000 0.000000
vt 0.142500 0.155000 0.000000
vt 0.332500 0.155000 0.000000
vt 0.332500 0.095000 0.000000
vt 0.142500 0.095000 0.000000
vt 0.082500 -0.095000 0.000000
vt -0.115500 -0.095000 0.000000
vt -0.115500 -0.155000 0.000000
vt -2.552500 -0.250000 0.000000
vt -0.175500 -0.155000 0.000000
vt -0.365500 -0.155000 0.000000
vt -0.365500 -0.095000 0.000000
vt -0.175500 -0.095000 0.000000
vt -0.365500 0.095000 0.000000
vt -0.175500 0.095000 0.000000
vt -0.365500 0.155000 0.000000
vt -0.175500 0.155000 0.000000
vt -0.425500 -0.155000 0.000000
vt -0.623500 -0.155000 0.000000
vt -0.683500 -0.155000 0.000000
vt -0.623500 -0.095000 0.000000
vt -0.425500 -0.095000 0.000000
vt -0.623500 0.095000 0.000000
vt -0.425500 0.095000 0.000000
vt -0.623500 0.155000 0.000000
vt -0.425500 0.155000 0.000000
vt -0.933500 -0.155000 0.000000
vt -0.873500 -0.155000 0.000000
vt -0.873500 -0.095000 0.000000
vt -0.683500 -0.095000 0.000000
vt -0.873500 0.095000 0.000000
vt -0.683500 0.095000 0.000000
vt -0.873500 0.155000 0.000000
vt -0.683500 0.155000 0.000000
vt -0.933500 -0.095000 0.000000
vt -1.131500 -0.095000 0.000000
vt -1.131500 -0.155000 0.000000
vt -1.191500 -0.155000 0.000000
vt -1.381500 -0.155000 0.000000
vt -1.381500 -0.095000 0.000000
vt -1.191500 -0.095000 0.000000
vt -1.381500 0.095000 0.000000
vt -1.191500 0.095000 0.000000
vt -1.381500 0.155000 0.000000
vt -1.191500 0.155000 0.000000
vt -1.131500 0.155000 0.000000
vt -0.933500 0.155000 0.000000
vt -0.933500 0.095000 0.000000
vt -1.131500 0.095000 0.000000
vt -1.441500 -0.155000 0.000000
vt -1.639500 -0.155000 0.000000
vt -1.699500 -0.155000 0.000000
vt -1.639500 -0.095000 0.000000
vt -1.441500 -0.095000 0.000000
vt -1.639500 0.095000 0.000000
vt -1.441500 0.095000 0.000000
vt -1.639500 0.155000 0.000000
vt -1.441500 0.155000 0.000000
vt -1.949500 -0.155000 0.000000
vt -1.889500 -0.155000 0.000000
vt -1.889500 -0.095000 0.000000
vt -1.699500 -0.095000 0.000000
vt -1.889500 0.095000 0.000000
vt -1.699500 0.095000 0.000000
vt -1.889500 0.155000 0.000000
vt -1.699500 0.155000 0.000000
vt -1.949500 -0.095000 0.000000
vt -2.147500 -0.095000 0.000000
vt -2.147500 -0.155000 0.000000
vt -2.207500 -0.155000 0.000000
vt -2.397500 -0.155000 0.000000
vt -2.397500 -0.095000 0.000000
vt -2.207500 -0.095000 0.000000
vt -2.397500 0.095000 0.000000
vt -2.207500 0.095000 0.000000
vt -2.397500 0.155000 0.000000
vt -2.207500 0.155000 0.000000
vt -2.147500 0.155000 0.000000
vt -1.949500 0.155000 0.000000
vt -1.949500 0.095000 0.000000
vt -2.147500 0.095000 0.000000
vt -2.457500 -0.155000 0.000000
vt -2.457500 -0.095000 0.000000
vt -2.457500 0.095000 0.000000
vt -2.457500 0.155000 0.000000
vt 0.000000 0.000000 0.000000
vt 0.500000 0.000000 0.000000
vt 0.000000 0.120000 0.000000
vt 0.500000 0.120000 0.000000
vt 0.000000 0.000000 0.000000
vt 0.500000 0.000000 0.000000
vt 0.000000 0.120000 0.000000
vt 0.500000 0.120000 0.000000
vt -0.000000 0.000000 0.000000
vt 0.500000 0.000000 0.000000
vt -0.000000 0.120000 0.000000
vt 0.500000 0.120000 0.000000
vt 0.000000 0.000000 0.000000
vt 0.500000 0.000000 0.000000
vt 0.000000 0.120000 0.000000
vt 0.500000 0.120000 0.000000
vt -0.095000 -0.155000 0.000000
vt 0.095000 -0.155000 0.000000
vt -0.095000 -0.095000 0.000000
vt 0.095000 -0.095000 0.000000
vt -0.095000 0.095000 0.000000
vt 0.095000 0.095000 0.000000
vt -0.095000 0.155000 0.000000
vt 0.095000 0.155000 0.000000
vt -0.250000 0.250000 0.000000
vt 0.250000 0.250000 0.000000
vt 0.155000 0.155000 0.000000
vt 0.155000 0.095000 0.000000
vt -0.155000 -0.155000 0.000000
vt -0.250000 -0.250000 0.000000
vt 0.250000 -0.250000 0.000000
vt 0.155000 -0.155000 0.000000
vt 0.155000 -0.095000 0.000000
vt -0.155000 -0.095000 0.000000
vt -0.155000 0.095000 0.000000
vt -0.155000 0.155000 0.000000
vt 0.000000 0.000000 0.000000
vt 0.290000 0.000000 0.000000
vt 0.000000 0.425000 0.000000
vt 0.290000 0.425000 0.000000
vt 0.000000 0.000000 0.000000
vt 0.650000 0.000000 0.000000
vt 0.000000 0.425000 0.000000
vt 0.650000 0.425000 0.000000
vt 0.000000 0.000000 0.000000
vt 0.290000 0.000000 0.000000
vt 0.000000 0.425000 0.000000
vt 0.290000 0.425000 0.000000
vt 0.000000 0.000000 0.000000
vt 0.650000 0.000000 0.000000
vt 0.000000 0.425000 0.000000
vt 0.650000 0.425000 0.000000
vt 0.145000 0.325000 0.000000
vt -0.145000 0.325000 0.000000
vt 0.145000 -0.325000 0.000000
vt -0.145000 -0.325000 0.000000
vt 0.000000 0.000000 0.000000
vt 0.400000 0.000000 0.000000
vt 0.000000 0.365000 0.000000
vt 0.400000 0.365000 0.000000
vt 0.000000 0.000000 0.000000
vt 0.690000 0.000000 0.000000
vt 0.000000 0.365000 0.000000
vt 0.690000 0.365000 0.000000
vt 0.000000 0.000000 0.000000
vt 0.400000 0.000000 0.000000
vt 0.000000 0.365000 0.000000
vt 0.400000 0.365000 0.000000
vt 0.000000 0.000000 0.000000
vt 0.690000 0.000000 0.000000
vt 0.000000 0.365000 0.000000
vt 0.690000 0.365000 0.000000
vt 0.200000 0.345000 0.000000
vt -0.200000 0.345000 0.000000
vt 0.200000 -0.345000 0.000000
vt -0.200000 -0.345000 0.000000
vt 0.000000 0.000000 0.000000
vt 1.350000 0.000000 0.000000
vt 0.000000 1.550000 0.000000
vt 1.650000 1.550000 0.000000
vt 1.650000 0.000000 0.000000
vt 0.000000 0.000000 0.000000
vt 1.210000 0.000000 0.000000
vt 0.000000 1.550000 0.000000
vt 1.210000 1.550000 0.000000
vt 0.000000 0.000000 0.000000
vt 0.380968 0.000000 0.000000
vt 0.000000 1.550000 0.000000
vt 1.650000 1.550000 0.000000
vt 1.650000 0.000000 0.000000
vt 0.000000 0.000000 0.000000
vt 1.210000 0.000000 0.000000
vt 0.000000 1.550000 0.000000
vt 1.210000 1.550000 0.000000
vt 0.825000 0.605000 0.000000
vt -0.825000 0.605000 0.000000
vt 0.825000 -0.605000 0.000000
vt -0.825000 -0.605000 0.000000
vt -0.525000 -0.605000 0.000000
vt -0.525000 0.400000 0.000000
vt -0.825000 -0.605000 0.000000
vt -0.825000 0.605000 0.000000
vt -0.515616 0.474446 0.000000
vt -0.488052 0.544234 0.000000
vt -0.444032 0.605000 0.000000
vt 0.000000 0.000000 0.000000
vt 1.350000 0.000000 0.000000
vt 0.000000 1.550000 0.000000
vt 1.650000 1.550000 0.000000
vt 1.650000 0.000000 0.000000
vt 0.000000 0.000000 0.000000
vt 1.210000 0.000000 0.000000
vt 0.000000 1.550000 0.000000
vt 1.210000 1.550000 0.000000
vt 0.000000 0.000000 0.000000
vt 0.300000 0.000000 0.000000
vt 0.000000 1.550000 0.000000
vt 1.650000 1.550000 0.000000
vt 1.650000 0.000000 0.000000
vt 0.000000 0.000000 0.000000
vt 1.210000 0.000000 0.000000
vt 0.000000 1.550000 0.000000
vt 1.210000 1.550000 0.000000
vt 0.825000 0.605000 0.000000
vt -0.825000 0.605000 0.000000
vt 0.825000 -0.605000 0.000000
vt -0.825000 -0.605000 0.000000
vt -0.525000 0.605000 0.000000
vt -0.825000 0.605000 0.000000
vt -0.525000 -0.605000 0.000000
vt -0.825000 -0.605000 0.000000
vt 2.120000 0.000000 0.000000
vt 2.120000 1.380000 0.000000
vt 1.813939 0.000000 0.000000
vt 0.000000 1.380000 0.000000
vt 0.000000 0.000000 0.000000
vt 0.000000 0.000000 0.000000
vt 1.560000 0.000000 0.000000
vt 0.000000 1.380000 0.000000
vt 1.560000 1.380000 0.000000
vt 0.000000 0.000000 0.000000
vt 0.300000 0.000000 0.000000
vt 0.000000 1.380000 0.000000
vt 2.120000 1.380000 0.000000
vt 2.120000 0.000000 0.000000
vt 0.000000 0.000000 0.000000
vt 1.560000 0.000000 0.000000
vt 0.000000 1.380000 0.000000
vt 1.560000 1.380000 0.000000
vt 1.060000 0.780000 0.000000
vt -1.060000 0.780000 0.000000
vt 1.060000 -0.780000 0.000000
vt -1.060000 -0.780000 0.000000
vt -0.760000 0.780000 0.000000
vt -1.060000 0.780000 0.000000
vt -0.760000 -0.720000 0.000000
vt -1.060000 -0.780000 0.000000
vt -0.759325 -0.740121 0.000000
vt -0.757301 -0.760151 0.000000
vt -0.753939 -0.780000 0.000000
vt 0.000000 0.000000 0.000000
vt 0.133333 0.000000 0.000000
vt 0.000000 0.080000 0.000000
vt 0.133333 0.080000 0.000000
vt 0.000000 0.000000 0.000000
vt 0.100000 0.000000 0.000000
vt 0.000000 0.080000 0.000000
vt 0.100000 0.080000 0.000000
vt 0.000000 0.000000 0.000000
vt 0.400000 0.000000 0.000000
vt 0.000000 0.080000 0.000000
vt 0.400000 0.080000 0.000000
vt 0.000000 0.000000 0.000000
vt 0.100000 0.000000 0.000000
vt 0.000000 0.080000 0.000000
vt 0.100000 0.080000 0.000000
vt 0.000000 0.000000 0.000000
vt 0.133333 0.000000 0.000000
vt 0.000000 0.080000 0.000000
vt 0.133333 0.080000 0.000000
vt -0.080000 0.000000 0.000000
vt -0.000000 0.000000 0.000000
vt -0.080000 0.017453 0.000000
vt -0.000000 0.017453 0.000000
vt -0.080000 0.034907 0.000000
vt -0.000000 0.034907 0.000000
vt -0.080000 0.052360 0.000000
vt -0.000000 0.052360 0.000000
vt -0.080000 0.069813 0.000000
vt -0.000000 0.069813 0.000000
vt -0.080000 0.087266 0.000000
vt -0.000000 0.087266 0.000000
vt -0.080000 0.104720 0.000000
vt -0.000000 0.104720 0.000000
vt -0.080000 0.122173 0.000000
vt -0.000000 0.122173 0.000000
vt -0.080000 0.139626 0.000000
vt -0.000000 0.139626 0.000000
vt -0.080000 0.157080 0.000000
vt -0.000000 0.157080 0.000000
vt -0.080000 0.174533 0.000000
vt -0.000000 0.174533 0.000000
vt -0.080000 0.191986 0.000000
vt -0.000000 0.191986 0.000000
vt -0.080000 0.209440 0.000000
vt -0.000000 0.209440 0.000000
vt -0.033921 0.064395 0.000000
vt -0.016667 -0.066667 0.000000
vt -0.016667 0.066667 0.000000
vt 0.083333 -0.200000 0.000000
vt 0.083333 0.200000 0.000000
vt -0.050000 0.057735 0.000000
vt -0.050000 -0.057735 0.000000
vt -0.033921 -0.064395 0.000000
vt -0.063807 -0.047140 0.000000
vt -0.063807 0.047140 0.000000
vt -0.074402 -0.033333 0.000000
vt -0.074402 0.033333 0.000000
vt -0.081062 -0.017255 0.000000
vt -0.081062 0.017255 0.000000
vt -0.083333 -0.000000 0.000000
vt -0.016667 -0.200000 0.000000
vt -0.016667 0.200000 0.000000
vt -0.000000 0.000000 0.000000
vt 0.200000 0.000000 0.000000
vt -0.000000 0.080000 0.000000
vt 0.200000 0.080000 0.000000
vt -0.000000 0.000000 0.000000
vt 0.110000 0.000000 0.000000
vt -0.000000 0.080000 0.000000
vt 0.110000 0.080000 0.000000
vt 0.000000 0.000000 0.000000
vt 0.200000 0.000000 0.000000
vt 0.000000 0.080000 0.000000
vt 0.200000 0.080000 0.000000
vt 0.000000 0.000000 0.000000
vt 0.110000 0.000000 0.000000
vt 0.000000 0.080000 0.000000
vt 0.110000 0.080000 0.000000
vt -0.055000 -0.100000 0.000000
vt 0.055000 -0.100000 0.000000
vt -0.055000 0.100000 0.000000
vt 0.055000 0.100000 0.000000
vt -0.000000 0.000000 0.000000
vt 0.190000 0.000000 0.000000
vt -0.000000 0.080000 0.000000
vt 0.190000 0.080000 0.000000
vt -0.000000 0.000000 0.000000
vt 0.090000 0.000000 0.000000
vt -0.000000 0.080000 0.000000
vt 0.090000 0.080000 0.000000
vt 0.000000 0.000000 0.000000
vt 0.190000 0.000000 0.000000
vt 0.000000 0.080000 0.000000
vt 0.190000 0.080000 0.000000
vt 0.000000 0.000000 0.000000
vt 0.090000 0.000000 0.000000
vt 0.000000 0.080000 0.000000
vt 0.090000 0.080000 0.000000
vt -0.045000 -0.095000 0.000000
vt 0.045000 -0.095000 0.000000
vt -0.045000 0.095000 0.000000
vt 0.045000 0.095000 0.000000
vt 0.000000 0.000000 0.000000
vt 0.250000 0.000000 0.000000
vt 0.000000 0.080000 0.000000
vt 0.250000 0.080000 0.000000
vt 0.000000 0.000000 0.000000
vt 0.200000 0.000000 0.000000
vt 0.000000 0.080000 0.000000
vt 0.200000 0.080000 0.000000
vt -0.000000 0.000000 0.000000
vt 0.250000 0.000000 0.000000
vt -0.000000 0.080000 0.000000
vt 0.250000 0.080000 0.000000
vt -0.000000 0.000000 0.000000
vt 0.200000 0.000000 0.000000
vt -0.000000 0.080000 0.000000
vt 0.200000 0.080000 0.000000
vt 0.100000 0.125000 0.000000
vt -0.100000 0.125000 0.000000
vt 0.100000 -0.125000 0.000000
vt -0.100000 -0.125000 0.000000
vt 0.000000 0.000000 0.000000
vt 0.250000 0.000000 0.000000
vt 0.000000 0.080000 0.000000
vt 0.250000 0.080000 0.000000
vt 0.000000 0.000000 0.000000
vt 0.200000 0.000000 0.000000
vt 0.000000 0.080000 0.000000
vt 0.200000 0.080000 0.000000
vt -0.000000 0.000000 0.000000
vt 0.250000 0.000000 0.000000
vt -0.000000 0.080000 0.000000
vt 0.250000 0.080000 0.000000
vt -0.000000 0.000000 0.000000
vt 0.200000 0.000000 0.000000
vt -0.000000 0.080000 0.000000
vt 0.200000 0.080000 0.000000
vt 0.100000 0.125000 0.000000
vt -0.100000 0.125000 0.000000
vt 0.100000 -0.125000 0.000000
vt -0.100000 -0.125000 0.000000
vt -0.000000 0.000000 0.000000
vt 0.200000 0.000000 0.000000
vt -0.000000 0.080000 0.000000
vt 0.200000 0.080000 0.000000
vt -0.000000 0.000000 0.000000
vt 0.110000 0.000000 0.000000
vt -0.000000 0.080000 0.000000
vt 0.110000 0.080000 0.000000
vt 0.000000 0.000000 0.000000
vt 0.200000 0.000000 0.000000
vt 0.000000 0.080000 0.000000
vt 0.200000 0.080000 0.000000
vt 0.000000 0.000000 0.000000
vt 0.110000 0.000000 0.000000
vt 0.000000 0.080000 0.000000
vt 0.110000 0.080000 0.000000
vt -0.055000 -0.100000 0.000000
vt 0.055000 -0.100000 0.000000
vt -0.055000 0.100000 0.000000
vt 0.055000 0.100000 0.000000
vt 0.000000 0.000000 0.000000
vt 0.200000 0.000000 0.000000
vt 0.000000 0.080000 0.000000
vt 0.200000 0.080000 0.000000
vt 0.000000 0.000000 0.000000
vt 0.110000 0.000000 0.000000
vt 0.000000 0.080000 0.000000
vt 0.110000 0.080000 0.000000
vt 0.000000 0.000000 0.000000
vt 0.200000 0.000000 0.000000
vt 0.000000 0.080000 0.000000
vt 0.200000 0.080000 0.000000
vt 0.000000 0.000000 0.000000
vt 0.110000 0.000000 0.000000
vt 0.000000 0.080000 0.000000
vt 0.110000 0.080000 0.000000
vt 0.100000 0.055000 0.000000
vt -0.100000 0.055000 0.000000
vt 0.100000 -0.055000 0.000000
vt -0.100000 -0.055000 0.000000
vt -0.000000 0.000000 0.000000
vt 0.200000 0.000000 0.000000
vt -0.000000 0.080000 0.000000
vt 0.200000 0.080000 0.000000
vt -0.000000 0.000000 0.000000
vt 0.110000 0.000000 0.000000
vt -0.000000 0.080000 0.000000
vt 0.110000 0.080000 0.000000
vt 0.000000 0.000000 0.000000
vt 0.200000 0.000000 0.000000
vt 0.000000 0.080000 0.000000
vt 0.200000 0.080000 0.000000
vt 0.000000 0.000000 0.000000
vt 0.110000 0.000000 0.000000
vt 0.000000 0.080000 0.000000
vt 0.110000 0.080000 0.000000
vt -0.055000 -0.100000 0.000000
vt 0.055000 -0.100000 0.000000
vt -0.055000 0.100000 0.000000
vt 0.055000 0.100000 0.000000
vt 0.000000 0.000000 0.000000
vt 0.200000 0.000000 0.000000
vt 0.000000 0.080000 0.000000
vt 0.200000 0.080000 0.000000
vt 0.000000 0.000000 0.000000
vt 0.110000 0.000000 0.000000
vt 0.000000 0.080000 0.000000
vt 0.110000 0.080000 0.000000
vt 0.000000 0.000000 0.000000
vt 0.200000 0.000000 0.000000
vt 0.000000 0.080000 0.000000
vt 0.200000 0.080000 0.000000
vt 0.000000 0.000000 0.000000
vt 0.110000 0.000000 0.000000
vt 0.000000 0.080000 0.000000
vt 0.110000 0.080000 0.000000
vt -0.100000 -0.055000 0.000000
vt 0.100000 -0.055000 0.000000
vt -0.100000 0.055000 0.000000
vt 0.100000 0.055000 0.000000
vt 0.000000 0.000000 0.000000
vt 0.250000 0.000000 0.000000
vt 0.000000 0.080000 0.000000
vt 0.250000 0.080000 0.000000
vt 0.000000 0.000000 0.000000
vt 0.200000 0.000000 0.000000
vt 0.000000 0.080000 0.000000
vt 0.200000 0.080000 0.000000
vt -0.000000 0.000000 0.000000
vt 0.250000 0.000000 0.000000
vt -0.000000 0.080000 0.000000
vt 0.250000 0.080000 0.000000
vt -0.000000 0.000000 0.000000
vt 0.200000 0.000000 0.000000
vt -0.000000 0.080000 0.000000
vt 0.200000 0.080000 0.000000
vt 0.100000 0.125000 0.000000
vt -0.100000 0.125000 0.000000
vt 0.100000 -0.125000 0.000000
vt -0.100000 -0.125000 0.000000
vt 0.000000 0.000000 0.000000
vt 0.250000 0.000000 0.000000
vt 0.000000 0.080000 0.000000
vt 0.250000 0.080000 0.000000
vt 0.000000 0.000000 0.000000
vt 0.200000 0.000000 0.000000
vt 0.000000 0.080000 0.000000
vt 0.200000 0.080000 0.000000
vt -0.000000 0.000000 0.000000
vt 0.250000 0.000000 0.000000
vt -0.000000 0.080000 0.000000
vt 0.250000 0.080000 0.000000
vt -0.000000 0.000000 0.000000
vt 0.200000 0.000000 0.000000
vt -0.000000 0.080000 0.000000
vt 0.200000 0.080000 0.000000
vt 0.100000 0.125000 0.000000
vt -0.100000 0.125000 0.000000
vt 0.100000 -0.125000 0.000000
vt -0.100000 -0.125000 0.000000
vt 0.000000 0.000000 0.000000
vt 0.200000 0.000000 0.000000
vt 0.000000 0.080000 0.000000
vt 0.200000 0.080000 0.000000
vt 0.000000 0.000000 0.000000
vt 0.110000 0.000000 0.000000
vt 0.000000 0.080000 0.000000
vt 0.110000 0.080000 0.000000
vt 0.000000 0.000000 0.000000
vt 0.200000 0.000000 0.000000
vt 0.000000 0.080000 0.000000
vt 0.200000 0.080000 0.000000
vt 0.000000 0.000000 0.000000
vt 0.110000 0.000000 0.000000
vt 0.000000 0.080000 0.000000
vt 0.110000 0.080000 0.000000
vt -0.100000 -0.055000 0.000000
vt 0.100000 -0.055000 0.000000
vt -0.100000 0.055000 0.000000
vt 0.100000 0.055000 0.000000
vt 0.000000 0.000000 0.000000
vt 0.200000 0.000000 0.000000
vt 0.000000 0.080000 0.000000
vt 0.200000 0.080000 0.000000
vt 0.000000 0.000000 0.000000
vt 0.110000 0.000000 0.000000
vt 0.000000 0.080000 0.000000
vt 0.110000 0.080000 0.000000
vt 0.000000 0.000000 0.000000
vt 0.200000 0.000000 0.000000
vt 0.000000 0.080000 0.000000
vt 0.200000 0.080000 0.000000
vt 0.000000 0.000000 0.000000
vt 0.110000 0.000000 0.000000
vt 0.000000 0.080000 0.000000
vt 0.110000 0.080000 0.000000
vt 0.100000 0.055000 0.000000
vt -0.100000 0.055000 0.000000
vt 0.100000 -0.055000 0.000000
vt -0.100000 -0.055000 0.000000
vt 0.010000 -0.647953 0.000000
vt 0.000000 -0.647953 0.000000
vt 0.010000 -0.706858 0.000000
vt 0.000000 -0.706858 0.000000
vt 0.010000 0.706858 0.000000
vt 0.000000 0.706858 0.000000
vt 0.010000 0.647953 0.000000
vt 0.000000 0.647953 0.000000
vt 0.010000 0.589049 0.000000
vt 0.000000 0.589049 0.000000
vt 0.010000 0.530144 0.000000
vt -0.000000 0.530144 0.000000
vt 0.010000 0.471239 0.000000
vt 0.000000 0.471239 0.000000
vt 0.010000 0.412334 0.000000
vt 0.000000 0.412334 0.000000
vt 0.010000 0.353429 0.000000
vt 0.000000 0.353429 0.000000
vt 0.010000 0.294524 0.000000
vt 0.000000 0.294524 0.000000
vt 0.010000 0.235619 0.000000
vt 0.000000 0.235619 0.000000
vt 0.010000 0.176715 0.000000
vt 0.000000 0.176715 0.000000
vt 0.010000 0.117810 0.000000
vt 0.000000 0.117810 0.000000
vt 0.010000 0.058905 0.000000
vt 0.000000 0.058905 0.000000
vt 0.010000 0.000000 0.000000
vt 0.000000 0.000000 0.000000
vt 0.010000 -0.058905 0.000000
vt 0.000000 -0.058905 0.000000
vt 0.010000 -0.117810 0.000000
vt 0.000000 -0.117810 0.000000
vt 0.010000 -0.176715 0.000000
vt 0.000000 -0.176715 0.000000
vt 0.010000 -0.235619 0.000000
vt 0.000000 -0.235619 0.000000
vt 0.010000 -0.294524 0.000000
vt 0.000000 -0.294524 0.000000
vt 0.010000 -0.353429 0.000000
vt 0.000000 -0.353429 0.000000
vt 0.010000 -0.412334 0.000000
vt 0.000000 -0.412334 0.000000
vt 0.010000 -0.471239 0.000000
vt 0.000000 -0.471239 0.000000
vt 0.010000 -0.530144 0.000000
vt 0.000000 -0.530144 0.000000
vt 0.010000 -0.589049 0.000000
vt 0.000000 -0.589049 0.000000
vt -0.130400 -0.034941 0.000000
vt -0.135000 0.000000 0.000000
vt -0.225000 0.000000 0.000000
vt -0.130400 0.034941 0.000000
vt -0.217333 0.058234 0.000000
vt -0.116913 0.067500 0.000000
vt -0.194856 0.112500 0.000000
vt -0.095459 0.095459 0.000000
vt -0.159099 0.159099 0.000000
vt -0.067500 0.116913 0.000000
vt -0.112500 0.194856 0.000000
vt -0.034941 0.130400 0.000000
vt -0.058234 0.217333 0.000000
vt 0.000000 0.135000 0.000000
vt 0.000000 0.225000 0.000000
vt 0.058234 0.217333 0.000000
vt 0.034941 0.130400 0.000000
vt 0.112500 0.194856 0.000000
vt 0.067500 0.116913 0.000000
vt 0.159099 0.159099 0.000000
vt 0.095459 0.095459 0.000000
vt 0.194856 0.112500 0.000000
vt 0.116913 0.067500 0.000000
vt 0.217333 0.058234 0.000000
vt 0.130400 0.034941 0.000000
vt 0.225000 0.000000 0.000000
vt 0.135000 0.000000 0.000000
vt 0.217333 -0.058234 0.000000
vt 0.130400 -0.034941 0.000000
vt 0.116913 -0.067500 0.000000
vt 0.194856 -0.112500 0.000000
vt 0.095459 -0.095459 0.000000
vt 0.159099 -0.159099 0.000000
vt 0.067500 -0.116913 0.000000
vt 0.112500 -0.194856 0.000000
vt 0.034941 -0.130400 0.000000
vt 0.058234 -0.217333 0.000000
vt 0.000000 -0.135000 0.000000
vt 0.000000 -0.225000 0.000000
vt -0.058234 -0.217333 0.000000
vt -0.034941 -0.130400 0.000000
vt -0.112500 -0.194856 0.000000
vt -0.067500 -0.116913 0.000000
vt -0.159099 -0.159099 0.000000
vt -0.095459 -0.095459 0.000000
vt -0.194856 -0.112500 0.000000
vt -0.116913 -0.067500 0.000000
vt -0.217333 -0.058234 0.000000
vt 0.010000 -0.647953 0.000000
vt 0.000000 -0.647953 0.000000
vt 0.010000 -0.706858 0.000000
vt 0.000000 -0.706858 0.000000
vt 0.010000 0.706858 0.000000
vt 0.000000 0.706858 0.000000
vt 0.010000 0.647953 0.000000
vt 0.000000 0.647953 0.000000
vt 0.010000 0.589049 0.000000
vt 0.000000 0.589049 0.000000
vt 0.010000 0.530144 0.000000
vt -0.000000 0.530144 0.000000
vt 0.010000 0.471239 0.000000
vt 0.000000 0.471239 0.000000
vt 0.010000 0.412334 0.000000
vt -0.000000 0.412334 0.000000
vt 0.010000 0.353429 0.000000
vt 0.000000 0.353429 0.000000
vt 0.010000 0.294524 0.000000
vt 0.000000 0.294524 0.000000
vt 0.010000 0.235619 0.000000
vt 0.000000 0.235619 0.000000
vt 0.010000 0.176715 0.000000
vt 0.000000 0.176715 0.000000
vt 0.010000 0.117810 0.000000
vt 0.000000 0.117810 0.000000
vt 0.010000 0.058905 0.000000
vt 0.000000 0.058905 0.000000
vt 0.010000 0.000000 0.000000
vt 0.000000 0.000000 0.000000
vt 0.010000 -0.058905 0.000000
vt 0.000000 -0.058905 0.000000
vt 0.010000 -0.117810 0.000000
vt 0.000000 -0.117810 0.000000
vt 0.010000 -0.176715 0.000000
vt 0.000000 -0.176715 0.000000
vt 0.010000 -0.235619 0.000000
vt 0.000000 -0.235619 0.000000
vt 0.010000 -0.294524 0.000000
vt 0.000000 -0.294524 0.000000
vt 0.010000 -0.353429 0.000000
vt 0.000000 -0.353429 0.000000
vt 0.010000 -0.412334 0.000000
vt 0.000000 -0.412334 0.000000
vt 0.010000 -0.471239 0.000000
vt 0.000000 -0.471239 0.000000
vt 0.010000 -0.530144 0.000000
vt 0.000000 -0.530144 0.000000
vt 0.010000 -0.589049 0.000000
vt 0.000000 -0.589049 0.000000
vt -0.130400 -0.034941 0.000000
vt -0.135000 0.000000 0.000000
vt -0.225000 0.000000 0.000000
vt -0.130400 0.034941 0.000000
vt -0.217333 0.058234 0.000000
vt -0.116913 0.067500 0.000000
vt -0.194856 0.112500 0.000000
vt -0.095459 0.095459 0.000000
vt -0.159099 0.159099 0.000000
vt -0.067500 0.116913 0.000000
vt -0.112500 0.194856 0.000000
vt -0.034941 0.130400 0.000000
vt -0.058234 0.217333 0.000000
vt 0.000000 0.135000 0.000000
vt 0.000000 0.225000 0.000000
vt 0.058234 0.217333 0.000000
vt 0.034941 0.130400 0.000000
vt 0.112500 0.194856 0.000000
vt 0.067500 0.116913 0.000000
vt 0.159099 0.159099 0.000000
vt 0.095459 0.095459 0.000000
vt 0.194856 0.112500 0.000000
vt 0.116913 0.067500 0.000000
vt 0.217333 0.058234 0.000000
vt 0.130400 0.034941 0.000000
vt 0.225000 0.000000 0.000000
vt 0.135000 0.000000 0.000000
vt 0.217333 -0.058234 0.000000
vt 0.130400 -0.034941 0.000000
vt 0.116913 -0.067500 0.000000
vt 0.194856 -0.112500 0.000000
vt 0.095459 -0.095459 0.000000
vt 0.159099 -0.159099 0.000000
vt 0.067500 -0.116913 0.000000
vt 0.112500 -0.194856 0.000000
vt 0.034941 -0.130400 0.000000
vt 0.058234 -0.217333 0.000000
vt 0.000000 -0.135000 0.000000
vt 0.000000 -0.225000 0.000000
vt -0.058234 -0.217333 0.000000
vt -0.034941 -0.130400 0.000000
vt -0.112500 -0.194856 0.000000
vt -0.067500 -0.116913 0.000000
vt -0.159099 -0.159099 0.000000
vt -0.095459 -0.095459 0.000000
vt -0.194856 -0.112500 0.000000
vt -0.116913 -0.067500 0.000000
vt -0.217333 -0.058234 0.000000
vt 0.010000 -0.647953 0.000000
vt 0.000000 -0.647953 0.000000
vt 0.010000 -0.706858 0.000000
vt 0.000000 -0.706858 0.000000
vt 0.010000 0.706858 0.000000
vt 0.000000 0.706858 0.000000
vt 0.010000 0.647953 0.000000
vt 0.000000 0.647953 0.000000
vt 0.010000 0.589049 0.000000
vt -0.000000 0.589049 0.000000
vt 0.010000 0.530144 0.000000
vt -0.000000 0.530144 0.000000
vt 0.010000 0.471239 0.000000
vt -0.000000 0.471239 0.000000
vt 0.010000 0.412334 0.000000
vt -0.000000 0.412334 0.000000
vt 0.010000 0.353429 0.000000
vt 0.000000 0.353429 0.000000
vt 0.010000 0.294524 0.000000
vt 0.000000 0.294524 0.000000
vt 0.010000 0.235619 0.000000
vt 0.000000 0.235619 0.000000
vt 0.010000 0.176715 0.000000
vt 0.000000 0.176715 0.000000
vt 0.010000 0.117810 0.000000
vt 0.000000 0.117810 0.000000
vt 0.010000 0.058905 0.000000
vt 0.000000 0.058905 0.000000
vt 0.010000 0.000000 0.000000
vt 0.000000 0.000000 0.000000
vt 0.010000 -0.058905 0.000000
vt 0.000000 -0.058905 0.000000
vt 0.010000 -0.117810 0.000000
vt 0.000000 -0.117810 0.000000
vt 0.010000 -0.176715 0.000000
vt 0.000000 -0.176715 0.000000
vt 0.010000 -0.235619 0.000000
vt 0.000000 -0.235619 0.000000
vt 0.010000 -0.294524 0.000000
vt 0.000000 -0.294524 0.000000
vt 0.010000 -0.353429 0.000000
vt 0.000000 -0.353429 0.000000
vt 0.010000 -0.412334 0.000000
vt 0.000000 -0.412334 0.000000
vt 0.010000 -0.471239 0.000000
vt 0.000000 -0.471239 0.000000
vt 0.010000 -0.530144 0.000000
vt 0.000000 -0.530144 0.000000
vt 0.010000 -0.589049 0.000000
vt 0.000000 -0.589049 0.000000
vt -0.130400 -0.034941 0.000000
vt -0.135000 0.000000 0.000000
vt -0.225000 0.000000 0.000000
vt -0.130400 0.034941 0.000000
vt -0.217333 0.058234 0.000000
vt -0.116913 0.067500 0.000000
vt -0.194856 0.112500 0.000000
vt -0.095459 0.095459 0.000000
vt -0.159099 0.159099 0.000000
vt -0.067500 0.116913 0.000000
vt -0.112500 0.194856 0.000000
vt -0.034941 0.130400 0.000000
vt -0.058234 0.217333 0.000000
vt 0.000000 0.135000 0.000000
vt 0.000000 0.225000 0.000000
vt 0.058234 0.217333 0.000000
vt 0.034941 0.130400 0.000000
vt 0.112500 0.194856 0.000000
vt 0.067500 0.116913 0.000000
vt 0.159099 0.159099 0.000000
vt 0.095459 0.095459 0.000000
vt 0.194856 0.112500 0.000000
vt 0.116913 0.067500 0.000000
vt 0.217333 0.058234 0.000000
vt 0.130400 0.034941 0.000000
vt 0.225000 0.000000 0.000000
vt 0.135000 0.000000 0.000000
vt 0.217333 -0.058234 0.000000
vt 0.130400 -0.034941 0.000000
vt 0.116913 -0.067500 0.000000
vt 0.194856 -0.112500 0.000000
vt 0.095459 -0.095459 0.000000
vt 0.159099 -0.159099 0.000000
vt 0.067500 -0.116913 0.000000
vt 0.112500 -0.194856 0.000000
vt 0.034941 -0.130400 0.000000
vt 0.058234 -0.217333 0.000000
vt 0.000000 -0.135000 0.000000
vt 0.000000 -0.225000 0.000000
vt -0.058234 -0.217333 0.000000
vt -0.034941 -0.130400 0.000000
vt -0.112500 -0.194856 0.000000
vt -0.067500 -0.116913 0.000000
vt -0.159099 -0.159099 0.000000
vt -0.095459 -0.095459 0.000000
vt -0.194856 -0.112500 0.000000
vt -0.116913 -0.067500 0.000000
vt -0.217333 -0.058234 0.000000
vt 0.010000 -0.647953 0.000000
vt 0.000000 -0.647953 0.000000
vt 0.010000 -0.706858 0.000000
vt 0.000000 -0.706858 0.000000
vt 0.010000 0.706858 0.000000
vt 0.000000 0.706858 0.000000
vt 0.010000 0.647953 0.000000
vt -0.000000 0.647953 0.000000
vt 0.010000 0.589049 0.000000
vt -0.000000 0.589049 0.000000
vt 0.010000 0.530144 0.000000
vt -0.000000 0.530144 0.000000
vt 0.010000 0.471239 0.000000
vt -0.000000 0.471239 0.000000
vt 0.010000 0.412334 0.000000
vt 0.000000 0.412334 0.000000
vt 0.010000 0.353429 0.000000
vt 0.000000 0.353429 0.000000
vt 0.010000 0.294524 0.000000
vt 0.000000 0.294524 0.000000
vt 0.010000 0.235619 0.000000
vt 0.000000 0.235619 0.000000
vt 0.010000 0.176715 0.000000
vt 0.000000 0.176715 0.000000
vt 0.010000 0.117810 0.000000
vt 0.000000 0.117810 0.000000
vt 0.010000 0.058905 0.000000
vt 0.000000 0.058905 0.000000
vt 0.010000 0.000000 0.000000
vt 0.000000 0.000000 0.000000
vt 0.010000 -0.058905 0.000000
vt 0.000000 -0.058905 0.000000
vt 0.010000 -0.117810 0.000000
vt 0.000000 -0.117810 0.000000
vt 0.010000 -0.176715 0.000000
vt 0.000000 -0.176715 0.000000
vt 0.010000 -0.235619 0.000000
vt 0.000000 -0.235619 0.000000
vt 0.010000 -0.294524 0.000000
vt 0.000000 -0.294524 0.000000
vt 0.010000 -0.353429 0.000000
vt 0.000000 -0.353429 0.000000
vt 0.010000 -0.412334 0.000000
vt 0.000000 -0.412334 0.000000
vt 0.010000 -0.471239 0.000000
vt 0.000000 -0.471239 0.000000
vt 0.010000 -0.530144 0.000000
vt 0.000000 -0.530144 0.000000
vt 0.010000 -0.589049 0.000000
vt 0.000000 -0.589049 0.000000
vt -0.130400 -0.034941 0.000000
vt -0.135000 0.000000 0.000000
vt -0.225000 0.000000 0.000000
vt -0.130400 0.034941 0.000000
vt -0.217333 0.058234 0.000000
vt -0.116913 0.067500 0.000000
vt -0.194856 0.112500 0.000000
vt -0.095459 0.095459 0.000000
vt -0.159099 0.159099 0.000000
vt -0.067500 0.116913 0.000000
vt -0.112500 0.194856 0.000000
vt -0.034941 0.130400 0.000000
vt -0.058234 0.217333 0.000000
vt 0.000000 0.135000 0.000000
vt 0.000000 0.225000 0.000000
vt 0.058234 0.217333 0.000000
vt 0.034941 0.130400 0.000000
vt 0.112500 0.194856 0.000000
vt 0.067500 0.116913 0.000000
vt 0.159099 0.159099 0.000000
vt 0.095459 0.095459 0.000000
vt 0.194856 0.112500 0.000000
vt 0.116913 0.067500 0.000000
vt 0.217333 0.058234 0.000000
vt 0.130400 0.034941 0.000000
vt 0.225000 0.000000 0.000000
vt 0.135000 0.000000 0.000000
vt 0.217333 -0.058234 0.000000
vt 0.130400 -0.034941 0.000000
vt 0.116913 -0.067500 0.000000
vt 0.194856 -0.112500 0.000000
vt 0.095459 -0.095459 0.000000
vt 0.159099 -0.159099 0.000000
vt 0.067500 -0.116913 0.000000
vt 0.112500 -0.194856 0.000000
vt 0.034941 -0.130400 0.000000
vt 0.058234 -0.217333 0.000000
vt 0.000000 -0.135000 0.000000
vt 0.000000 -0.225000 0.000000
vt -0.058234 -0.217333 0.000000
vt -0.034941 -0.130400 0.000000
vt -0.112500 -0.194856 0.000000
vt -0.067500 -0.116913 0.000000
vt -0.159099 -0.159099 0.000000
vt -0.095459 -0.095459 0.000000
vt -0.194856 -0.112500 0.000000
vt -0.116913 -0.067500 0.000000
vt -0.217333 -0.058234 0.000000
vt 0.700000 0.000000 0.000000
vt 0.700000 0.320000 0.000000
vt 0.580000 0.000000 0.000000
vt -0.000000 0.320000 0.000000
vt -0.000000 0.000000 0.000000
vt -0.000000 0.000000 0.000000
vt 0.890000 0.000000 0.000000
vt -0.000000 0.320000 0.000000
vt 0.890000 0.320000 0.000000
vt 0.700000 0.000000 0.000000
vt 0.700000 0.320000 0.000000
vt 0.120000 0.000000 0.000000
vt 0.000000 0.320000 0.000000
vt 0.000000 0.000000 0.000000
vt 0.000000 0.000000 0.000000
vt 0.890000 0.000000 0.000000
vt 0.000000 0.320000 0.000000
vt 0.890000 0.320000 0.000000
vt -0.445000 -0.350000 0.000000
vt 0.445000 -0.350000 0.000000
vt -0.445000 0.350000 0.000000
vt 0.445000 0.350000 0.000000
vt 0.445000 -0.230000 0.000000
vt -0.445000 -0.230000 0.000000
vt 0.445000 -0.350000 0.000000
vt -0.445000 -0.350000 0.000000
vt 0.010000 0.388772 0.000000
vt 0.075000 0.388772 0.000000
vt 0.010000 0.424115 0.000000
vt 0.075000 0.424115 0.000000
vt 0.010000 -0.424115 0.000000
vt 0.075000 -0.424115 0.000000
vt 0.010000 -0.388772 0.000000
vt 0.075000 -0.388772 0.000000
vt 0.010000 -0.353429 0.000000
vt 0.075000 -0.353429 0.000000
vt 0.010000 -0.318086 0.000000
vt 0.075000 -0.318086 0.000000
vt 0.010000 -0.282743 0.000000
vt 0.075000 -0.282743 0.000000
vt 0.010000 -0.247400 0.000000
vt 0.075000 -0.247400 0.000000
vt 0.010000 -0.212058 0.000000
vt 0.075000 -0.212058 0.000000
vt 0.010000 -0.176715 0.000000
vt 0.075000 -0.176715 0.000000
vt 0.010000 -0.141372 0.000000
vt 0.075000 -0.141372 0.000000
vt 0.010000 -0.106029 0.000000
vt 0.075000 -0.106029 0.000000
vt 0.010000 -0.070686 0.000000
vt 0.075000 -0.070686 0.000000
vt 0.010000 -0.035343 0.000000
vt 0.075000 -0.035343 0.000000
vt 0.010000 0.000000 0.000000
vt 0.075000 0.000000 0.000000
vt 0.010000 0.035343 0.000000
vt 0.075000 0.035343 0.000000
vt 0.010000 0.070686 0.000000
vt 0.075000 0.070686 0.000000
vt 0.010000 0.106029 0.000000
vt 0.075000 0.106029 0.000000
vt 0.010000 0.141372 0.000000
vt 0.075000 0.141372 0.000000
vt 0.010000 0.176715 0.000000
vt 0.075000 0.176715 0.000000
vt 0.010000 0.212058 0.000000
vt 0.075000 0.212058 0.000000
vt 0.010000 0.247400 0.000000
vt 0.075000 0.247400 0.000000
vt 0.010000 0.282743 0.000000
vt 0.075000 0.282743 0.000000
vt 0.010000 0.318086 0.000000
vt 0.075000 0.318086 0.000000
vt 0.010000 0.353429 0.000000
vt 0.075000 0.353429 0.000000
vt 0.075000 -0.431969 0.000000
vt 0.000000 -0.431969 0.000000
vt 0.075000 -0.471239 0.000000
vt 0.000000 -0.471239 0.000000
vt 0.075000 0.471239 0.000000
vt 0.000000 0.471239 0.000000
vt 0.075000 0.431969 0.000000
vt -0.000000 0.431969 0.000000
vt 0.075000 0.392699 0.000000
vt -0.000000 0.392699 0.000000
vt 0.075000 0.353429 0.000000
vt -0.000000 0.353429 0.000000
vt 0.075000 0.314159 0.000000
vt -0.000000 0.314159 0.000000
vt 0.075000 0.274889 0.000000
vt -0.000000 0.274889 0.000000
vt 0.075000 0.235619 0.000000
vt 0.000000 0.235619 0.000000
vt 0.075000 0.196350 0.000000
vt 0.000000 0.196350 0.000000
vt 0.075000 0.157080 0.000000
vt 0.000000 0.157080 0.000000
vt 0.075000 0.117810 0.000000
vt -0.000000 0.117810 0.000000
vt 0.075000 0.078540 0.000000
vt 0.000000 0.078540 0.000000
vt 0.075000 0.039270 0.000000
vt -0.000000 0.039270 0.000000
vt 0.075000 0.000000 0.000000
vt 0.000000 0.000000 0.000000
vt 0.075000 -0.039270 0.000000
vt 0.000000 -0.039270 0.000000
vt 0.075000 -0.078540 0.000000
vt -0.000000 -0.078540 0.000000
vt 0.075000 -0.117810 0.000000
vt -0.000000 -0.117810 0.000000
vt 0.075000 -0.157080 0.000000
vt -0.000000 -0.157080 0.000000
vt 0.075000 -0.196350 0.000000
vt -0.000000 -0.196350 0.000000
vt 0.075000 -0.235619 0.000000
vt 0.000000 -0.235619 0.000000
vt 0.075000 -0.274889 0.000000
vt -0.000000 -0.274889 0.000000
vt 0.075000 -0.314159 0.000000
vt -0.000000 -0.314159 0.000000
vt 0.075000 -0.353429 0.000000
vt -0.000000 -0.353429 0.000000
vt 0.075000 -0.392699 0.000000
vt 0.000000 -0.392699 0.000000
vt 0.010000 0.388772 0.000000
vt 0.075000 0.388772 0.000000
vt 0.010000 0.424115 0.000000
vt 0.075000 0.424115 0.000000
vt 0.010000 -0.424115 0.000000
vt 0.075000 -0.424115 0.000000
vt 0.010000 -0.388772 0.000000
vt 0.075000 -0.388772 0.000000
vt 0.010000 -0.353429 0.000000
vt 0.075000 -0.353429 0.000000
vt 0.010000 -0.318086 0.000000
vt 0.075000 -0.318086 0.000000
vt 0.010000 -0.282743 0.000000
vt 0.075000 -0.282743 0.000000
vt 0.010000 -0.247400 0.000000
vt 0.075000 -0.247400 0.000000
vt 0.010000 -0.212058 0.000000
vt 0.075000 -0.212058 0.000000
vt 0.010000 -0.176715 0.000000
vt 0.075000 -0.176715 0.000000
vt 0.010000 -0.141372 0.000000
vt 0.075000 -0.141372 0.000000
vt 0.010000 -0.106029 0.000000
vt 0.075000 -0.106029 0.000000
vt 0.010000 -0.070686 0.000000
vt 0.075000 -0.070686 0.000000
vt 0.010000 -0.035343 0.000000
vt 0.075000 -0.035343 0.000000
vt 0.010000 0.000000 0.000000
vt 0.075000 0.000000 0.000000
vt 0.010000 0.035343 0.000000
vt 0.075000 0.035343 0.000000
vt 0.010000 0.070686 0.000000
vt 0.075000 0.070686 0.000000
vt 0.010000 0.106029 0.000000
vt 0.075000 0.106029 0.000000
vt 0.010000 0.141372 0.000000
vt 0.075000 0.141372 0.000000
vt 0.010000 0.176715 0.000000
vt 0.075000 0.176715 0.000000
vt 0.010000 0.212058 0.000000
vt 0.075000 0.212058 0.000000
vt 0.010000 0.247400 0.000000
vt 0.075000 0.247400 0.000000
vt 0.010000 0.282743 0.000000
vt 0.075000 0.282743 0.000000
vt 0.010000 0.318086 0.000000
vt 0.075000 0.318086 0.000000
vt 0.010000 0.353429 0.000000
vt 0.075000 0.353429 0.000000
vt 0.010000 0.388772 0.000000
vt 0.075000 0.388772 0.000000
vt 0.010000 0.424115 0.000000
vt 0.075000 0.424115 0.000000
vt 0.010000 -0.424115 0.000000
vt 0.075000 -0.424115 0.000000
vt 0.010000 -0.388772 0.000000
vt 0.075000 -0.388772 0.000000
vt 0.010000 -0.353429 0.000000
vt 0.075000 -0.353429 0.000000
vt 0.010000 -0.318086 0.000000
vt 0.075000 -0.318086 0.000000
vt 0.010000 -0.282743 0.000000
vt 0.075000 -0.282743 0.000000
vt 0.010000 -0.247400 0.000000
vt 0.075000 -0.247400 0.000000
vt 0.010000 -0.212058 0.000000
vt 0.075000 -0.212058 0.000000
vt 0.010000 -0.176715 0.000000
vt 0.075000 -0.176715 0.000000
vt 0.010000 -0.141372 0.000000
vt 0.075000 -0.141372 0.000000
vt 0.010000 -0.106029 0.000000
vt 0.075000 -0.106029 0.000000
vt 0.010000 -0.070686 0.000000
vt 0.075000 -0.070686 0.000000
vt 0.010000 -0.035343 0.000000
vt 0.075000 -0.035343 0.000000
vt 0.010000 0.000000 0.000000
vt 0.075000 0.000000 0.000000
vt 0.010000 0.035343 0.000000
vt 0.075000 0.035343 0.000000
vt 0.010000 0.070686 0.000000
vt 0.075000 0.070686 0.000000
vt 0.010000 0.106029 0.000000
vt 0.075000 0.106029 0.000000
vt 0.010000 0.141372 0.000000
vt 0.075000 0.141372 0.000000
vt 0.010000 0.176715 0.000000
vt 0.075000 0.176715 0.000000
vt 0.010000 0.212058 0.000000
vt 0.075000 0.212058 0.000000
vt 0.010000 0.247400 0.000000
vt 0.075000 0.247400 0.000000
vt 0.010000 0.282743 0.000000
vt 0.075000 0.282743 0.000000
vt 0.010000 0.318086 0.000000
vt 0.075000 0.318086 0.000000
vt 0.010000 0.353429 0.000000
vt 0.075000 0.353429 0.000000
vt 0.075000 -0.431969 0.000000
vt 0.000000 -0.431969 0.000000
vt 0.075000 -0.471239 0.000000
vt 0.000000 -0.471239 0.000000
vt 0.075000 0.471239 0.000000
vt 0.000000 0.471239 0.000000
vt 0.075000 0.431969 0.000000
vt -0.000000 0.431969 0.000000
vt 0.075000 0.392699 0.000000
vt -0.000000 0.392699 0.000000
vt 0.075000 0.353429 0.000000
vt -0.000000 0.353429 0.000000
vt 0.075000 0.314159 0.000000
vt -0.000000 0.314159 0.000000
vt 0.075000 0.274889 0.000000
vt -0.000000 0.274889 0.000000
vt 0.075000 0.235619 0.000000
vt 0.000000 0.235619 0.000000
vt 0.075000 0.196350 0.000000
vt 0.000000 0.196350 0.000000
vt 0.075000 0.157080 0.000000
vt 0.000000 0.157080 0.000000
vt 0.075000 0.117810 0.000000
vt 0.000000 0.117810 0.000000
vt 0.075000 0.078540 0.000000
vt 0.000000 0.078540 0.000000
vt 0.075000 0.039270 0.000000
vt 0.000000 0.039270 0.000000
vt 0.075000 0.000000 0.000000
vt 0.000000 0.000000 0.000000
vt 0.075000 -0.039270 0.000000
vt 0.000000 -0.039270 0.000000
vt 0.075000 -0.078540 0.000000
vt 0.000000 -0.078540 0.000000
vt 0.075000 -0.117810 0.000000
vt -0.000000 -0.117810 0.000000
vt 0.075000 -0.157080 0.000000
vt 0.000000 -0.157080 0.000000
vt 0.075000 -0.196350 0.000000
vt 0.000000 -0.196350 0.000000
vt 0.075000 -0.235619 0.000000
vt 0.000000 -0.235619 0.000000
vt 0.075000 -0.274889 0.000000
vt 0.000000 -0.274889 0.000000
vt 0.075000 -0.314159 0.000000
vt 0.000000 -0.314159 0.000000
vt 0.075000 -0.353429 0.000000
vt -0.000000 -0.353429 0.000000
vt 0.075000 -0.392699 0.000000
vt 0.000000 -0.392699 0.000000
vt 0.010000 0.388772 0.000000
vt 0.075000 0.388772 0.000000
vt 0.010000 0.424115 0.000000
vt 0.075000 0.424115 0.000000
vt 0.010000 -0.424115 0.000000
vt 0.075000 -0.424115 0.000000
vt 0.010000 -0.388772 0.000000
vt 0.075000 -0.388772 0.000000
vt 0.010000 -0.353429 0.000000
vt 0.075000 -0.353429 0.000000
vt 0.010000 -0.318086 0.000000
vt 0.075000 -0.318086 0.000000
vt 0.010000 -0.282743 0.000000
vt 0.075000 -0.282743 0.000000
vt 0.010000 -0.247400 0.000000
vt 0.075000 -0.247400 0.000000
vt 0.010000 -0.212058 0.000000
vt 0.075000 -0.212058 0.000000
vt 0.010000 -0.176715 0.000000
vt 0.075000 -0.176715 0.000000
vt 0.010000 -0.141372 0.000000
vt 0.075000 -0.141372 0.000000
vt 0.010000 -0.106029 0.000000
vt 0.075000 -0.106029 0.000000
vt 0.010000 -0.070686 0.000000
vt 0.075000 -0.070686 0.000000
vt 0.010000 -0.035343 0.000000
vt 0.075000 -0.035343 0.000000
vt 0.010000 0.000000 0.000000
vt 0.075000 0.000000 0.000000
vt 0.010000 0.035343 0.000000
vt 0.075000 0.035343 0.000000
vt 0.010000 0.070686 0.000000
vt 0.075000 0.070686 0.000000
vt 0.010000 0.106029 0.000000
vt 0.075000 0.106029 0.000000
vt 0.010000 0.141372 0.000000
vt 0.075000 0.141372 0.000000
vt 0.010000 0.176715 0.000000
vt 0.075000 0.176715 0.000000
vt 0.010000 0.212058 0.000000
vt 0.075000 0.212058 0.000000
vt 0.010000 0.247400 0.000000
vt 0.075000 0.247400 0.000000
vt 0.010000 0.282743 0.000000
vt 0.075000 0.282743 0.000000
vt 0.010000 0.318086 0.000000
vt 0.075000 0.318086 0.000000
vt 0.010000 0.353429 0.000000
vt 0.075000 0.353429 0.000000
vn 0.100000 0.000000 0.000000
vn 0.100000 0.000000 0.000000
vn 0.096872 0.024815 0.000000
vn 0.096593 0.025882 0.000000
vn 0.087684 0.048078 0.000000
vn 0.086603 0.050000 0.000000
vn 0.073011 0.068333 0.000000
vn 0.070711 0.070711 0.000000
vn 0.057603 0.081743 0.000000
vn 0.050000 0.086603 0.000000
vn 0.039791 0.091742 0.000000
vn 0.025882 0.096593 0.000000
vn 0.020319 0.097914 0.000000
vn -0.000000 0.100000 -0.000000
vn -0.000000 0.100000 -0.000000
vn 0.000000 0.000000 0.100000
vn 0.000000 0.000000 0.100000
vn 0.000000 0.000000 0.100000
vn 0.000000 0.000000 0.100000
vn 0.000000 0.000000 0.100000
vn 0.000000 0.000000 0.100000
vn 0.000000 0.000000 0.100000
vn 0.000000 0.000000 0.100000
vn 0.000000 0.000000 0.100000
vn 0.000000 0.000000 0.100000
vn 0.000000 0.000000 0.100000
vn 0.000000 0.000000 0.100000
vn 0.000000 0.000000 0.100000
vn 0.000000 0.000000 0.100000
vn 0.000000 0.000000 0.100000
vn 0.000000 0.000000 0.100000
vn 0.000000 0.000000 0.100000
vn 0.000000 0.000000 0.100000
vn 0.000000 0.000000 0.100000
vn 0.000000 0.000000 0.100000
vn 0.000000 0.000000 0.100000
vn 0.000000 0.000000 0.100000
vn 0.000000 0.000000 0.100000
vn 0.000000 0.000000 0.100000
vn 0.000000 0.000000 0.100000
vn 0.000000 0.000000 0.100000
vn 0.000000 0.000000 0.100000
vn 0.000000 0.000000 0.100000
vn 0.000000 0.000000 0.100000
vn 0.000000 0.000000 0.100000
vn 0.000000 0.000000 0.100000
vn 0.000000 0.000000 0.100000
vn 0.000000 0.000000 0.100000
vn 0.000000 0.000000 0.100000
vn 0.000000 0.000000 0.100000
vn 0.000000 0.000000 0.100000
vn 0.000000 0.000000 0.100000
vn 0.000000 0.000000 0.100000
vn 0.000000 0.000000 0.100000
vn 0.000000 0.000000 0.100000
vn 0.000000 0.000000 0.100000
vn 0.000000 0.000000 0.100000
vn 0.000000 0.000000 0.100000
vn 0.000000 0.000000 0.100000
vn 0.000000 0.000000 0.100000
vn 0.000000 0.000000 0.100000
vn 0.000000 0.000000 0.100000
vn 0.000000 0.000000 0.100000
vn 0.000000 0.000000 0.100000
vn 0.000000 0.000000 0.100000
vn 0.000000 0.000000 0.100000
vn 0.000000 0.000000 0.100000
vn 0.000000 0.000000 0.100000
vn 0.000000 0.000000 0.100000
vn 0.000000 0.000000 0.100000
vn 0.000000 0.000000 0.100000
vn 0.000000 0.000000 0.100000
vn 0.000000 0.000000 0.100000
vn 0.000000 0.000000 0.100000
vn 0.000000 0.000000 0.100000
vn 0.000000 0.000000 0.100000
vn 0.000000 0.000000 0.100000
vn 0.000000 0.000000 0.100000
vn 0.000000 0.000000 0.100000
vn 0.000000 0.000000 0.100000
vn 0.000000 0.000000 0.100000
vn 0.000000 0.000000 0.100000
vn 0.000000 0.000000 0.100000
vn 0.000000 0.000000 0.100000
vn 0.000000 0.000000 0.100000
vn 0.000000 0.000000 0.100000
vn 0.000000 0.000000 0.100000
vn 0.000000 0.000000 0.100000
vn 0.000000 0.000000 0.100000
vn 0.000000 0.000000 0.100000
vn 0.000000 0.000000 0.100000
vn 0.000000 0.000000 0.100000
vn 0.000000 0.000000 0.100000
vn 0.000000 0.000000 0.100000
vn 0.000000 0.000000 0.100000
vn 0.000000 0.000000 0.100000
vn 0.000000 0.000000 0.100000
vn 0.000000 0.000000 0.100000
vn 0.000000 0.000000 0.100000
vn 0.000000 0.000000 0.100000
vn 0.000000 0.000000 0.100000
vn 0.000000 0.000000 0.100000
vn 0.000000 0.000000 0.100000
vn 0.000000 0.000000 0.100000
vn 0.000000 0.000000 0.100000
vn 0.000000 0.000000 0.100000
vn 0.000000 0.000000 0.100000
vn 0.000000 0.000000 0.100000
vn 0.000000 0.000000 0.100000
vn 0.000000 0.000000 0.100000
vn 0.000000 0.000000 0.100000
vn 0.000000 0.000000 0.100000
vn 0.000000 0.000000 0.100000
vn 0.000000 0.000000 0.100000
vn 0.000000 0.000000 0.100000
vn 0.000000 0.000000 0.100000
vn 0.000000 0.000000 0.100000
vn 0.000000 0.000000 0.100000
vn 0.000000 0.000000 0.100000
vn 0.000000 0.000000 0.100000
vn 0.000000 0.000000 0.100000
vn 0.000000 0.000000 0.100000
vn 0.000000 0.000000 0.100000
vn 0.000000 0.000000 0.100000
vn 0.000000 0.000000 0.100000
vn 0.000000 0.000000 0.100000
vn 0.000000 0.000000 0.100000
vn 0.000000 0.000000 0.100000
vn 0.000000 0.000000 0.100000
vn 0.000000 0.000000 0.100000
vn 0.000000 0.000000 0.100000
vn 0.000000 0.000000 0.100000
vn 0.000000 0.000000 0.100000
vn 0.000000 0.000000 0.100000
vn 0.000000 0.000000 0.100000
vn 0.000000 0.000000 0.100000
vn 0.000000 0.000000 0.100000
vn 0.000000 0.000000 0.100000
vn 0.000000 0.000000 0.100000
vn 0.000000 0.000000 0.100000
vn 0.000000 0.000000 0.100000
vn 0.000000 0.000000 0.100000
vn 0.000000 0.000000 0.100000
vn 0.000000 0.000000 0.100000
vn 0.000000 0.000000 0.100000
vn 0.000000 0.000000 0.100000
vn 0.000000 0.000000 0.100000
vn 0.000000 0.000000 0.100000
vn 0.000000 0.000000 0.100000
vn 0.000000 0.000000 0.100000
vn 0.000000 0.000000 0.100000
vn 0.000000 0.000000 0.100000
vn 0.000000 0.000000 0.100000
vn 0.000000 0.000000 0.100000
vn 0.000000 0.000000 0.100000
vn 0.000000 0.000000 0.100000
vn 0.000000 0.000000 0.100000
vn 0.000000 0.000000 0.100000
vn 0.000000 0.000000 0.100000
vn 0.000000 0.000000 0.100000
vn 0.000000 0.000000 0.100000
vn 0.000000 0.000000 0.100000
vn 0.000000 0.000000 0.100000
vn 0.000000 0.000000 0.100000
vn 0.000000 0.000000 0.100000
vn 0.000000 0.000000 0.100000
vn 0.000000 0.000000 0.100000
vn 0.000000 0.000000 0.100000
vn 0.000000 0.000000 0.100000
vn 0.000000 0.000000 0.100000
vn 0.000000 0.000000 0.100000
vn 0.000000 0.000000 0.100000
vn 0.000000 0.000000 0.100000
vn 0.000000 0.000000 0.100000
vn 0.000000 0.000000 0.100000
vn 0.000000 0.000000 0.100000
vn 0.000000 0.000000 0.100000
vn 0.000000 0.000000 0.100000
vn 0.000000 0.000000 0.100000
vn 0.000000 0.000000 0.100000
vn 0.000000 0.000000 0.100000
vn 0.000000 0.000000 0.100000
vn 0.000000 0.000000 0.100000
vn 0.000000 0.000000 0.100000
vn 0.000000 0.000000 0.100000
vn 0.000000 0.000000 0.100000
vn 0.000000 0.000000 0.100000
vn 0.000000 0.000000 0.100000
vn 0.000000 0.000000 0.100000
vn 0.000000 0.000000 0.100000
vn 0.000000 0.000000 0.100000
vn 0.000000 0.000000 0.100000
vn 0.000000 0.000000 0.100000
vn 0.000000 0.000000 0.100000
vn 0.000000 0.000000 0.100000
vn 0.000000 0.000000 0.100000
vn 0.000000 0.000000 0.100000
vn 0.000000 0.000000 0.100000
vn 0.000000 0.000000 0.100000
vn 0.000000 0.000000 0.100000
vn 0.000000 0.000000 0.100000
vn 0.000000 0.000000 0.100000
vn 0.000000 0.000000 0.100000
vn 0.000000 0.000000 0.100000
vn 0.000000 0.000000 0.100000
vn 0.000000 0.000000 0.100000
vn 0.000000 0.000000 0.100000
vn 0.000000 0.000000 0.100000
vn 0.000000 0.000000 0.100000
vn 0.000000 0.000000 0.100000
vn 0.000000 0.000000 0.100000
vn 0.000000 0.000000 0.100000
vn 0.000000 0.000000 0.100000
vn 0.000000 0.000000 0.100000
vn 0.000000 0.000000 0.100000
vn 0.000000 0.000000 0.100000
vn 0.000000 0.000000 0.100000
vn 0.000000 0.000000 0.100000
vn 0.000000 0.000000 0.100000
vn 0.000000 0.000000 0.100000
vn 0.000000 0.000000 0.100000
vn 0.000000 0.000000 0.100000
vn 0.000000 0.000000 0.100000
vn 0.000000 0.000000 0.100000
vn 0.000000 0.000000 0.100000
vn 0.000000 0.000000 0.100000
vn 0.000000 0.000000 0.100000
vn 0.000000 0.000000 0.100000
vn 0.000000 0.000000 0.100000
vn 0.000000 0.000000 0.100000
vn 0.000000 0.000000 0.100000
vn 0.000000 0.000000 0.100000
vn 0.000000 0.000000 0.100000
vn 0.000000 0.000000 0.100000
vn 0.000000 0.000000 0.100000
vn 0.000000 0.000000 0.100000
vn 0.000000 0.000000 0.100000
vn 0.000000 0.000000 0.100000
vn 0.000000 0.000000 0.100000
vn 0.000000 0.000000 0.100000
vn 0.000000 0.000000 0.100000
vn 0.000000 0.000000 0.100000
vn 0.000000 0.000000 0.100000
vn 0.000000 0.000000 0.100000
vn 0.000000 0.000000 0.100000
vn 0.000000 0.000000 0.100000
vn 0.000000 0.000000 0.100000
vn 0.000000 0.000000 0.100000
vn 0.000000 0.000000 0.100000
vn 0.000000 0.000000 0.100000
vn 0.000000 0.000000 0.100000
vn 0.000000 0.000000 0.100000
vn 0.000000 0.000000 0.100000
vn 0.000000 0.000000 0.100000
vn 0.000000 0.000000 0.100000
vn 0.000000 0.000000 0.100000
vn 0.000000 0.000000 0.100000
vn 0.000000 0.000000 0.100000
vn 0.000000 0.000000 0.100000
vn 0.000000 0.000000 0.100000
vn 0.000000 0.000000 0.100000
vn 0.000000 0.000000 0.100000
vn 0.000000 0.000000 0.100000
vn 0.000000 0.000000 0.100000
vn 0.000000 0.000000 0.100000
vn 0.000000 0.000000 0.100000
vn 0.000000 0.000000 0.100000
vn 0.000000 0.000000 0.100000
vn 0.000000 0.000000 0.100000
vn 0.000000 0.000000 0.100000
vn 0.000000 0.000000 0.100000
vn 0.000000 0.000000 0.100000
vn 0.000000 0.000000 0.100000
vn 0.000000 0.000000 0.100000
vn 0.000000 0.000000 0.100000
vn 0.000000 0.000000 0.100000
vn 0.000000 0.000000 0.100000
vn 0.000000 0.000000 0.100000
vn 0.000000 0.000000 0.100000
vn 0.000000 0.000000 0.100000
vn 0.000000 0.000000 0.100000
vn 0.000000 0.000000 0.100000
vn 0.000000 0.000000 0.100000
vn 0.000000 0.000000 0.100000
vn 0.000000 0.000000 0.100000
vn 0.000000 0.000000 0.100000
vn 0.000000 0.000000 0.100000
vn 0.000000 0.000000 0.100000
vn 0.000000 0.000000 0.100000
vn 0.000000 0.000000 0.100000
vn 0.000000 0.000000 0.100000
vn 0.000000 0.000000 0.100000
vn 0.000000 0.000000 0.100000
vn 0.000000 0.000000 0.100000
vn 0.000000 0.000000 0.100000
vn 0.000000 0.000000 0.100000
vn 0.000000 0.000000 0.100000
vn 0.000000 0.000000 0.100000
vn 0.000000 0.000000 0.100000
vn 0.000000 0.000000 0.100000
vn 0.000000 0.000000 0.100000
vn 0.000000 0.000000 0.100000
vn 0.000000 0.000000 0.100000
vn 0.000000 0.000000 0.100000
vn 0.000000 0.000000 0.100000
vn 0.000000 0.000000 0.100000
vn 0.000000 0.000000 0.100000
vn 0.000000 0.000000 0.100000
vn 0.000000 0.000000 0.100000
vn 0.000000 0.000000 0.100000
vn 0.000000 0.000000 0.100000
vn 0.000000 0.000000 0.100000
vn 0.000000 0.000000 0.100000
vn 0.000000 0.000000 0.100000
vn 0.000000 0.000000 0.100000
vn 0.000000 0.000000 0.100000
vn 0.000000 0.000000 0.100000
vn 0.000000 0.000000 0.100000
vn 0.000000 0.000000 0.100000
vn 0.000000 0.000000 0.100000
vn 0.000000 0.000000 0.100000
vn 0.000000 0.000000 0.100000
vn 0.000000 0.000000 0.100000
vn 0.000000 0.000000 0.100000
vn 0.000000 0.000000 0.100000
vn 0.000000 0.000000 0.100000
vn 0.000000 0.000000 0.100000
vn 0.000000 0.000000 0.100000
vn 0.000000 0.000000 0.100000
vn 0.000000 0.000000 0.100000
vn 0.000000 0.000000 0.100000
vn 0.000000 0.000000 0.100000
vn 0.000000 0.100000 0.000000
vn 0.000000 0.100000 0.000000
vn 0.000000 0.000000 -0.100000
vn 0.000000 0.000000 -0.100000
vn 0.000000 0.000000 -0.100000
vn 0.000000 0.000000 -0.100000
vn 0.000000 0.000000 -0.100000
vn 0.000000 0.000000 -0.100000
vn 0.000000 0.000000 -0.100000
vn 0.000000 0.000000 -0.100000
vn 0.000000 0.000000 -0.100000
vn 0.000000 0.000000 -0.100000
vn 0.000000 0.000000 -0.100000
vn 0.000000 0.000000 -0.100000
vn 0.000000 0.000000 -0.100000
vn 0.000000 0.000000 -0.100000
vn 0.000000 0.000000 -0.100000
vn 0.000000 0.000000 -0.100000
vn 0.000000 0.000000 -0.100000
vn 0.000000 0.000000 -0.100000
vn 0.000000 0.000000 -0.100000
vn 0.000000 0.000000 -0.100000
vn 0.000000 0.000000 -0.100000
vn 0.000000 0.000000 -0.100000
vn 0.000000 0.000000 -0.100000
vn 0.000000 0.000000 -0.100000
vn 0.000000 0.000000 -0.100000
vn 0.000000 0.000000 -0.100000
vn 0.000000 0.000000 -0.100000
vn 0.000000 0.000000 -0.100000
vn 0.000000 0.000000 -0.100000
vn 0.000000 0.000000 -0.100000
vn 0.000000 0.000000 -0.100000
vn 0.000000 0.000000 -0.100000
vn 0.000000 0.000000 -0.100000
vn 0.000000 0.000000 -0.100000
vn 0.000000 0.000000 -0.100000
vn 0.000000 0.000000 -0.100000
vn 0.000000 0.000000 -0.100000
vn 0.000000 0.000000 -0.100000
vn 0.000000 0.000000 -0.100000
vn 0.000000 0.000000 -0.100000
vn 0.000000 0.000000 -0.100000
vn 0.000000 0.000000 -0.100000
vn 0.000000 0.000000 -0.100000
vn 0.000000 0.000000 -0.100000
vn 0.000000 0.000000 -0.100000
vn 0.000000 0.000000 -0.100000
vn 0.000000 0.000000 -0.100000
vn 0.000000 0.000000 -0.100000
vn 0.000000 0.000000 -0.100000
vn 0.000000 0.000000 -0.100000
vn 0.000000 0.000000 -0.100000
vn 0.000000 0.000000 -0.100000
vn 0.000000 0.000000 -0.100000
vn 0.000000 0.000000 -0.100000
vn 0.000000 0.000000 -0.100000
vn 0.000000 0.000000 -0.100000
vn 0.000000 0.000000 -0.100000
vn 0.000000 0.000000 -0.100000
vn 0.000000 0.000000 -0.100000
vn 0.000000 0.000000 -0.100000
vn 0.000000 0.000000 -0.100000
vn 0.000000 0.000000 -0.100000
vn 0.000000 0.000000 -0.100000
vn 0.000000 0.000000 -0.100000
vn 0.000000 0.000000 -0.100000
vn 0.000000 0.000000 -0.100000
vn 0.000000 0.000000 -0.100000
vn 0.000000 0.000000 -0.100000
vn 0.000000 0.000000 -0.100000
vn 0.000000 0.000000 -0.100000
vn 0.000000 0.000000 -0.100000
vn 0.000000 0.000000 -0.100000
vn 0.000000 0.000000 -0.100000
vn 0.000000 0.000000 -0.100000
vn 0.000000 0.000000 -0.100000
vn 0.000000 0.000000 -0.100000
vn 0.000000 0.000000 -0.100000
vn 0.000000 0.000000 -0.100000
vn 0.000000 0.000000 -0.100000
vn 0.000000 0.000000 -0.100000
vn 0.000000 0.000000 -0.100000
vn 0.000000 0.000000 -0.100000
vn 0.000000 0.000000 -0.100000
vn 0.000000 0.000000 -0.100000
vn 0.000000 0.000000 -0.100000
vn 0.000000 0.000000 -0.100000
vn 0.000000 0.000000 -0.100000
vn 0.000000 0.000000 -0.100000
vn 0.000000 0.000000 -0.100000
vn 0.000000 0.000000 -0.100000
vn 0.000000 0.000000 -0.100000
vn 0.000000 0.000000 -0.100000
vn 0.000000 0.000000 -0.100000
vn 0.000000 0.000000 -0.100000
vn 0.000000 0.000000 -0.100000
vn 0.000000 0.000000 -0.100000
vn 0.000000 0.000000 -0.100000
vn 0.000000 0.000000 -0.100000
vn 0.000000 0.000000 -0.100000
vn 0.000000 0.000000 -0.100000
vn 0.000000 0.000000 -0.100000
vn 0.000000 0.000000 -0.100000
vn 0.000000 0.000000 -0.100000
vn 0.000000 0.000000 -0.100000
vn 0.000000 0.000000 -0.100000
vn 0.000000 0.000000 -0.100000
vn 0.000000 0.000000 -0.100000
vn 0.000000 0.000000 -0.100000
vn 0.000000 0.000000 -0.100000
vn 0.000000 0.000000 -0.100000
vn 0.000000 0.000000 -0.100000
vn 0.000000 0.000000 -0.100000
vn 0.000000 0.000000 -0.100000
vn 0.000000 0.000000 -0.100000
vn 0.000000 0.000000 -0.100000
vn 0.000000 0.000000 -0.100000
vn 0.000000 0.000000 -0.100000
vn 0.000000 0.000000 -0.100000
vn 0.000000 0.000000 -0.100000
vn 0.000000 0.000000 -0.100000
vn 0.000000 0.000000 -0.100000
vn 0.000000 0.000000 -0.100000
vn 0.000000 0.000000 -0.100000
vn 0.000000 0.000000 -0.100000
vn 0.000000 0.000000 -0.100000
vn 0.000000 0.000000 -0.100000
vn 0.000000 0.000000 -0.100000
vn 0.000000 0.000000 -0.100000
vn 0.000000 0.000000 -0.100000
vn 0.000000 0.000000 -0.100000
vn 0.000000 0.000000 -0.100000
vn 0.000000 0.000000 -0.100000
vn 0.000000 0.000000 -0.100000
vn 0.000000 0.000000 -0.100000
vn 0.000000 0.000000 -0.100000
vn 0.000000 0.000000 -0.100000
vn 0.000000 0.000000 -0.100000
vn 0.000000 0.000000 -0.100000
vn 0.000000 0.000000 -0.100000
vn 0.000000 0.000000 -0.100000
vn 0.000000 0.000000 -0.100000
vn 0.000000 0.000000 -0.100000
vn 0.000000 0.000000 -0.100000
vn 0.000000 0.000000 -0.100000
vn 0.000000 0.000000 -0.100000
vn 0.000000 0.000000 -0.100000
vn 0.000000 0.000000 -0.100000
vn 0.000000 0.000000 -0.100000
vn 0.000000 0.000000 -0.100000
vn 0.000000 0.000000 -0.100000
vn 0.000000 0.000000 -0.100000
vn 0.000000 0.000000 -0.100000
vn 0.000000 0.000000 -0.100000
vn 0.000000 0.000000 -0.100000
vn 0.000000 0.000000 -0.100000
vn 0.000000 0.000000 -0.100000
vn 0.000000 0.000000 -0.100000
vn 0.000000 0.000000 -0.100000
vn 0.000000 0.000000 -0.100000
vn 0.000000 0.000000 -0.100000
vn 0.000000 0.000000 -0.100000
vn 0.000000 0.000000 -0.100000
vn 0.000000 0.000000 -0.100000
vn 0.000000 0.000000 -0.100000
vn 0.000000 0.000000 -0.100000
vn 0.000000 0.000000 -0.100000
vn 0.000000 0.000000 -0.100000
vn 0.000000 0.000000 -0.100000
vn 0.000000 0.000000 -0.100000
vn 0.000000 0.000000 -0.100000
vn 0.000000 0.000000 -0.100000
vn 0.000000 0.000000 -0.100000
vn -0.025882 0.096593 -0.000000
vn -0.025882 0.096593 -0.000000
vn -0.050000 0.086603 -0.000000
vn -0.050000 0.086603 -0.000000
vn -0.070711 0.070711 -0.000000
vn -0.070711 0.070711 -0.000000
vn -0.086603 0.050000 -0.000000
vn -0.086603 0.050000 -0.000000
vn -0.096593 0.025882 -0.000000
vn -0.096593 0.025882 -0.000000
vn -0.100000 0.000000 -0.000000
vn -0.100000 0.000000 -0.000000
vn -0.100000 -0.000000 0.000000
vn -0.100000 -0.000000 0.000000
vn -0.096593 -0.025882 0.000000
vn -0.096593 -0.025882 0.000000
vn -0.086603 -0.050000 0.000000
vn -0.086603 -0.050000 0.000000
vn -0.070711 -0.070711 0.000000
vn -0.070711 -0.070711 0.000000
vn -0.050000 -0.086603 0.000000
vn -0.050000 -0.086603 0.000000
vn -0.025882 -0.096593 0.000000
vn -0.025882 -0.096593 0.000000
vn 0.000000 -0.100000 0.000000
vn 0.000000 -0.100000 0.000000
vn 0.000000 -0.100000 0.000000
vn 0.000000 -0.100000 0.000000
vn 0.000000 -0.100000 0.000000
vn 0.000000 -0.100000 0.000000
vn 0.022626 -0.097407 0.000000
vn 0.025882 -0.096593 0.000000
vn 0.044079 -0.089761 0.000000
vn 0.050000 -0.086603 0.000000
vn 0.063246 -0.077460 0.000000
vn 0.070711 -0.070711 0.000000
vn 0.079132 -0.061141 0.000000
vn 0.086603 -0.050000 0.000000
vn 0.090913 -0.041651 0.000000
vn 0.096593 -0.025882 0.000000
vn 0.097980 -0.020000 0.000000
vn 0.099100 -0.013384 0.000000
vn 0.100000 -0.000000 0.000000
vn 0.099775 -0.006707 0.000000
vn 0.100000 -0.000000 0.000000
vn 0.100000 -0.000000 0.000000
vn 0.100000 -0.000000 0.000000
vn 0.100000 -0.000000 0.000000
vn 0.100000 -0.000000 0.000000
vn 0.000000 0.096593 0.025882
vn 0.000000 0.096593 0.025882
vn 0.000000 0.100000 0.000000
vn 0.000000 0.100000 0.000000
vn -0.000000 0.096593 -0.025882
vn -0.000000 0.096593 -0.025882
vn -0.000000 0.086603 -0.050000
vn -0.000000 0.086603 -0.050000
vn -0.000000 0.070711 -0.070711
vn -0.000000 0.070711 -0.070711
vn -0.000000 0.050000 -0.086603
vn -0.000000 0.050000 -0.086603
vn -0.000000 0.025882 -0.096593
vn -0.000000 0.025882 -0.096593
vn 0.000000 -0.000000 -0.100000
vn 0.000000 -0.000000 -0.100000
vn 0.000000 -0.025882 -0.096593
vn 0.000000 -0.025882 -0.096593
vn 0.000000 -0.050000 -0.086603
vn 0.000000 -0.050000 -0.086603
vn 0.000000 -0.070711 -0.070711
vn 0.000000 -0.070711 -0.070711
vn 0.000000 -0.086603 -0.050000
vn 0.000000 -0.086603 -0.050000
vn 0.000000 -0.096593 -0.025882
vn 0.000000 -0.096593 -0.025882
vn 0.000000 -0.100000 0.000000
vn 0.000000 -0.100000 0.000000
vn 0.000000 -0.096593 0.025882
vn 0.000000 -0.096593 0.025882
vn 0.000000 -0.086603 0.050000
vn 0.000000 -0.086603 0.050000
vn 0.000000 -0.070711 0.070711
vn 0.000000 -0.070711 0.070711
vn 0.000000 -0.050000 0.086603
vn 0.000000 -0.050000 0.086603
vn 0.000000 -0.025882 0.096593
vn 0.000000 -0.025882 0.096593
vn 0.000000 -0.000000 0.100000
vn 0.000000 -0.000000 0.100000
vn 0.000000 0.025882 0.096593
vn 0.000000 0.025882 0.096593
vn 0.000000 0.050000 0.086603
vn 0.000000 0.050000 0.086603
vn 0.000000 0.070711 0.070711
vn 0.000000 0.070711 0.070711
vn 0.000000 0.086603 0.050000
vn 0.000000 0.086603 0.050000
vn -0.100000 0.000000 0.000000
vn -0.100000 0.000000 0.000000
vn -0.100000 0.000000 0.000000
vn -0.100000 0.000000 0.000000
vn -0.100000 0.000000 0.000000
vn -0.100000 0.000000 0.000000
vn -0.100000 0.000000 0.000000
vn -0.100000 0.000000 0.000000
vn -0.100000 0.000000 0.000000
vn -0.100000 0.000000 0.000000
vn -0.100000 0.000000 0.000000
vn -0.100000 0.000000 0.000000
vn -0.100000 0.000000 0.000000
vn -0.100000 0.000000 0.000000
vn -0.100000 0.000000 0.000000
vn -0.100000 0.000000 0.000000
vn -0.100000 0.000000 0.000000
vn -0.100000 0.000000 0.000000
vn -0.100000 0.000000 0.000000
vn -0.100000 0.000000 0.000000
vn -0.100000 0.000000 0.000000
vn -0.100000 0.000000 0.000000
vn -0.100000 0.000000 0.000000
vn -0.100000 0.000000 0.000000
vn -0.100000 0.000000 0.000000
vn -0.100000 0.000000 0.000000
vn -0.100000 0.000000 0.000000
vn -0.100000 0.000000 0.000000
vn -0.100000 0.000000 0.000000
vn -0.100000 0.000000 0.000000
vn -0.100000 0.000000 0.000000
vn -0.100000 0.000000 0.000000
vn -0.100000 0.000000 0.000000
vn -0.100000 0.000000 0.000000
vn -0.100000 0.000000 0.000000
vn -0.100000 0.000000 0.000000
vn -0.100000 0.000000 0.000000
vn -0.100000 0.000000 0.000000
vn -0.100000 0.000000 0.000000
vn -0.100000 0.000000 0.000000
vn -0.100000 0.000000 0.000000
vn -0.100000 0.000000 0.000000
vn -0.100000 0.000000 0.000000
vn -0.100000 0.000000 0.000000
vn -0.100000 0.000000 0.000000
vn -0.100000 0.000000 0.000000
vn -0.100000 0.000000 0.000000
vn -0.100000 0.000000 0.000000
vn -0.100000 0.000000 0.000000
vn -0.100000 0.000000 0.000000
vn -0.100000 0.000000 0.000000
vn -0.100000 0.000000 0.000000
vn 0.000000 0.100000 0.000000
vn 0.000000 0.100000 0.000000
vn 0.000000 0.100000 0.000000
vn 0.000000 0.100000 0.000000
vn 0.100000 0.000000 0.000000
vn 0.100000 0.000000 0.000000
vn 0.100000 0.000000 0.000000
vn 0.100000 0.000000 0.000000
vn 0.000000 -0.100000 0.000000
vn 0.000000 -0.100000 0.000000
vn 0.000000 -0.100000 0.000000
vn 0.000000 -0.100000 0.000000
vn 0.000000 0.000000 0.100000
vn 0.000000 0.000000 0.100000
vn 0.000000 0.000000 0.100000
vn 0.000000 0.000000 0.100000
vn 0.000000 -0.100000 0.000000
vn 0.000000 -0.100000 0.000000
vn 0.000000 -0.100000 0.000000
vn 0.000000 -0.100000 0.000000
vn -0.100000 0.000000 0.000000
vn -0.100000 0.000000 0.000000
vn -0.100000 0.000000 0.000000
vn -0.100000 0.000000 0.000000
vn 0.000000 0.100000 0.000000
vn 0.000000 0.100000 0.000000
vn 0.000000 0.100000 0.000000
vn 0.000000 0.100000 0.000000
vn 0.100000 0.000000 0.000000
vn 0.100000 0.000000 0.000000
vn 0.100000 0.000000 0.000000
vn 0.100000 0.000000 0.000000
vn 0.000000 0.000000 0.100000
vn 0.000000 0.000000 0.100000
vn 0.000000 0.000000 0.100000
vn 0.000000 0.000000 0.100000
vn 0.000000 -0.100000 0.000000
vn 0.000000 -0.100000 0.000000
vn 0.000000 -0.100000 0.000000
vn 0.000000 -0.100000 0.000000
vn -0.100000 0.000000 0.000000
vn -0.100000 0.000000 0.000000
vn -0.100000 0.000000 0.000000
vn -0.100000 0.000000 0.000000
vn 0.000000 0.100000 0.000000
vn 0.000000 0.100000 0.000000
vn 0.000000 0.100000 0.000000
vn 0.000000 0.100000 0.000000
vn 0.100000 0.000000 0.000000
vn 0.100000 0.000000 0.000000
vn 0.100000 0.000000 0.000000
vn 0.100000 0.000000 0.000000
vn 0.000000 0.000000 0.100000
vn 0.000000 0.000000 0.100000
vn 0.000000 0.000000 0.100000
vn 0.000000 0.000000 0.100000
vn 0.000000 -0.100000 0.000000
vn 0.000000 -0.100000 0.000000
vn 0.000000 -0.100000 0.000000
vn 0.000000 -0.100000 0.000000
vn -0.100000 0.000000 0.000000
vn -0.100000 0.000000 0.000000
vn -0.100000 0.000000 0.000000
vn -0.100000 0.000000 0.000000
vn 0.000000 0.100000 0.000000
vn 0.000000 0.100000 0.000000
vn 0.000000 0.100000 0.000000
vn 0.000000 0.100000 0.000000
vn 0.100000 0.000000 0.000000
vn 0.100000 0.000000 0.000000
vn 0.100000 0.000000 0.000000
vn 0.100000 0.000000 0.000000
vn 0.000000 0.000000 0.100000
vn 0.000000 0.000000 0.100000
vn 0.000000 0.000000 0.100000
vn 0.000000 0.000000 0.100000
vn 0.070711 -0.070711 0.000000
vn 0.070711 -0.070711 0.000000
vn 0.070711 -0.070711 0.000000
vn 0.070711 -0.070711 0.000000
vn -0.070711 -0.070711 0.000000
vn -0.070711 -0.070711 0.000000
vn -0.070711 -0.070711 0.000000
vn -0.070711 -0.070711 0.000000
vn -0.070711 0.070711 0.000000
vn -0.070711 0.070711 0.000000
vn -0.070711 0.070711 0.000000
vn -0.070711 0.070711 0.000000
vn 0.070711 0.070711 0.000000
vn 0.070711 0.070711 0.000000
vn 0.070711 0.070711 0.000000
vn 0.070711 0.070711 0.000000
vn 0.000000 0.000000 0.100000
vn 0.000000 0.000000 0.100000
vn 0.000000 0.000000 0.100000
vn 0.000000 0.000000 0.100000
vn 0.000000 -0.100000 0.000000
vn 0.000000 -0.100000 0.000000
vn 0.000000 -0.100000 0.000000
vn 0.000000 -0.100000 0.000000
vn -0.100000 0.000000 0.000000
vn -0.100000 0.000000 0.000000
vn -0.100000 0.000000 0.000000
vn -0.100000 0.000000 0.000000
vn 0.000000 0.100000 0.000000
vn 0.000000 0.100000 0.000000
vn 0.000000 0.100000 0.000000
vn 0.000000 0.100000 0.000000
vn 0.100000 0.000000 0.000000
vn 0.100000 0.000000 0.000000
vn 0.100000 0.000000 0.000000
vn 0.100000 0.000000 0.000000
vn 0.000000 0.000000 0.100000
vn 0.000000 0.000000 0.100000
vn 0.000000 0.000000 0.100000
vn 0.000000 0.000000 0.100000
vn -0.100000 0.000000 0.000000
vn -0.100000 0.000000 0.000000
vn -0.100000 0.000000 0.000000
vn -0.100000 0.000000 0.000000
vn 0.000000 0.100000 0.000000
vn 0.000000 0.100000 0.000000
vn 0.000000 0.100000 0.000000
vn 0.000000 0.100000 0.000000
vn 0.100000 0.000000 0.000000
vn 0.100000 0.000000 0.000000
vn 0.100000 0.000000 0.000000
vn 0.100000 0.000000 0.000000
vn 0.000000 -0.100000 0.000000
vn 0.000000 -0.100000 0.000000
vn 0.000000 -0.100000 0.000000
vn 0.000000 -0.100000 0.000000
vn 0.000000 0.000000 0.100000
vn 0.000000 0.000000 0.100000
vn 0.000000 0.000000 0.100000
vn 0.000000 0.000000 0.100000
vn 0.000000 -0.100000 0.000000
vn 0.000000 -0.100000 0.000000
vn 0.000000 -0.100000 0.000000
vn 0.000000 -0.100000 0.000000
vn -0.100000 0.000000 0.000000
vn -0.100000 0.000000 0.000000
vn -0.100000 0.000000 0.000000
vn -0.100000 0.000000 0.000000
vn 0.000000 0.100000 0.000000
vn 0.000000 0.100000 0.000000
vn 0.000000 0.100000 0.000000
vn 0.000000 0.100000 0.000000
vn 0.100000 0.000000 0.000000
vn 0.100000 0.000000 0.000000
vn 0.100000 0.000000 0.000000
vn 0.100000 0.000000 0.000000
vn 0.000000 0.000000 0.100000
vn 0.000000 0.000000 0.100000
vn 0.000000 0.000000 0.100000
vn 0.000000 0.000000 0.100000
vn 0.000000 -0.100000 0.000000
vn 0.000000 -0.100000 0.000000
vn 0.000000 -0.100000 0.000000
vn 0.000000 -0.100000 0.000000
vn -0.100000 0.000000 0.000000
vn -0.100000 0.000000 0.000000
vn -0.100000 0.000000 0.000000
vn -0.100000 0.000000 0.000000
vn 0.000000 0.100000 0.000000
vn 0.000000 0.100000 0.000000
vn 0.000000 0.100000 0.000000
vn 0.000000 0.100000 0.000000
vn 0.100000 0.000000 0.000000
vn 0.100000 0.000000 0.000000
vn 0.100000 0.000000 0.000000
vn 0.100000 0.000000 0.000000
vn 0.000000 0.000000 0.100000
vn 0.000000 0.000000 0.100000
vn 0.000000 0.000000 0.100000
vn 0.000000 0.000000 0.100000
vn 0.000000 -0.100000 0.000000
vn 0.000000 -0.100000 0.000000
vn 0.000000 -0.100000 0.000000
vn 0.000000 -0.100000 0.000000
vn -0.100000 0.000000 0.000000
vn -0.100000 0.000000 0.000000
vn -0.100000 0.000000 0.000000
vn -0.100000 0.000000 0.000000
vn 0.000000 0.100000 0.000000
vn 0.000000 0.100000 0.000000
vn 0.000000 0.100000 0.000000
vn 0.000000 0.100000 0.000000
vn 0.100000 0.000000 0.000000
vn 0.100000 0.000000 0.000000
vn 0.100000 0.000000 0.000000
vn 0.100000 0.000000 0.000000
vn 0.000000 0.000000 0.100000
vn 0.000000 0.000000 0.100000
vn 0.000000 0.000000 0.100000
vn 0.000000 0.000000 0.100000
vn 0.000000 -0.100000 0.000000
vn 0.000000 -0.100000 0.000000
vn 0.000000 -0.100000 0.000000
vn 0.000000 -0.100000 0.000000
vn -0.100000 0.000000 0.000000
vn -0.100000 0.000000 0.000000
vn -0.100000 0.000000 0.000000
vn -0.100000 0.000000 0.000000
vn 0.000000 0.100000 0.000000
vn 0.000000 0.100000 0.000000
vn 0.000000 0.100000 0.000000
vn 0.000000 0.100000 0.000000
vn 0.100000 0.000000 0.000000
vn 0.100000 0.000000 0.000000
vn 0.100000 0.000000 0.000000
vn 0.100000 0.000000 0.000000
vn 0.000000 0.000000 0.100000
vn 0.000000 0.000000 0.100000
vn 0.000000 0.000000 0.100000
vn 0.000000 0.000000 0.100000
vn 0.000000 0.100000 0.000000
vn 0.000000 0.100000 0.000000
vn 0.000000 0.100000 0.000000
vn 0.000000 0.100000 0.000000
vn 0.100000 0.000000 0.000000
vn 0.100000 0.000000 0.000000
vn 0.100000 0.000000 0.000000
vn 0.100000 0.000000 0.000000
vn 0.000000 -0.100000 0.000000
vn 0.000000 -0.100000 0.000000
vn 0.000000 -0.100000 0.000000
vn 0.000000 -0.100000 0.000000
vn -0.100000 0.000000 0.000000
vn -0.100000 0.000000 0.000000
vn -0.100000 0.000000 0.000000
vn -0.100000 0.000000 0.000000
vn 0.000000 0.000000 0.100000
vn 0.000000 0.000000 0.100000
vn 0.000000 0.000000 0.100000
vn 0.000000 0.000000 0.100000
vn 0.000000 0.100000 0.000000
vn 0.000000 0.100000 0.000000
vn 0.000000 0.100000 0.000000
vn 0.000000 0.100000 0.000000
vn 0.100000 0.000000 0.000000
vn 0.100000 0.000000 0.000000
vn 0.100000 0.000000 0.000000
vn 0.100000 0.000000 0.000000
vn -0.000000 -0.100000 0.000000
vn -0.000000 -0.100000 0.000000
vn -0.000000 -0.100000 0.000000
vn -0.000000 -0.100000 0.000000
vn -0.100000 0.000000 0.000000
vn -0.100000 0.000000 0.000000
vn -0.100000 0.000000 0.000000
vn -0.100000 0.000000 0.000000
vn 0.000000 0.000000 0.100000
vn 0.000000 0.000000 0.100000
vn 0.000000 0.000000 0.100000
vn 0.000000 0.000000 0.100000
vn 0.000000 -0.100000 0.000000
vn 0.000000 -0.100000 0.000000
vn 0.000000 -0.100000 0.000000
vn 0.000000 -0.100000 0.000000
vn -0.100000 0.000000 0.000000
vn -0.100000 0.000000 0.000000
vn -0.100000 0.000000 0.000000
vn -0.100000 0.000000 0.000000
vn 0.000000 0.100000 0.000000
vn 0.000000 0.100000 0.000000
vn 0.000000 0.100000 0.000000
vn 0.000000 0.100000 0.000000
vn 0.100000 0.000000 0.000000
vn 0.100000 0.000000 0.000000
vn 0.100000 0.000000 0.000000
vn 0.100000 0.000000 0.000000
vn 0.000000 0.000000 0.100000
vn 0.000000 0.000000 0.100000
vn 0.000000 0.000000 0.100000
vn 0.000000 0.000000 0.100000
vn -0.100000 0.000000 0.000000
vn -0.100000 0.000000 0.000000
vn -0.100000 0.000000 0.000000
vn -0.100000 0.000000 0.000000
vn 0.000000 0.100000 0.000000
vn 0.000000 0.100000 0.000000
vn 0.000000 0.100000 0.000000
vn 0.000000 0.100000 0.000000
vn 0.100000 0.000000 0.000000
vn 0.100000 0.000000 0.000000
vn 0.100000 0.000000 0.000000
vn 0.100000 0.000000 0.000000
vn 0.000000 -0.100000 0.000000
vn 0.000000 -0.100000 0.000000
vn 0.000000 -0.100000 0.000000
vn 0.000000 -0.100000 0.000000
vn 0.000000 0.000000 0.100000
vn 0.000000 0.000000 0.100000
vn 0.000000 0.000000 0.100000
vn 0.000000 0.000000 0.100000
vn 0.000000 0.100000 0.000000
vn 0.000000 0.100000 0.000000
vn 0.000000 0.100000 0.000000
vn 0.000000 0.100000 0.000000
vn 0.100000 0.000000 0.000000
vn 0.100000 0.000000 0.000000
vn 0.100000 0.000000 0.000000
vn 0.100000 0.000000 0.000000
vn 0.000000 -0.100000 0.000000
vn 0.000000 -0.100000 0.000000
vn 0.000000 -0.100000 0.000000
vn 0.000000 -0.100000 0.000000
vn -0.100000 0.000000 0.000000
vn -0.100000 0.000000 0.000000
vn -0.100000 0.000000 0.000000
vn -0.100000 0.000000 0.000000
vn 0.000000 0.000000 0.100000
vn 0.000000 0.000000 0.100000
vn 0.000000 0.000000 0.100000
vn 0.000000 0.000000 0.100000
vn 0.100000 -0.000000 0.000000
vn 0.100000 -0.000000 0.000000
vn 0.100000 -0.000000 0.000000
vn 0.100000 -0.000000 0.000000
vn 0.000000 -0.100000 0.000000
vn 0.000000 -0.100000 0.000000
vn 0.000000 -0.100000 0.000000
vn 0.000000 -0.100000 0.000000
vn -0.100000 0.000000 0.000000
vn -0.100000 0.000000 0.000000
vn -0.100000 0.000000 0.000000
vn -0.100000 0.000000 0.000000
vn 0.000000 0.100000 0.000000
vn 0.000000 0.100000 0.000000
vn 0.000000 0.100000 0.000000
vn 0.000000 0.100000 0.000000
vn 0.000000 0.000000 0.100000
vn 0.000000 0.000000 0.100000
vn 0.000000 0.000000 0.100000
vn 0.000000 0.000000 0.100000
vn 0.000000 -0.100000 0.000000
vn 0.000000 -0.100000 0.000000
vn 0.000000 -0.100000 0.000000
vn 0.000000 -0.100000 0.000000
vn -0.100000 0.000000 0.000000
vn -0.100000 0.000000 0.000000
vn -0.100000 0.000000 0.000000
vn -0.100000 0.000000 0.000000
vn 0.000000 0.100000 0.000000
vn 0.000000 0.100000 0.000000
vn 0.000000 0.100000 0.000000
vn 0.000000 0.100000 0.000000
vn 0.100000 0.000000 0.000000
vn 0.100000 0.000000 0.000000
vn 0.100000 0.000000 0.000000
vn 0.100000 0.000000 0.000000
vn 0.000000 0.000000 0.100000
vn 0.000000 0.000000 0.100000
vn 0.000000 0.000000 0.100000
vn 0.000000 0.000000 0.100000
vn -0.100000 0.000000 0.000000
vn -0.100000 0.000000 0.000000
vn -0.100000 0.000000 0.000000
vn -0.100000 0.000000 0.000000
vn 0.000000 0.100000 0.000000
vn 0.000000 0.100000 0.000000
vn 0.000000 0.100000 0.000000
vn 0.000000 0.100000 0.000000
vn 0.100000 0.000000 0.000000
vn 0.100000 0.000000 0.000000
vn 0.100000 0.000000 0.000000
vn 0.100000 0.000000 0.000000
vn 0.000000 -0.100000 0.000000
vn 0.000000 -0.100000 0.000000
vn 0.000000 -0.100000 0.000000
vn 0.000000 -0.100000 0.000000
vn 0.000000 0.000000 0.100000
vn 0.000000 0.000000 0.100000
vn 0.000000 0.000000 0.100000
vn 0.000000 0.000000 0.100000
vn 0.000000 0.100000 0.000000
vn 0.000000 0.100000 0.000000
vn 0.000000 0.100000 0.000000
vn 0.000000 0.100000 0.000000
vn 0.100000 0.000000 0.000000
vn 0.100000 0.000000 0.000000
vn 0.100000 0.000000 0.000000
vn 0.100000 0.000000 0.000000
vn 0.000000 -0.100000 0.000000
vn 0.000000 -0.100000 0.000000
vn 0.000000 -0.100000 0.000000
vn 0.000000 -0.100000 0.000000
vn -0.100000 0.000000 0.000000
vn -0.100000 0.000000 0.000000
vn -0.100000 0.000000 0.000000
vn -0.100000 0.000000 0.000000
vn 0.000000 0.000000 0.100000
vn 0.000000 0.000000 0.100000
vn 0.000000 0.000000 0.100000
vn 0.000000 0.000000 0.100000
vn 0.100000 -0.000000 0.000000
vn 0.100000 -0.000000 0.000000
vn 0.100000 -0.000000 0.000000
vn 0.100000 -0.000000 0.000000
vn 0.000000 -0.100000 0.000000
vn 0.000000 -0.100000 0.000000
vn 0.000000 -0.100000 0.000000
vn 0.000000 -0.100000 0.000000
vn -0.100000 0.000000 0.000000
vn -0.100000 0.000000 0.000000
vn -0.100000 0.000000 0.000000
vn -0.100000 0.000000 0.000000
vn 0.000000 0.100000 0.000000
vn 0.000000 0.100000 0.000000
vn 0.000000 0.100000 0.000000
vn 0.000000 0.100000 0.000000
vn 0.000000 0.000000 0.100000
vn 0.000000 0.000000 0.100000
vn 0.000000 0.000000 0.100000
vn 0.000000 0.000000 0.100000
vn 0.000000 -0.100000 0.000000
vn 0.000000 -0.100000 0.000000
vn 0.000000 -0.100000 0.000000
vn 0.000000 -0.100000 0.000000
vn -0.100000 0.000000 0.000000
vn -0.100000 0.000000 0.000000
vn -0.100000 0.000000 0.000000
vn -0.100000 0.000000 0.000000
vn 0.000000 0.100000 0.000000
vn 0.000000 0.100000 0.000000
vn 0.000000 0.100000 0.000000
vn 0.000000 0.100000 0.000000
vn 0.100000 0.000000 0.000000
vn 0.100000 0.000000 0.000000
vn 0.100000 0.000000 0.000000
vn 0.100000 0.000000 0.000000
vn 0.000000 0.000000 0.100000
vn 0.000000 0.000000 0.100000
vn 0.000000 0.000000 0.100000
vn 0.000000 0.000000 0.100000
vn -0.100000 0.000000 0.000000
vn -0.100000 0.000000 0.000000
vn -0.100000 0.000000 0.000000
vn -0.100000 0.000000 0.000000
vn 0.000000 0.100000 0.000000
vn 0.000000 0.100000 0.000000
vn 0.000000 0.100000 0.000000
vn 0.000000 0.100000 0.000000
vn 0.100000 0.000000 0.000000
vn 0.100000 0.000000 0.000000
vn 0.100000 0.000000 0.000000
vn 0.100000 0.000000 0.000000
vn 0.000000 -0.100000 0.000000
vn 0.000000 -0.100000 0.000000
vn 0.000000 -0.100000 0.000000
vn 0.000000 -0.100000 0.000000
vn 0.000000 0.000000 0.100000
vn 0.000000 0.000000 0.100000
vn 0.000000 0.000000 0.100000
vn 0.000000 0.000000 0.100000
vn 0.000000 0.100000 0.000000
vn 0.000000 0.100000 0.000000
vn 0.000000 0.100000 0.000000
vn 0.000000 0.100000 0.000000
vn 0.100000 0.000000 0.000000
vn 0.100000 0.000000 0.000000
vn 0.100000 0.000000 0.000000
vn 0.100000 0.000000 0.000000
vn 0.000000 -0.100000 0.000000
vn 0.000000 -0.100000 0.000000
vn 0.000000 -0.100000 0.000000
vn 0.000000 -0.100000 0.000000
vn -0.100000 0.000000 0.000000
vn -0.100000 0.000000 0.000000
vn -0.100000 0.000000 0.000000
vn -0.100000 0.000000 0.000000
vn 0.000000 0.000000 0.100000
vn 0.000000 0.000000 0.100000
vn 0.000000 0.000000 0.100000
vn 0.000000 0.000000 0.100000
vn 0.100000 -0.000000 0.000000
vn 0.100000 -0.000000 0.000000
vn 0.100000 -0.000000 0.000000
vn 0.100000 -0.000000 0.000000
vn 0.000000 -0.100000 0.000000
vn 0.000000 -0.100000 0.000000
vn 0.000000 -0.100000 0.000000
vn 0.000000 -0.100000 0.000000
vn -0.100000 0.000000 0.000000
vn -0.100000 0.000000 0.000000
vn -0.100000 0.000000 0.000000
vn -0.100000 0.000000 0.000000
vn 0.000000 0.100000 0.000000
vn 0.000000 0.100000 0.000000
vn 0.000000 0.100000 0.000000
vn 0.000000 0.100000 0.000000
vn 0.000000 0.000000 0.100000
vn 0.000000 0.000000 0.100000
vn 0.000000 0.000000 0.100000
vn 0.000000 0.000000 0.100000
vn 0.000000 -0.100000 0.000000
vn 0.000000 -0.100000 0.000000
vn 0.000000 -0.100000 0.000000
vn 0.000000 -0.100000 0.000000
vn -0.100000 0.000000 0.000000
vn -0.100000 0.000000 0.000000
vn -0.100000 0.000000 0.000000
vn -0.100000 0.000000 0.000000
vn 0.000000 0.100000 0.000000
vn 0.000000 0.100000 0.000000
vn 0.000000 0.100000 0.000000
vn 0.000000 0.100000 0.000000
vn 0.100000 0.000000 0.000000
vn 0.100000 0.000000 0.000000
vn 0.100000 0.000000 0.000000
vn 0.100000 0.000000 0.000000
vn 0.000000 0.000000 0.100000
vn 0.000000 0.000000 0.100000
vn 0.000000 0.000000 0.100000
vn 0.000000 0.000000 0.100000
vn -0.100000 0.000000 0.000000
vn -0.100000 0.000000 0.000000
vn -0.100000 0.000000 0.000000
vn -0.100000 0.000000 0.000000
vn 0.000000 0.100000 0.000000
vn 0.000000 0.100000 0.000000
vn 0.000000 0.100000 0.000000
vn 0.000000 0.100000 0.000000
vn 0.100000 0.000000 0.000000
vn 0.100000 0.000000 0.000000
vn 0.100000 0.000000 0.000000
vn 0.100000 0.000000 0.000000
vn 0.000000 -0.100000 0.000000
vn 0.000000 -0.100000 0.000000
vn 0.000000 -0.100000 0.000000
vn 0.000000 -0.100000 0.000000
vn 0.000000 0.000000 0.100000
vn 0.000000 0.000000 0.100000
vn 0.000000 0.000000 0.100000
vn 0.000000 0.000000 0.100000
vn 0.000000 0.100000 0.000000
vn 0.000000 0.100000 0.000000
vn 0.000000 0.100000 0.000000
vn 0.000000 0.100000 0.000000
vn 0.100000 0.000000 0.000000
vn 0.100000 0.000000 0.000000
vn 0.100000 0.000000 0.000000
vn 0.100000 0.000000 0.000000
vn 0.000000 -0.100000 0.000000
vn 0.000000 -0.100000 0.000000
vn 0.000000 -0.100000 0.000000
vn 0.000000 -0.100000 0.000000
vn -0.100000 0.000000 0.000000
vn -0.100000 0.000000 0.000000
vn -0.100000 0.000000 0.000000
vn -0.100000 0.000000 0.000000
vn 0.000000 0.000000 0.100000
vn 0.000000 0.000000 0.100000
vn 0.000000 0.000000 0.100000
vn 0.000000 0.000000 0.100000
vn 0.100000 -0.000000 0.000000
vn 0.100000 -0.000000 0.000000
vn 0.100000 -0.000000 0.000000
vn 0.100000 -0.000000 0.000000
vn 0.000000 -0.100000 0.000000
vn 0.000000 -0.100000 0.000000
vn 0.000000 -0.100000 0.000000
vn 0.000000 -0.100000 0.000000
vn -0.100000 0.000000 0.000000
vn -0.100000 0.000000 0.000000
vn -0.100000 0.000000 0.000000
vn -0.100000 0.000000 0.000000
vn 0.000000 0.100000 0.000000
vn 0.000000 0.100000 0.000000
vn 0.000000 0.100000 0.000000
vn 0.000000 0.100000 0.000000
vn 0.000000 0.000000 0.100000
vn 0.000000 0.000000 0.100000
vn 0.000000 0.000000 0.100000
vn 0.000000 0.000000 0.100000
vn 0.000000 -0.100000 0.000000
vn 0.000000 -0.100000 0.000000
vn 0.000000 -0.100000 0.000000
vn 0.000000 -0.100000 0.000000
vn -0.100000 0.000000 0.000000
vn -0.100000 0.000000 0.000000
vn -0.100000 0.000000 0.000000
vn -0.100000 0.000000 0.000000
vn 0.000000 0.100000 0.000000
vn 0.000000 0.100000 0.000000
vn 0.000000 0.100000 0.000000
vn 0.000000 0.100000 0.000000
vn 0.100000 0.000000 0.000000
vn 0.100000 0.000000 0.000000
vn 0.100000 0.000000 0.000000
vn 0.100000 0.000000 0.000000
vn 0.000000 0.000000 0.100000
vn 0.000000 0.000000 0.100000
vn 0.000000 0.000000 0.100000
vn 0.000000 0.000000 0.100000
vn -0.100000 0.000000 0.000000
vn -0.100000 0.000000 0.000000
vn -0.100000 0.000000 0.000000
vn -0.100000 0.000000 0.000000
vn 0.000000 0.100000 0.000000
vn 0.000000 0.100000 0.000000
vn 0.000000 0.100000 0.000000
vn 0.000000 0.100000 0.000000
vn 0.100000 0.000000 0.000000
vn 0.100000 0.000000 0.000000
vn 0.100000 0.000000 0.000000
vn 0.100000 0.000000 0.000000
vn 0.000000 -0.100000 0.000000
vn 0.000000 -0.100000 0.000000
vn 0.000000 -0.100000 0.000000
vn 0.000000 -0.100000 0.000000
vn 0.000000 0.000000 0.100000
vn 0.000000 0.000000 0.100000
vn 0.000000 0.000000 0.100000
vn 0.000000 0.000000 0.100000
vn 0.000000 0.100000 0.000000
vn 0.000000 0.100000 0.000000
vn 0.000000 0.100000 0.000000
vn 0.000000 0.100000 0.000000
vn 0.100000 0.000000 0.000000
vn 0.100000 0.000000 0.000000
vn 0.100000 0.000000 0.000000
vn 0.100000 0.000000 0.000000
vn 0.000000 -0.100000 0.000000
vn 0.000000 -0.100000 0.000000
vn 0.000000 -0.100000 0.000000
vn 0.000000 -0.100000 0.000000
vn -0.100000 0.000000 0.000000
vn -0.100000 0.000000 0.000000
vn -0.100000 0.000000 0.000000
vn -0.100000 0.000000 0.000000
vn 0.000000 0.000000 0.100000
vn 0.000000 0.000000 0.100000
vn 0.000000 0.000000 0.100000
vn 0.000000 0.000000 0.100000
vn 0.100000 -0.000000 0.000000
vn 0.100000 -0.000000 0.000000
vn 0.100000 -0.000000 0.000000
vn 0.100000 -0.000000 0.000000
vn 0.000000 -0.100000 0.000000
vn 0.000000 -0.100000 0.000000
vn 0.000000 -0.100000 0.000000
vn 0.000000 -0.100000 0.000000
vn -0.100000 0.000000 0.000000
vn -0.100000 0.000000 0.000000
vn -0.100000 0.000000 0.000000
vn -0.100000 0.000000 0.000000
vn 0.000000 0.100000 0.000000
vn 0.000000 0.100000 0.000000
vn 0.000000 0.100000 0.000000
vn 0.000000 0.100000 0.000000
vn 0.000000 0.000000 0.100000
vn 0.000000 0.000000 0.100000
vn 0.000000 0.000000 0.100000
vn 0.000000 0.000000 0.100000
vn 0.000000 -0.100000 0.000000
vn 0.000000 -0.100000 0.000000
vn 0.000000 -0.100000 0.000000
vn 0.000000 -0.100000 0.000000
vn -0.100000 0.000000 0.000000
vn -0.100000 0.000000 0.000000
vn -0.100000 0.000000 0.000000
vn -0.100000 0.000000 0.000000
vn 0.000000 0.100000 0.000000
vn 0.000000 0.100000 0.000000
vn 0.000000 0.100000 0.000000
vn 0.000000 0.100000 0.000000
vn 0.100000 0.000000 0.000000
vn 0.100000 0.000000 0.000000
vn 0.100000 0.000000 0.000000
vn 0.100000 0.000000 0.000000
vn 0.000000 0.000000 0.100000
vn 0.000000 0.000000 0.100000
vn 0.000000 0.000000 0.100000
vn 0.000000 0.000000 0.100000
vn -0.100000 0.000000 0.000000
vn -0.100000 0.000000 0.000000
vn -0.100000 0.000000 0.000000
vn -0.100000 0.000000 0.000000
vn 0.000000 0.100000 0.000000
vn 0.000000 0.100000 0.000000
vn 0.000000 0.100000 0.000000
vn 0.000000 0.100000 0.000000
vn 0.100000 0.000000 0.000000
vn 0.100000 0.000000 0.000000
vn 0.100000 0.000000 0.000000
vn 0.100000 0.000000 0.000000
vn 0.000000 -0.100000 0.000000
vn 0.000000 -0.100000 0.000000
vn 0.000000 -0.100000 0.000000
vn 0.000000 -0.100000 0.000000
vn 0.000000 0.000000 0.100000
vn 0.000000 0.000000 0.100000
vn 0.000000 0.000000 0.100000
vn 0.000000 0.000000 0.100000
vn 0.000000 0.100000 0.000000
vn 0.000000 0.100000 0.000000
vn 0.000000 0.100000 0.000000
vn 0.000000 0.100000 0.000000
vn 0.100000 0.000000 0.000000
vn 0.100000 0.000000 0.000000
vn 0.100000 0.000000 0.000000
vn 0.100000 0.000000 0.000000
vn 0.000000 -0.100000 0.000000
vn 0.000000 -0.100000 0.000000
vn 0.000000 -0.100000 0.000000
vn 0.000000 -0.100000 0.000000
vn -0.100000 0.000000 0.000000
vn -0.100000 0.000000 0.000000
vn -0.100000 0.000000 0.000000
vn -0.100000 0.000000 0.000000
vn 0.000000 0.000000 0.100000
vn 0.000000 0.000000 0.100000
vn 0.000000 0.000000 0.100000
vn 0.000000 0.000000 0.100000
vn 0.100000 -0.000000 0.000000
vn 0.100000 -0.000000 0.000000
vn 0.100000 -0.000000 0.000000
vn 0.100000 -0.000000 0.000000
vn 0.000000 -0.100000 0.000000
vn 0.000000 -0.100000 0.000000
vn 0.000000 -0.100000 0.000000
vn 0.000000 -0.100000 0.000000
vn -0.100000 0.000000 0.000000
vn -0.100000 0.000000 0.000000
vn -0.100000 0.000000 0.000000
vn -0.100000 0.000000 0.000000
vn 0.000000 0.100000 0.000000
vn 0.000000 0.100000 0.000000
vn 0.000000 0.100000 0.000000
vn 0.000000 0.100000 0.000000
vn 0.000000 0.000000 0.100000
vn 0.000000 0.000000 0.100000
vn 0.000000 0.000000 0.100000
vn 0.000000 0.000000 0.100000
vn 0.000000 -0.100000 0.000000
vn 0.000000 -0.100000 0.000000
vn 0.000000 -0.100000 0.000000
vn 0.000000 -0.100000 0.000000
vn -0.100000 0.000000 0.000000
vn -0.100000 0.000000 0.000000
vn -0.100000 0.000000 0.000000
vn -0.100000 0.000000 0.000000
vn 0.000000 0.100000 0.000000
vn 0.000000 0.100000 0.000000
vn 0.000000 0.100000 0.000000
vn 0.000000 0.100000 0.000000
vn 0.100000 0.000000 0.000000
vn 0.100000 0.000000 0.000000
vn 0.100000 0.000000 0.000000
vn 0.100000 0.000000 0.000000
vn 0.000000 0.000000 0.100000
vn 0.000000 0.000000 0.100000
vn 0.000000 0.000000 0.100000
vn 0.000000 0.000000 0.100000
vn -0.100000 0.000000 0.000000
vn -0.100000 0.000000 0.000000
vn -0.100000 0.000000 0.000000
vn -0.100000 0.000000 0.000000
vn 0.000000 0.100000 0.000000
vn 0.000000 0.100000 0.000000
vn 0.000000 0.100000 0.000000
vn 0.000000 0.100000 0.000000
vn 0.100000 0.000000 0.000000
vn 0.100000 0.000000 0.000000
vn 0.100000 0.000000 0.000000
vn 0.100000 0.000000 0.000000
vn 0.000000 -0.100000 0.000000
vn 0.000000 -0.100000 0.000000
vn 0.000000 -0.100000 0.000000
vn 0.000000 -0.100000 0.000000
vn 0.000000 0.000000 0.100000
vn 0.000000 0.000000 0.100000
vn 0.000000 0.000000 0.100000
vn 0.000000 0.000000 0.100000
vn 0.000000 0.100000 0.000000
vn 0.000000 0.100000 0.000000
vn 0.000000 0.100000 0.000000
vn 0.000000 0.100000 0.000000
vn 0.100000 0.000000 0.000000
vn 0.100000 0.000000 0.000000
vn 0.100000 0.000000 0.000000
vn 0.100000 0.000000 0.000000
vn 0.000000 -0.100000 0.000000
vn 0.000000 -0.100000 0.000000
vn 0.000000 -0.100000 0.000000
vn 0.000000 -0.100000 0.000000
vn -0.100000 0.000000 0.000000
vn -0.100000 0.000000 0.000000
vn -0.100000 0.000000 0.000000
vn -0.100000 0.000000 0.000000
vn 0.000000 0.000000 0.100000
vn 0.000000 0.000000 0.100000
vn 0.000000 0.000000 0.100000
vn 0.000000 0.000000 0.100000
vn 0.100000 -0.000000 0.000000
vn 0.100000 -0.000000 0.000000
vn 0.100000 -0.000000 0.000000
vn 0.100000 -0.000000 0.000000
vn 0.000000 -0.100000 0.000000
vn 0.000000 -0.100000 0.000000
vn 0.000000 -0.100000 0.000000
vn 0.000000 -0.100000 0.000000
vn -0.100000 0.000000 0.000000
vn -0.100000 0.000000 0.000000
vn -0.100000 0.000000 0.000000
vn -0.100000 0.000000 0.000000
vn 0.000000 0.100000 0.000000
vn 0.000000 0.100000 0.000000
vn 0.000000 0.100000 0.000000
vn 0.000000 0.100000 0.000000
vn 0.000000 0.000000 0.100000
vn 0.000000 0.000000 0.100000
vn 0.000000 0.000000 0.100000
vn 0.000000 0.000000 0.100000
vn 0.000000 -0.100000 0.000000
vn 0.000000 -0.100000 0.000000
vn 0.000000 -0.100000 0.000000
vn 0.000000 -0.100000 0.000000
vn -0.100000 0.000000 0.000000
vn -0.100000 0.000000 0.000000
vn -0.100000 0.000000 0.000000
vn -0.100000 0.000000 0.000000
vn 0.000000 0.100000 0.000000
vn 0.000000 0.100000 0.000000
vn 0.000000 0.100000 0.000000
vn 0.000000 0.100000 0.000000
vn 0.100000 0.000000 0.000000
vn 0.100000 0.000000 0.000000
vn 0.100000 0.000000 0.000000
vn 0.100000 0.000000 0.000000
vn 0.000000 0.000000 0.100000
vn 0.000000 0.000000 0.100000
vn 0.000000 0.000000 0.100000
vn 0.000000 0.000000 0.100000
vn -0.100000 0.000000 0.000000
vn -0.100000 0.000000 0.000000
vn -0.100000 0.000000 0.000000
vn -0.100000 0.000000 0.000000
vn 0.000000 0.100000 0.000000
vn 0.000000 0.100000 0.000000
vn 0.000000 0.100000 0.000000
vn 0.000000 0.100000 0.000000
vn 0.100000 0.000000 0.000000
vn 0.100000 0.000000 0.000000
vn 0.100000 0.000000 0.000000
vn 0.100000 0.000000 0.000000
vn 0.000000 -0.100000 0.000000
vn 0.000000 -0.100000 0.000000
vn 0.000000 -0.100000 0.000000
vn 0.000000 -0.100000 0.000000
vn 0.000000 0.000000 0.100000
vn 0.000000 0.000000 0.100000
vn 0.000000 0.000000 0.100000
vn 0.000000 0.000000 0.100000
vn 0.000000 0.100000 0.000000
vn 0.000000 0.100000 0.000000
vn 0.000000 0.100000 0.000000
vn 0.000000 0.100000 0.000000
vn 0.100000 0.000000 0.000000
vn 0.100000 0.000000 0.000000
vn 0.100000 0.000000 0.000000
vn 0.100000 0.000000 0.000000
vn 0.000000 -0.100000 0.000000
vn 0.000000 -0.100000 0.000000
vn 0.000000 -0.100000 0.000000
vn 0.000000 -0.100000 0.000000
vn -0.100000 0.000000 0.000000
vn -0.100000 0.000000 0.000000
vn -0.100000 0.000000 0.000000
vn -0.100000 0.000000 0.000000
vn 0.000000 0.000000 0.100000
vn 0.000000 0.000000 0.100000
vn 0.000000 0.000000 0.100000
vn 0.000000 0.000000 0.100000
vn 0.100000 -0.000000 0.000000
vn 0.100000 -0.000000 0.000000
vn 0.100000 -0.000000 0.000000
vn 0.100000 -0.000000 0.000000
vn 0.000000 -0.100000 0.000000
vn 0.000000 -0.100000 0.000000
vn 0.000000 -0.100000 0.000000
vn 0.000000 -0.100000 0.000000
vn -0.100000 0.000000 0.000000
vn -0.100000 0.000000 0.000000
vn -0.100000 0.000000 0.000000
vn -0.100000 0.000000 0.000000
vn 0.000000 0.100000 0.000000
vn 0.000000 0.100000 0.000000
vn 0.000000 0.100000 0.000000
vn 0.000000 0.100000 0.000000
vn 0.000000 0.000000 0.100000
vn 0.000000 0.000000 0.100000
vn 0.000000 0.000000 0.100000
vn 0.000000 0.000000 0.100000
vn 0.000000 -0.100000 0.000000
vn 0.000000 -0.100000 0.000000
vn 0.000000 -0.100000 0.000000
vn 0.000000 -0.100000 0.000000
vn -0.100000 0.000000 0.000000
vn -0.100000 0.000000 0.000000
vn -0.100000 0.000000 0.000000
vn -0.100000 0.000000 0.000000
vn 0.000000 0.100000 0.000000
vn 0.000000 0.100000 0.000000
vn 0.000000 0.100000 0.000000
vn 0.000000 0.100000 0.000000
vn 0.100000 0.000000 0.000000
vn 0.100000 0.000000 0.000000
vn 0.100000 0.000000 0.000000
vn 0.100000 0.000000 0.000000
vn 0.000000 0.000000 0.100000
vn 0.000000 0.000000 0.100000
vn 0.000000 0.000000 0.100000
vn 0.000000 0.000000 0.100000
vn -0.100000 0.000000 0.000000
vn -0.100000 0.000000 0.000000
vn -0.100000 0.000000 0.000000
vn -0.100000 0.000000 0.000000
vn 0.000000 0.100000 0.000000
vn 0.000000 0.100000 0.000000
vn 0.000000 0.100000 0.000000
vn 0.000000 0.100000 0.000000
vn 0.100000 0.000000 0.000000
vn 0.100000 0.000000 0.000000
vn 0.100000 0.000000 0.000000
vn 0.100000 0.000000 0.000000
vn 0.000000 -0.100000 0.000000
vn 0.000000 -0.100000 0.000000
vn 0.000000 -0.100000 0.000000
vn 0.000000 -0.100000 0.000000
vn 0.000000 0.000000 0.100000
vn 0.000000 0.000000 0.100000
vn 0.000000 0.000000 0.100000
vn 0.000000 0.000000 0.100000
vn 0.000000 0.100000 0.000000
vn 0.000000 0.100000 0.000000
vn 0.000000 0.100000 0.000000
vn 0.000000 0.100000 0.000000
vn 0.100000 0.000000 0.000000
vn 0.100000 0.000000 0.000000
vn 0.100000 0.000000 0.000000
vn 0.100000 0.000000 0.000000
vn 0.000000 -0.100000 0.000000
vn 0.000000 -0.100000 0.000000
vn 0.000000 -0.100000 0.000000
vn 0.000000 -0.100000 0.000000
vn -0.100000 0.000000 0.000000
vn -0.100000 0.000000 0.000000
vn -0.100000 0.000000 0.000000
vn -0.100000 0.000000 0.000000
vn 0.000000 0.000000 0.100000
vn 0.000000 0.000000 0.100000
vn 0.000000 0.000000 0.100000
vn 0.000000 0.000000 0.100000
vn 0.100000 -0.000000 0.000000
vn 0.100000 -0.000000 0.000000
vn 0.100000 -0.000000 0.000000
vn 0.100000 -0.000000 0.000000
vn 0.000000 -0.100000 0.000000
vn 0.000000 -0.100000 0.000000
vn 0.000000 -0.100000 0.000000
vn 0.000000 -0.100000 0.000000
vn -0.100000 0.000000 0.000000
vn -0.100000 0.000000 0.000000
vn -0.100000 0.000000 0.000000
vn -0.100000 0.000000 0.000000
vn 0.000000 0.100000 0.000000
vn 0.000000 0.100000 0.000000
vn 0.000000 0.100000 0.000000
vn 0.000000 0.100000 0.000000
vn 0.000000 0.000000 0.100000
vn 0.000000 0.000000 0.100000
vn 0.000000 0.000000 0.100000
vn 0.000000 0.000000 0.100000
vn 0.000000 -0.100000 0.000000
vn 0.000000 -0.100000 0.000000
vn 0.000000 -0.100000 0.000000
vn 0.000000 -0.100000 0.000000
vn -0.100000 0.000000 0.000000
vn -0.100000 0.000000 0.000000
vn -0.100000 0.000000 0.000000
vn -0.100000 0.000000 0.000000
vn 0.000000 0.100000 0.000000
vn 0.000000 0.100000 0.000000
vn 0.000000 0.100000 0.000000
vn 0.000000 0.100000 0.000000
vn 0.100000 0.000000 0.000000
vn 0.100000 0.000000 0.000000
vn 0.100000 0.000000 0.000000
vn 0.100000 0.000000 0.000000
vn 0.000000 0.000000 0.100000
vn 0.000000 0.000000 0.100000
vn 0.000000 0.000000 0.100000
vn 0.000000 0.000000 0.100000
vn -0.100000 0.000000 0.000000
vn -0.100000 0.000000 0.000000
vn -0.100000 0.000000 0.000000
vn -0.100000 0.000000 0.000000
vn 0.000000 0.100000 0.000000
vn 0.000000 0.100000 0.000000
vn 0.000000 0.100000 0.000000
vn 0.000000 0.100000 0.000000
vn 0.100000 0.000000 0.000000
vn 0.100000 0.000000 0.000000
vn 0.100000 0.000000 0.000000
vn 0.100000 0.000000 0.000000
vn 0.000000 -0.100000 0.000000
vn 0.000000 -0.100000 0.000000
vn 0.000000 -0.100000 0.000000
vn 0.000000 -0.100000 0.000000
vn 0.000000 0.000000 0.100000
vn 0.000000 0.000000 0.100000
vn 0.000000 0.000000 0.100000
vn 0.000000 0.000000 0.100000
vn 0.000000 0.100000 0.000000
vn 0.000000 0.100000 0.000000
vn 0.000000 0.100000 0.000000
vn 0.000000 0.100000 0.000000
vn 0.100000 0.000000 0.000000
vn 0.100000 0.000000 0.000000
vn 0.100000 0.000000 0.000000
vn 0.100000 0.000000 0.000000
vn 0.000000 -0.100000 0.000000
vn 0.000000 -0.100000 0.000000
vn 0.000000 -0.100000 0.000000
vn 0.000000 -0.100000 0.000000
vn -0.100000 0.000000 0.000000
vn -0.100000 0.000000 0.000000
vn -0.100000 0.000000 0.000000
vn -0.100000 0.000000 0.000000
vn 0.000000 0.000000 0.100000
vn 0.000000 0.000000 0.100000
vn 0.000000 0.000000 0.100000
vn 0.000000 0.000000 0.100000
vn 0.100000 -0.000000 0.000000
vn 0.100000 -0.000000 0.000000
vn 0.100000 -0.000000 0.000000
vn 0.100000 -0.000000 0.000000
vn 0.000000 -0.100000 0.000000
vn 0.000000 -0.100000 0.000000
vn 0.000000 -0.100000 0.000000
vn 0.000000 -0.100000 0.000000
vn -0.100000 0.000000 0.000000
vn -0.100000 0.000000 0.000000
vn -0.100000 0.000000 0.000000
vn -0.100000 0.000000 0.000000
vn 0.000000 0.100000 0.000000
vn 0.000000 0.100000 0.000000
vn 0.000000 0.100000 0.000000
vn 0.000000 0.100000 0.000000
vn 0.000000 0.000000 0.100000
vn 0.000000 0.000000 0.100000
vn 0.000000 0.000000 0.100000
vn 0.000000 0.000000 0.100000
vn 0.100000 0.000000 0.000000
vn 0.100000 0.000000 0.000000
vn 0.100000 0.000000 0.000000
vn 0.100000 0.000000 0.000000
vn 0.000000 -0.100000 0.000000
vn 0.000000 -0.100000 0.000000
vn 0.000000 -0.100000 0.000000
vn 0.000000 -0.100000 0.000000
vn -0.100000 0.000000 0.000000
vn -0.100000 0.000000 0.000000
vn -0.100000 0.000000 0.000000
vn -0.100000 0.000000 0.000000
vn 0.000000 0.100000 0.000000
vn 0.000000 0.100000 0.000000
vn 0.000000 0.100000 0.000000
vn 0.000000 0.100000 0.000000
vn 0.000000 0.000000 0.100000
vn 0.000000 0.000000 0.100000
vn 0.000000 0.000000 0.100000
vn 0.000000 0.000000 0.100000
vn -0.100000 0.000000 0.000000
vn -0.100000 0.000000 0.000000
vn -0.100000 0.000000 0.000000
vn -0.100000 0.000000 0.000000
vn 0.000000 0.100000 0.000000
vn 0.000000 0.100000 0.000000
vn 0.000000 0.100000 0.000000
vn 0.000000 0.100000 0.000000
vn 0.100000 0.000000 0.000000
vn 0.100000 0.000000 0.000000
vn 0.100000 0.000000 0.000000
vn 0.100000 0.000000 0.000000
vn 0.000000 -0.100000 0.000000
vn 0.000000 -0.100000 0.000000
vn 0.000000 -0.100000 0.000000
vn 0.000000 -0.100000 0.000000
vn 0.000000 0.000000 0.100000
vn 0.000000 0.000000 0.100000
vn 0.000000 0.000000 0.100000
vn 0.000000 0.000000 0.100000
vn 0.000000 -0.100000 0.000000
vn 0.000000 -0.100000 0.000000
vn 0.000000 -0.100000 0.000000
vn 0.000000 -0.100000 0.000000
vn -0.100000 0.000000 0.000000
vn -0.100000 0.000000 0.000000
vn -0.100000 0.000000 0.000000
vn -0.100000 0.000000 0.000000
vn 0.000000 0.100000 0.000000
vn 0.000000 0.100000 0.000000
vn 0.000000 0.100000 0.000000
vn 0.000000 0.100000 0.000000
vn 0.100000 0.000000 0.000000
vn 0.100000 0.000000 0.000000
vn 0.100000 0.000000 0.000000
vn 0.100000 0.000000 0.000000
vn 0.000000 0.000000 0.100000
vn 0.000000 0.000000 0.100000
vn 0.000000 0.000000 0.100000
vn 0.000000 0.000000 0.100000
vn -0.100000 0.000000 0.000000
vn -0.100000 0.000000 0.000000
vn -0.100000 0.000000 0.000000
vn -0.100000 0.000000 0.000000
vn 0.000000 0.100000 0.000000
vn 0.000000 0.100000 0.000000
vn 0.000000 0.100000 0.000000
vn 0.000000 0.100000 0.000000
vn 0.100000 0.000000 0.000000
vn 0.100000 0.000000 0.000000
vn 0.100000 0.000000 0.000000
vn 0.100000 0.000000 0.000000
vn 0.000000 -0.100000 0.000000
vn 0.000000 -0.100000 0.000000
vn 0.000000 -0.100000 0.000000
vn 0.000000 -0.100000 0.000000
vn 0.000000 0.000000 0.100000
vn 0.000000 0.000000 0.100000
vn 0.000000 0.000000 0.100000
vn 0.000000 0.000000 0.100000
vn 0.000000 -0.100000 0.000000
vn 0.000000 -0.100000 0.000000
vn 0.000000 -0.100000 0.000000
vn 0.000000 -0.100000 0.000000
vn -0.100000 -0.000000 0.000000
vn -0.100000 -0.000000 0.000000
vn -0.100000 -0.000000 0.000000
vn -0.100000 -0.000000 0.000000
vn 0.000000 0.100000 0.000000
vn 0.000000 0.100000 0.000000
vn 0.000000 0.100000 0.000000
vn 0.000000 0.100000 0.000000
vn 0.100000 0.000000 0.000000
vn 0.100000 0.000000 0.000000
vn 0.100000 0.000000 0.000000
vn 0.100000 0.000000 0.000000
vn 0.000000 0.000000 0.100000
vn 0.000000 0.000000 0.100000
vn 0.000000 0.000000 0.100000
vn 0.000000 0.000000 0.100000
vn 0.000000 0.000000 0.100000
vn 0.000000 0.000000 0.100000
vn 0.000000 0.000000 0.100000
vn 0.000000 0.000000 0.100000
vn 0.000000 0.000000 0.100000
vn 0.000000 0.000000 0.100000
vn 0.000000 0.000000 0.100000
vn 0.000000 0.000000 0.100000
vn 0.000000 0.000000 0.100000
vn 0.000000 0.000000 0.100000
vn 0.000000 0.000000 0.100000
vn 0.000000 0.000000 0.100000
vn 0.000000 0.000000 0.100000
vn 0.000000 0.000000 0.100000
vn 0.000000 0.000000 0.100000
vn 0.000000 0.000000 0.100000
vn 0.000000 0.000000 0.100000
vn 0.000000 0.000000 0.100000
vn 0.000000 0.000000 0.100000
vn 0.000000 0.000000 0.100000
vn 0.000000 0.000000 0.100000
vn 0.000000 0.000000 0.100000
vn 0.000000 0.000000 0.100000
vn 0.000000 0.000000 0.100000
vn 0.000000 0.000000 0.100000
vn 0.000000 0.000000 0.100000
vn 0.000000 0.000000 0.100000
vn 0.000000 0.000000 0.100000
vn 0.000000 0.000000 0.100000
vn 0.000000 0.000000 0.100000
vn 0.000000 0.000000 0.100000
vn 0.000000 0.000000 0.100000
vn 0.000000 0.000000 0.100000
vn 0.000000 0.000000 0.100000
vn 0.000000 0.000000 0.100000
vn 0.000000 0.000000 0.100000
vn 0.000000 0.000000 0.100000
vn 0.000000 0.000000 0.100000
vn 0.000000 0.000000 0.100000
vn 0.000000 0.000000 0.100000
vn 0.000000 0.000000 0.100000
vn 0.000000 0.000000 0.100000
vn 0.000000 0.000000 0.100000
vn 0.000000 0.000000 0.100000
vn 0.000000 0.000000 0.100000
vn 0.000000 0.000000 0.100000
vn 0.000000 0.000000 0.100000
vn 0.000000 0.000000 0.100000
vn 0.000000 0.000000 0.100000
vn 0.000000 0.000000 0.100000
vn 0.000000 0.000000 0.100000
vn 0.000000 0.000000 0.100000
vn 0.000000 0.000000 0.100000
vn 0.000000 0.000000 0.100000
vn 0.000000 0.000000 0.100000
vn 0.000000 0.000000 0.100000
vn 0.000000 0.000000 0.100000
vn 0.000000 0.000000 0.100000
vn 0.000000 0.000000 0.100000
vn 0.000000 0.000000 0.100000
vn 0.000000 0.000000 0.100000
vn 0.000000 0.000000 0.100000
vn 0.000000 0.000000 0.100000
vn 0.000000 0.000000 0.100000
vn 0.000000 0.000000 0.100000
vn 0.000000 0.000000 0.100000
vn 0.000000 0.000000 0.100000
vn 0.000000 0.000000 0.100000
vn 0.000000 0.000000 0.100000
vn 0.000000 0.000000 0.100000
vn 0.000000 0.000000 0.100000
vn 0.000000 0.000000 0.100000
vn 0.000000 0.000000 0.100000
vn 0.000000 0.000000 0.100000
vn 0.000000 0.000000 0.100000
vn 0.000000 0.000000 0.100000
vn 0.000000 0.000000 0.100000
vn 0.000000 0.000000 0.100000
vn 0.000000 0.000000 0.100000
vn 0.000000 0.000000 0.100000
vn 0.000000 0.000000 0.100000
vn 0.000000 0.000000 0.100000
vn 0.000000 0.000000 0.100000
vn 0.000000 0.000000 0.100000
vn 0.000000 0.000000 0.100000
vn 0.000000 0.000000 0.100000
vn 0.000000 0.000000 0.100000
vn 0.000000 0.000000 0.100000
vn 0.000000 0.000000 0.100000
vn 0.000000 0.000000 0.100000
vn 0.000000 0.000000 0.100000
vn 0.000000 0.000000 0.100000
vn 0.000000 0.000000 0.100000
vn 0.000000 0.000000 0.100000
vn 0.000000 0.000000 0.100000
vn 0.000000 0.000000 0.100000
vn 0.000000 0.000000 0.100000
vn 0.000000 0.000000 0.100000
vn 0.000000 0.000000 0.100000
vn 0.000000 0.000000 0.100000
vn 0.000000 0.000000 0.100000
vn 0.000000 0.000000 0.100000
vn 0.000000 0.000000 0.100000
vn 0.000000 0.000000 0.100000
vn 0.000000 0.000000 0.100000
vn 0.000000 0.000000 0.100000
vn 0.000000 0.000000 0.100000
vn 0.000000 0.000000 0.100000
vn 0.000000 0.000000 0.100000
vn 0.000000 0.000000 0.100000
vn 0.000000 0.000000 0.100000
vn 0.000000 0.000000 0.100000
vn 0.000000 0.000000 0.100000
vn 0.000000 0.000000 0.100000
vn 0.000000 0.000000 0.100000
vn 0.000000 0.000000 0.100000
vn 0.000000 0.000000 0.100000
vn 0.000000 0.000000 0.100000
vn 0.000000 0.000000 0.100000
vn 0.000000 0.000000 0.100000
vn 0.000000 0.000000 0.100000
vn 0.000000 0.000000 0.100000
vn 0.000000 0.000000 0.100000
vn 0.000000 0.000000 0.100000
vn 0.000000 0.000000 0.100000
vn 0.000000 0.000000 0.100000
vn 0.000000 0.000000 0.100000
vn 0.000000 0.000000 0.100000
vn 0.000000 0.000000 0.100000
vn 0.000000 0.000000 0.100000
vn 0.000000 0.000000 0.100000
vn 0.000000 0.000000 0.100000
vn 0.000000 0.000000 0.100000
vn 0.000000 0.000000 0.100000
vn 0.000000 0.000000 0.100000
vn 0.000000 0.000000 0.100000
vn 0.000000 0.000000 0.100000
vn 0.000000 0.000000 0.100000
vn 0.000000 0.000000 0.100000
vn 0.000000 0.000000 0.100000
vn 0.000000 0.000000 0.100000
vn 0.000000 0.000000 0.100000
vn 0.000000 0.000000 0.100000
vn 0.000000 0.000000 0.100000
vn 0.000000 0.000000 0.100000
vn 0.000000 0.000000 0.100000
vn 0.000000 0.000000 0.100000
vn 0.000000 0.000000 0.100000
vn 0.000000 0.000000 0.100000
vn 0.000000 0.000000 0.100000
vn 0.000000 0.000000 0.100000
vn 0.000000 0.000000 0.100000
vn 0.000000 0.000000 0.100000
vn 0.000000 0.000000 0.100000
vn 0.000000 0.000000 0.100000
vn 0.000000 0.000000 0.100000
vn 0.000000 0.000000 0.100000
vn 0.000000 0.000000 0.100000
vn 0.000000 0.000000 0.100000
vn 0.000000 0.000000 0.100000
vn 0.100000 0.000000 0.000000
vn 0.100000 0.000000 0.000000
vn 0.100000 0.000000 0.000000
vn 0.100000 0.000000 0.000000
vn 0.000000 -0.100000 0.000000
vn 0.000000 -0.100000 0.000000
vn 0.000000 -0.100000 0.000000
vn 0.000000 -0.100000 0.000000
vn -0.100000 0.000000 0.000000
vn -0.100000 0.000000 0.000000
vn -0.100000 0.000000 0.000000
vn -0.100000 0.000000 0.000000
vn 0.000000 0.100000 0.000000
vn 0.000000 0.100000 0.000000
vn 0.000000 0.100000 0.000000
vn 0.000000 0.100000 0.000000
vn 0.000000 0.000000 0.100000
vn 0.000000 0.000000 0.100000
vn 0.000000 0.000000 0.100000
vn 0.000000 0.000000 0.100000
vn 0.000000 0.000000 0.100000
vn 0.000000 0.000000 0.100000
vn 0.000000 0.000000 0.100000
vn 0.000000 0.000000 0.100000
vn 0.000000 0.000000 0.100000
vn 0.000000 0.000000 0.100000
vn 0.000000 0.000000 0.100000
vn 0.000000 0.000000 0.100000
vn 0.000000 0.000000 0.100000
vn 0.000000 0.000000 0.100000
vn 0.000000 0.000000 0.100000
vn 0.000000 0.000000 0.100000
vn 0.000000 0.000000 0.100000
vn 0.000000 0.000000 0.100000
vn 0.000000 0.000000 0.100000
vn 0.000000 0.000000 0.100000
vn 0.000000 -0.100000 0.000000
vn 0.000000 -0.100000 0.000000
vn 0.000000 -0.100000 0.000000
vn 0.000000 -0.100000 0.000000
vn -0.100000 0.000000 0.000000
vn -0.100000 0.000000 0.000000
vn -0.100000 0.000000 0.000000
vn -0.100000 0.000000 0.000000
vn 0.000000 0.100000 0.000000
vn 0.000000 0.100000 0.000000
vn 0.000000 0.100000 0.000000
vn 0.000000 0.100000 0.000000
vn 0.100000 0.000000 0.000000
vn 0.100000 0.000000 0.000000
vn 0.100000 0.000000 0.000000
vn 0.100000 0.000000 0.000000
vn 0.000000 0.000000 0.100000
vn 0.000000 0.000000 0.100000
vn 0.000000 0.000000 0.100000
vn 0.000000 0.000000 0.100000
vn 0.000000 -0.100000 0.000000
vn 0.000000 -0.100000 0.000000
vn 0.000000 -0.100000 0.000000
vn 0.000000 -0.100000 0.000000
vn -0.100000 0.000000 0.000000
vn -0.100000 0.000000 0.000000
vn -0.100000 0.000000 0.000000
vn -0.100000 0.000000 0.000000
vn 0.000000 0.100000 0.000000
vn 0.000000 0.100000 0.000000
vn 0.000000 0.100000 0.000000
vn 0.000000 0.100000 0.000000
vn 0.100000 0.000000 0.000000
vn 0.100000 0.000000 0.000000
vn 0.100000 0.000000 0.000000
vn 0.100000 0.000000 0.000000
vn 0.000000 0.000000 0.100000
vn 0.000000 0.000000 0.100000
vn 0.000000 0.000000 0.100000
vn 0.000000 0.000000 0.100000
vn -0.000000 -0.100000 0.000000
vn -0.000000 -0.100000 0.000000
vn -0.000000 -0.100000 0.000000
vn -0.000000 -0.100000 0.000000
vn -0.000000 -0.100000 0.000000
vn -0.100000 0.000000 0.000000
vn -0.100000 0.000000 0.000000
vn -0.100000 0.000000 0.000000
vn -0.100000 0.000000 0.000000
vn 0.000000 0.100000 0.000000
vn 0.000000 0.100000 0.000000
vn 0.000000 0.100000 0.000000
vn 0.000000 0.100000 0.000000
vn 0.000000 0.100000 0.000000
vn 0.100000 0.000000 0.000000
vn 0.100000 0.000000 0.000000
vn 0.100000 0.000000 0.000000
vn 0.100000 0.000000 0.000000
vn 0.000000 0.000000 0.100000
vn 0.000000 0.000000 0.100000
vn 0.000000 0.000000 0.100000
vn 0.000000 0.000000 0.100000
vn 0.000000 0.000000 -0.100000
vn 0.000000 0.000000 -0.100000
vn 0.000000 0.000000 -0.100000
vn 0.000000 0.000000 -0.100000
vn 0.000000 0.000000 -0.100000
vn 0.000000 0.000000 -0.100000
vn 0.000000 0.000000 -0.100000
vn 0.000000 -0.100000 0.000000
vn 0.000000 -0.100000 0.000000
vn 0.000000 -0.100000 0.000000
vn 0.000000 -0.100000 0.000000
vn 0.000000 -0.100000 0.000000
vn -0.100000 0.000000 0.000000
vn -0.100000 0.000000 0.000000
vn -0.100000 0.000000 0.000000
vn -0.100000 0.000000 0.000000
vn 0.000000 0.100000 0.000000
vn 0.000000 0.100000 0.000000
vn 0.000000 0.100000 0.000000
vn 0.000000 0.100000 0.000000
vn 0.000000 0.100000 0.000000
vn 0.100000 0.000000 0.000000
vn 0.100000 0.000000 0.000000
vn 0.100000 0.000000 0.000000
vn 0.100000 0.000000 0.000000
vn 0.000000 0.000000 0.100000
vn 0.000000 0.000000 0.100000
vn 0.000000 0.000000 0.100000
vn 0.000000 0.000000 0.100000
vn 0.000000 0.000000 -0.100000
vn 0.000000 0.000000 -0.100000
vn 0.000000 0.000000 -0.100000
vn 0.000000 0.000000 -0.100000
vn 0.000000 -0.100000 0.000000
vn 0.000000 -0.100000 0.000000
vn 0.000000 -0.100000 0.000000
vn 0.000000 -0.100000 0.000000
vn 0.000000 -0.100000 0.000000
vn -0.100000 0.000000 0.000000
vn -0.100000 0.000000 0.000000
vn -0.100000 0.000000 0.000000
vn -0.100000 0.000000 0.000000
vn 0.000000 0.100000 0.000000
vn 0.000000 0.100000 0.000000
vn 0.000000 0.100000 0.000000
vn 0.000000 0.100000 0.000000
vn 0.000000 0.100000 0.000000
vn 0.100000 0.000000 0.000000
vn 0.100000 0.000000 0.000000
vn 0.100000 0.000000 0.000000
vn 0.100000 0.000000 0.000000
vn 0.000000 0.000000 0.100000
vn 0.000000 0.000000 0.100000
vn 0.000000 0.000000 0.100000
vn 0.000000 0.000000 0.100000
vn 0.000000 0.000000 -0.100000
vn 0.000000 0.000000 -0.100000
vn 0.000000 0.000000 -0.100000
vn 0.000000 0.000000 -0.100000
vn 0.000000 0.000000 -0.100000
vn 0.000000 0.000000 -0.100000
vn 0.000000 0.000000 -0.100000
vn -0.100000 0.000000 0.000000
vn -0.100000 0.000000 0.000000
vn -0.100000 0.000000 0.000000
vn -0.100000 0.000000 0.000000
vn 0.000000 0.100000 0.000000
vn 0.000000 0.100000 0.000000
vn 0.000000 0.100000 0.000000
vn 0.000000 0.100000 0.000000
vn 0.100000 0.000000 0.000000
vn 0.100000 0.000000 0.000000
vn 0.100000 0.000000 0.000000
vn 0.100000 0.000000 0.000000
vn 0.000000 -0.100000 0.000000
vn 0.000000 -0.100000 0.000000
vn 0.000000 -0.100000 0.000000
vn 0.000000 -0.100000 0.000000
vn -0.100000 0.000000 0.000000
vn -0.100000 0.000000 0.000000
vn -0.100000 0.000000 0.000000
vn -0.100000 0.000000 0.000000
vn -0.000000 0.100000 -0.000000
vn -0.000000 0.100000 -0.000000
vn -0.025882 0.096593 -0.000000
vn -0.025882 0.096593 -0.000000
vn -0.050000 0.086603 -0.000000
vn -0.050000 0.086603 -0.000000
vn -0.070711 0.070711 -0.000000
vn -0.070711 0.070711 -0.000000
vn -0.086603 0.050000 -0.000000
vn -0.086603 0.050000 -0.000000
vn -0.096593 0.025882 -0.000000
vn -0.096593 0.025882 -0.000000
vn -0.100000 -0.000000 0.000000
vn -0.100000 -0.000000 0.000000
vn -0.096593 -0.025882 0.000000
vn -0.096593 -0.025882 0.000000
vn -0.086603 -0.050000 0.000000
vn -0.086603 -0.050000 0.000000
vn -0.070711 -0.070711 0.000000
vn -0.070711 -0.070711 0.000000
vn -0.050000 -0.086603 0.000000
vn -0.050000 -0.086603 0.000000
vn -0.025882 -0.096593 0.000000
vn -0.025882 -0.096593 0.000000
vn 0.000000 -0.100000 0.000000
vn 0.000000 -0.100000 0.000000
vn 0.000000 0.000000 0.100000
vn 0.000000 0.000000 0.100000
vn 0.000000 0.000000 0.100000
vn 0.000000 0.000000 0.100000
vn 0.000000 0.000000 0.100000
vn 0.000000 0.000000 0.100000
vn 0.000000 0.000000 0.100000
vn 0.000000 0.000000 0.100000
vn 0.000000 0.000000 0.100000
vn 0.000000 0.000000 0.100000
vn 0.000000 0.000000 0.100000
vn 0.000000 0.000000 0.100000
vn 0.000000 0.000000 0.100000
vn 0.000000 0.000000 0.100000
vn 0.000000 0.000000 0.100000
vn 0.000000 0.000000 0.100000
vn 0.000000 0.000000 0.100000
vn -0.100000 0.000000 0.000000
vn -0.100000 0.000000 0.000000
vn -0.100000 0.000000 0.000000
vn -0.100000 0.000000 0.000000
vn 0.000000 0.100000 0.000000
vn 0.000000 0.100000 0.000000
vn 0.000000 0.100000 0.000000
vn 0.000000 0.100000 0.000000
vn 0.100000 0.000000 0.000000
vn 0.100000 0.000000 0.000000
vn 0.100000 0.000000 0.000000
vn 0.100000 0.000000 0.000000
vn 0.000000 -0.100000 0.000000
vn 0.000000 -0.100000 0.000000
vn 0.000000 -0.100000 0.000000
vn 0.000000 -0.100000 0.000000
vn 0.000000 0.000000 0.100000
vn 0.000000 0.000000 0.100000
vn 0.000000 0.000000 0.100000
vn 0.000000 0.000000 0.100000
vn -0.100000 0.000000 0.000000
vn -0.100000 0.000000 0.000000
vn -0.100000 0.000000 0.000000
vn -0.100000 0.000000 0.000000
vn 0.000000 0.100000 0.000000
vn 0.000000 0.100000 0.000000
vn 0.000000 0.100000 0.000000
vn 0.000000 0.100000 0.000000
vn 0.100000 0.000000 0.000000
vn 0.100000 0.000000 0.000000
vn 0.100000 0.000000 0.000000
vn 0.100000 0.000000 0.000000
vn 0.000000 -0.100000 0.000000
vn 0.000000 -0.100000 0.000000
vn 0.000000 -0.100000 0.000000
vn 0.000000 -0.100000 0.000000
vn 0.000000 0.000000 0.100000
vn 0.000000 0.000000 0.100000
vn 0.000000 0.000000 0.100000
vn 0.000000 0.000000 0.100000
vn 0.100000 -0.000000 0.000000
vn 0.100000 -0.000000 0.000000
vn 0.100000 -0.000000 0.000000
vn 0.100000 -0.000000 0.000000
vn 0.000000 -0.100000 0.000000
vn 0.000000 -0.100000 0.000000
vn 0.000000 -0.100000 0.000000
vn 0.000000 -0.100000 0.000000
vn -0.100000 0.000000 0.000000
vn -0.100000 0.000000 0.000000
vn -0.100000 0.000000 0.000000
vn -0.100000 0.000000 0.000000
vn 0.000000 0.100000 0.000000
vn 0.000000 0.100000 0.000000
vn 0.000000 0.100000 0.000000
vn 0.000000 0.100000 0.000000
vn 0.000000 0.000000 0.100000
vn 0.000000 0.000000 0.100000
vn 0.000000 0.000000 0.100000
vn 0.000000 0.000000 0.100000
vn 0.100000 0.000000 0.000000
vn 0.100000 0.000000 0.000000
vn 0.100000 0.000000 0.000000
vn 0.100000 0.000000 0.000000
vn 0.000000 -0.100000 0.000000
vn 0.000000 -0.100000 0.000000
vn 0.000000 -0.100000 0.000000
vn 0.000000 -0.100000 0.000000
vn -0.100000 0.000000 0.000000
vn -0.100000 0.000000 0.000000
vn -0.100000 0.000000 0.000000
vn -0.100000 0.000000 0.000000
vn 0.000000 0.100000 0.000000
vn 0.000000 0.100000 0.000000
vn 0.000000 0.100000 0.000000
vn 0.000000 0.100000 0.000000
vn 0.000000 0.000000 0.100000
vn 0.000000 0.000000 0.100000
vn 0.000000 0.000000 0.100000
vn 0.000000 0.000000 0.100000
vn -0.100000 0.000000 0.000000
vn -0.100000 0.000000 0.000000
vn -0.100000 0.000000 0.000000
vn -0.100000 0.000000 0.000000
vn 0.000000 0.100000 0.000000
vn 0.000000 0.100000 0.000000
vn 0.000000 0.100000 0.000000
vn 0.000000 0.100000 0.000000
vn 0.100000 0.000000 0.000000
vn 0.100000 0.000000 0.000000
vn 0.100000 0.000000 0.000000
vn 0.100000 0.000000 0.000000
vn 0.000000 -0.100000 0.000000
vn 0.000000 -0.100000 0.000000
vn 0.000000 -0.100000 0.000000
vn 0.000000 -0.100000 0.000000
vn 0.000000 0.000000 0.100000
vn 0.000000 0.000000 0.100000
vn 0.000000 0.000000 0.100000
vn 0.000000 0.000000 0.100000
vn 0.000000 -0.100000 0.000000
vn 0.000000 -0.100000 0.000000
vn 0.000000 -0.100000 0.000000
vn 0.000000 -0.100000 0.000000
vn -0.100000 0.000000 0.000000
vn -0.100000 0.000000 0.000000
vn -0.100000 0.000000 0.000000
vn -0.100000 0.000000 0.000000
vn 0.000000 0.100000 0.000000
vn 0.000000 0.100000 0.000000
vn 0.000000 0.100000 0.000000
vn 0.000000 0.100000 0.000000
vn 0.100000 0.000000 0.000000
vn 0.100000 0.000000 0.000000
vn 0.100000 0.000000 0.000000
vn 0.100000 0.000000 0.000000
vn 0.000000 0.000000 0.100000
vn 0.000000 0.000000 0.100000
vn 0.000000 0.000000 0.100000
vn 0.000000 0.000000 0.100000
vn -0.100000 0.000000 0.000000
vn -0.100000 0.000000 0.000000
vn -0.100000 0.000000 0.000000
vn -0.100000 0.000000 0.000000
vn 0.000000 0.100000 0.000000
vn 0.000000 0.100000 0.000000
vn 0.000000 0.100000 0.000000
vn 0.000000 0.100000 0.000000
vn 0.100000 0.000000 0.000000
vn 0.100000 0.000000 0.000000
vn 0.100000 0.000000 0.000000
vn 0.100000 0.000000 0.000000
vn 0.000000 -0.100000 0.000000
vn 0.000000 -0.100000 0.000000
vn 0.000000 -0.100000 0.000000
vn 0.000000 -0.100000 0.000000
vn 0.000000 0.000000 0.100000
vn 0.000000 0.000000 0.100000
vn 0.000000 0.000000 0.100000
vn 0.000000 0.000000 0.100000
vn 0.000000 0.100000 0.000000
vn 0.000000 0.100000 0.000000
vn 0.000000 0.100000 0.000000
vn 0.000000 0.100000 0.000000
vn 0.100000 0.000000 0.000000
vn 0.100000 0.000000 0.000000
vn 0.100000 0.000000 0.000000
vn 0.100000 0.000000 0.000000
vn -0.000000 -0.100000 0.000000
vn -0.000000 -0.100000 0.000000
vn -0.000000 -0.100000 0.000000
vn -0.000000 -0.100000 0.000000
vn -0.100000 -0.000000 0.000000
vn -0.100000 -0.000000 0.000000
vn -0.100000 -0.000000 0.000000
vn -0.100000 -0.000000 0.000000
vn 0.000000 0.000000 0.100000
vn 0.000000 0.000000 0.100000
vn 0.000000 0.000000 0.100000
vn 0.000000 0.000000 0.100000
vn 0.100000 -0.000000 0.000000
vn 0.100000 -0.000000 0.000000
vn 0.100000 -0.000000 0.000000
vn 0.100000 -0.000000 0.000000
vn 0.000000 -0.100000 0.000000
vn 0.000000 -0.100000 0.000000
vn 0.000000 -0.100000 0.000000
vn 0.000000 -0.100000 0.000000
vn -0.100000 0.000000 0.000000
vn -0.100000 0.000000 0.000000
vn -0.100000 0.000000 0.000000
vn -0.100000 0.000000 0.000000
vn 0.000000 0.100000 0.000000
vn 0.000000 0.100000 0.000000
vn 0.000000 0.100000 0.000000
vn 0.000000 0.100000 0.000000
vn 0.000000 0.000000 0.100000
vn 0.000000 0.000000 0.100000
vn 0.000000 0.000000 0.100000
vn 0.000000 0.000000 0.100000
vn 0.100000 0.000000 0.000000
vn 0.100000 0.000000 0.000000
vn 0.100000 0.000000 0.000000
vn 0.100000 0.000000 0.000000
vn 0.000000 -0.100000 0.000000
vn 0.000000 -0.100000 0.000000
vn 0.000000 -0.100000 0.000000
vn 0.000000 -0.100000 0.000000
vn -0.100000 0.000000 0.000000
vn -0.100000 0.000000 0.000000
vn -0.100000 0.000000 0.000000
vn -0.100000 0.000000 0.000000
vn 0.000000 0.100000 0.000000
vn 0.000000 0.100000 0.000000
vn 0.000000 0.100000 0.000000
vn 0.000000 0.100000 0.000000
vn 0.000000 0.000000 0.100000
vn 0.000000 0.000000 0.100000
vn 0.000000 0.000000 0.100000
vn 0.000000 0.000000 0.100000
vn 0.000000 0.100000 0.000000
vn 0.000000 0.100000 0.000000
vn 0.000000 0.100000 0.000000
vn 0.000000 0.100000 0.000000
vn 0.100000 0.000000 0.000000
vn 0.100000 0.000000 0.000000
vn 0.100000 0.000000 0.000000
vn 0.100000 0.000000 0.000000
vn 0.000000 -0.100000 0.000000
vn 0.000000 -0.100000 0.000000
vn 0.000000 -0.100000 0.000000
vn 0.000000 -0.100000 0.000000
vn -0.100000 -0.000000 0.000000
vn -0.100000 -0.000000 0.000000
vn -0.100000 -0.000000 0.000000
vn -0.100000 -0.000000 0.000000
vn 0.000000 0.000000 0.100000
vn 0.000000 0.000000 0.100000
vn 0.000000 0.000000 0.100000
vn 0.000000 0.000000 0.100000
vn 0.000000 -0.100000 0.000000
vn 0.000000 -0.100000 0.000000
vn 0.000000 -0.100000 0.000000
vn 0.000000 -0.100000 0.000000
vn -0.100000 0.000000 0.000000
vn -0.100000 0.000000 0.000000
vn -0.100000 0.000000 0.000000
vn -0.100000 0.000000 0.000000
vn 0.000000 0.100000 0.000000
vn 0.000000 0.100000 0.000000
vn 0.000000 0.100000 0.000000
vn 0.000000 0.100000 0.000000
vn 0.100000 0.000000 0.000000
vn 0.100000 0.000000 0.000000
vn 0.100000 0.000000 0.000000
vn 0.100000 0.000000 0.000000
vn 0.000000 0.000000 0.100000
vn 0.000000 0.000000 0.100000
vn 0.000000 0.000000 0.100000
vn 0.000000 0.000000 0.100000
vn 0.096593 -0.025882 0.000000
vn 0.096593 -0.025882 0.000000
vn 0.100000 -0.000000 0.000000
vn 0.100000 -0.000000 0.000000
vn 0.096593 0.025882 0.000000
vn 0.096593 0.025882 0.000000
vn 0.086603 0.050000 0.000000
vn 0.086603 0.050000 0.000000
vn 0.070711 0.070711 0.000000
vn 0.070711 0.070711 0.000000
vn 0.050000 0.086603 0.000000
vn 0.050000 0.086603 0.000000
vn 0.025882 0.096593 0.000000
vn 0.025882 0.096593 0.000000
vn -0.000000 0.100000 0.000000
vn -0.000000 0.100000 0.000000
vn -0.025882 0.096593 0.000000
vn -0.025882 0.096593 0.000000
vn -0.050000 0.086603 0.000000
vn -0.050000 0.086603 0.000000
vn -0.070711 0.070711 0.000000
vn -0.070711 0.070711 0.000000
vn -0.086603 0.050000 0.000000
vn -0.086603 0.050000 0.000000
vn -0.096593 0.025882 0.000000
vn -0.096593 0.025882 0.000000
vn -0.100000 0.000000 0.000000
vn -0.100000 0.000000 0.000000
vn -0.096593 -0.025882 0.000000
vn -0.096593 -0.025882 0.000000
vn -0.086603 -0.050000 0.000000
vn -0.086603 -0.050000 0.000000
vn -0.070711 -0.070711 0.000000
vn -0.070711 -0.070711 0.000000
vn -0.050000 -0.086603 0.000000
vn -0.050000 -0.086603 0.000000
vn -0.025882 -0.096593 0.000000
vn -0.025882 -0.096593 0.000000
vn -0.000000 -0.100000 0.000000
vn -0.000000 -0.100000 0.000000
vn 0.025882 -0.096593 0.000000
vn 0.025882 -0.096593 0.000000
vn 0.050000 -0.086603 0.000000
vn 0.050000 -0.086603 0.000000
vn 0.070711 -0.070711 0.000000
vn 0.070711 -0.070711 0.000000
vn 0.086603 -0.050000 0.000000
vn 0.086603 -0.050000 0.000000
vn 0.000000 0.000000 0.100000
vn 0.000000 0.000000 0.100000
vn 0.000000 0.000000 0.100000
vn 0.000000 0.000000 0.100000
vn 0.000000 0.000000 0.100000
vn 0.000000 0.000000 0.100000
vn 0.000000 0.000000 0.100000
vn 0.000000 0.000000 0.100000
vn 0.000000 0.000000 0.100000
vn 0.000000 0.000000 0.100000
vn 0.000000 0.000000 0.100000
vn 0.000000 0.000000 0.100000
vn 0.000000 0.000000 0.100000
vn 0.000000 0.000000 0.100000
vn 0.000000 0.000000 0.100000
vn 0.000000 0.000000 0.100000
vn 0.000000 0.000000 0.100000
vn 0.000000 0.000000 0.100000
vn 0.000000 0.000000 0.100000
vn 0.000000 0.000000 0.100000
vn 0.000000 0.000000 0.100000
vn 0.000000 0.000000 0.100000
vn 0.000000 0.000000 0.100000
vn 0.000000 0.000000 0.100000
vn 0.000000 0.000000 0.100000
vn 0.000000 0.000000 0.100000
vn 0.000000 0.000000 0.100000
vn 0.000000 0.000000 0.100000
vn 0.000000 0.000000 0.100000
vn 0.000000 0.000000 0.100000
vn 0.000000 0.000000 0.100000
vn 0.000000 0.000000 0.100000
vn 0.000000 0.000000 0.100000
vn 0.000000 0.000000 0.100000
vn 0.000000 0.000000 0.100000
vn 0.000000 0.000000 0.100000
vn 0.000000 0.000000 0.100000
vn 0.000000 0.000000 0.100000
vn 0.000000 0.000000 0.100000
vn 0.000000 0.000000 0.100000
vn 0.000000 0.000000 0.100000
vn 0.000000 0.000000 0.100000
vn 0.000000 0.000000 0.100000
vn 0.000000 0.000000 0.100000
vn 0.000000 0.000000 0.100000
vn 0.000000 0.000000 0.100000
vn 0.000000 0.000000 0.100000
vn 0.000000 0.000000 0.100000
vn 0.096593 -0.025882 0.000000
vn 0.096593 -0.025882 0.000000
vn 0.100000 -0.000000 0.000000
vn 0.100000 -0.000000 0.000000
vn 0.096593 0.025882 0.000000
vn 0.096593 0.025882 0.000000
vn 0.086603 0.050000 0.000000
vn 0.086603 0.050000 0.000000
vn 0.070711 0.070711 0.000000
vn 0.070711 0.070711 0.000000
vn 0.050000 0.086603 0.000000
vn 0.050000 0.086603 0.000000
vn 0.025882 0.096593 0.000000
vn 0.025882 0.096593 0.000000
vn -0.000000 0.100000 0.000000
vn -0.000000 0.100000 0.000000
vn -0.025882 0.096593 0.000000
vn -0.025882 0.096593 0.000000
vn -0.050000 0.086603 0.000000
vn -0.050000 0.086603 0.000000
vn -0.070711 0.070711 0.000000
vn -0.070711 0.070711 0.000000
vn -0.086603 0.050000 0.000000
vn -0.086603 0.050000 0.000000
vn -0.096593 0.025882 0.000000
vn -0.096593 0.025882 0.000000
vn -0.100000 0.000000 0.000000
vn -0.100000 0.000000 0.000000
vn -0.096593 -0.025882 0.000000
vn -0.096593 -0.025882 0.000000
vn -0.086603 -0.050000 0.000000
vn -0.086603 -0.050000 0.000000
vn -0.070711 -0.070711 0.000000
vn -0.070711 -0.070711 0.000000
vn -0.050000 -0.086603 0.000000
vn -0.050000 -0.086603 0.000000
vn -0.025882 -0.096593 0.000000
vn -0.025882 -0.096593 0.000000
vn -0.000000 -0.100000 0.000000
vn -0.000000 -0.100000 0.000000
vn 0.025882 -0.096593 0.000000
vn 0.025882 -0.096593 0.000000
vn 0.050000 -0.086603 0.000000
vn 0.050000 -0.086603 0.000000
vn 0.070711 -0.070711 0.000000
vn 0.070711 -0.070711 0.000000
vn 0.086603 -0.050000 0.000000
vn 0.086603 -0.050000 0.000000
vn 0.000000 0.000000 0.100000
vn 0.000000 0.000000 0.100000
vn 0.000000 0.000000 0.100000
vn 0.000000 0.000000 0.100000
vn 0.000000 0.000000 0.100000
vn 0.000000 0.000000 0.100000
vn 0.000000 0.000000 0.100000
vn 0.000000 0.000000 0.100000
vn 0.000000 0.000000 0.100000
vn 0.000000 0.000000 0.100000
vn 0.000000 0.000000 0.100000
vn 0.000000 0.000000 0.100000
vn 0.000000 0.000000 0.100000
vn 0.000000 0.000000 0.100000
vn 0.000000 0.000000 0.100000
vn 0.000000 0.000000 0.100000
vn 0.000000 0.000000 0.100000
vn 0.000000 0.000000 0.100000
vn 0.000000 0.000000 0.100000
vn 0.000000 0.000000 0.100000
vn 0.000000 0.000000 0.100000
vn 0.000000 0.000000 0.100000
vn 0.000000 0.000000 0.100000
vn 0.000000 0.000000 0.100000
vn 0.000000 0.000000 0.100000
vn 0.000000 0.000000 0.100000
vn 0.000000 0.000000 0.100000
vn 0.000000 0.000000 0.100000
vn 0.000000 0.000000 0.100000
vn 0.000000 0.000000 0.100000
vn 0.000000 0.000000 0.100000
vn 0.000000 0.000000 0.100000
vn 0.000000 0.000000 0.100000
vn 0.000000 0.000000 0.100000
vn 0.000000 0.000000 0.100000
vn 0.000000 0.000000 0.100000
vn 0.000000 0.000000 0.100000
vn 0.000000 0.000000 0.100000
vn 0.000000 0.000000 0.100000
vn 0.000000 0.000000 0.100000
vn 0.000000 0.000000 0.100000
vn 0.000000 0.000000 0.100000
vn 0.000000 0.000000 0.100000
vn 0.000000 0.000000 0.100000
vn 0.000000 0.000000 0.100000
vn 0.000000 0.000000 0.100000
vn 0.000000 0.000000 0.100000
vn 0.000000 0.000000 0.100000
vn 0.096593 -0.025882 0.000000
vn 0.096593 -0.025882 0.000000
vn 0.100000 -0.000000 0.000000
vn 0.100000 -0.000000 0.000000
vn 0.096593 0.025882 0.000000
vn 0.096593 0.025882 0.000000
vn 0.086603 0.050000 0.000000
vn 0.086603 0.050000 0.000000
vn 0.070711 0.070711 0.000000
vn 0.070711 0.070711 0.000000
vn 0.050000 0.086603 0.000000
vn 0.050000 0.086603 0.000000
vn 0.025882 0.096593 0.000000
vn 0.025882 0.096593 0.000000
vn -0.000000 0.100000 0.000000
vn -0.000000 0.100000 0.000000
vn -0.025882 0.096593 0.000000
vn -0.025882 0.096593 0.000000
vn -0.050000 0.086603 0.000000
vn -0.050000 0.086603 0.000000
vn -0.070711 0.070711 0.000000
vn -0.070711 0.070711 0.000000
vn -0.086603 0.050000 0.000000
vn -0.086603 0.050000 0.000000
vn -0.096593 0.025882 0.000000
vn -0.096593 0.025882 0.000000
vn -0.100000 0.000000 0.000000
vn -0.100000 0.000000 0.000000
vn -0.096593 -0.025882 0.000000
vn -0.096593 -0.025882 0.000000
vn -0.086603 -0.050000 0.000000
vn -0.086603 -0.050000 0.000000
vn -0.070711 -0.070711 0.000000
vn -0.070711 -0.070711 0.000000
vn -0.050000 -0.086603 0.000000
vn -0.050000 -0.086603 0.000000
vn -0.025882 -0.096593 0.000000
vn -0.025882 -0.096593 0.000000
vn -0.000000 -0.100000 0.000000
vn -0.000000 -0.100000 0.000000
vn 0.025882 -0.096593 0.000000
vn 0.025882 -0.096593 0.000000
vn 0.050000 -0.086603 0.000000
vn 0.050000 -0.086603 0.000000
vn 0.070711 -0.070711 0.000000
vn 0.070711 -0.070711 0.000000
vn 0.086603 -0.050000 0.000000
vn 0.086603 -0.050000 0.000000
vn 0.000000 0.000000 0.100000
vn 0.000000 0.000000 0.100000
vn 0.000000 0.000000 0.100000
vn 0.000000 0.000000 0.100000
vn 0.000000 0.000000 0.100000
vn 0.000000 0.000000 0.100000
vn 0.000000 0.000000 0.100000
vn 0.000000 0.000000 0.100000
vn 0.000000 0.000000 0.100000
vn 0.000000 0.000000 0.100000
vn 0.000000 0.000000 0.100000
vn 0.000000 0.000000 0.100000
vn 0.000000 0.000000 0.100000
vn 0.000000 0.000000 0.100000
vn 0.000000 0.000000 0.100000
vn 0.000000 0.000000 0.100000
vn 0.000000 0.000000 0.100000
vn 0.000000 0.000000 0.100000
vn 0.000000 0.000000 0.100000
vn 0.000000 0.000000 0.100000
vn 0.000000 0.000000 0.100000
vn 0.000000 0.000000 0.100000
vn 0.000000 0.000000 0.100000
vn 0.000000 0.000000 0.100000
vn 0.000000 0.000000 0.100000
vn 0.000000 0.000000 0.100000
vn 0.000000 0.000000 0.100000
vn 0.000000 0.000000 0.100000
vn 0.000000 0.000000 0.100000
vn 0.000000 0.000000 0.100000
vn 0.000000 0.000000 0.100000
vn 0.000000 0.000000 0.100000
vn 0.000000 0.000000 0.100000
vn 0.000000 0.000000 0.100000
vn 0.000000 0.000000 0.100000
vn 0.000000 0.000000 0.100000
vn 0.000000 0.000000 0.100000
vn 0.000000 0.000000 0.100000
vn 0.000000 0.000000 0.100000
vn 0.000000 0.000000 0.100000
vn 0.000000 0.000000 0.100000
vn 0.000000 0.000000 0.100000
vn 0.000000 0.000000 0.100000
vn 0.000000 0.000000 0.100000
vn 0.000000 0.000000 0.100000
vn 0.000000 0.000000 0.100000
vn 0.000000 0.000000 0.100000
vn 0.000000 0.000000 0.100000
vn 0.096593 -0.025882 0.000000
vn 0.096593 -0.025882 0.000000
vn 0.100000 -0.000000 0.000000
vn 0.100000 -0.000000 0.000000
vn 0.096593 0.025882 0.000000
vn 0.096593 0.025882 0.000000
vn 0.086603 0.050000 0.000000
vn 0.086603 0.050000 0.000000
vn 0.070711 0.070711 0.000000
vn 0.070711 0.070711 0.000000
vn 0.050000 0.086603 0.000000
vn 0.050000 0.086603 0.000000
vn 0.025882 0.096593 0.000000
vn 0.025882 0.096593 0.000000
vn -0.000000 0.100000 0.000000
vn -0.000000 0.100000 0.000000
vn -0.025882 0.096593 0.000000
vn -0.025882 0.096593 0.000000
vn -0.050000 0.086603 0.000000
vn -0.050000 0.086603 0.000000
vn -0.070711 0.070711 0.000000
vn -0.070711 0.070711 0.000000
vn -0.086603 0.050000 0.000000
vn -0.086603 0.050000 0.000000
vn -0.096593 0.025882 0.000000
vn -0.096593 0.025882 0.000000
vn -0.100000 0.000000 0.000000
vn -0.100000 0.000000 0.000000
vn -0.096593 -0.025882 0.000000
vn -0.096593 -0.025882 0.000000
vn -0.086603 -0.050000 0.000000
vn -0.086603 -0.050000 0.000000
vn -0.070711 -0.070711 0.000000
vn -0.070711 -0.070711 0.000000
vn -0.050000 -0.086603 0.000000
vn -0.050000 -0.086603 0.000000
vn -0.025882 -0.096593 0.000000
vn -0.025882 -0.096593 0.000000
vn -0.000000 -0.100000 0.000000
vn -0.000000 -0.100000 0.000000
vn 0.025882 -0.096593 0.000000
vn 0.025882 -0.096593 0.000000
vn 0.050000 -0.086603 0.000000
vn 0.050000 -0.086603 0.000000
vn 0.070711 -0.070711 0.000000
vn 0.070711 -0.070711 0.000000
vn 0.086603 -0.050000 0.000000
vn 0.086603 -0.050000 0.000000
vn 0.000000 0.000000 0.100000
vn 0.000000 0.000000 0.100000
vn 0.000000 0.000000 0.100000
vn 0.000000 0.000000 0.100000
vn 0.000000 0.000000 0.100000
vn 0.000000 0.000000 0.100000
vn 0.000000 0.000000 0.100000
vn 0.000000 0.000000 0.100000
vn 0.000000 0.000000 0.100000
vn 0.000000 0.000000 0.100000
vn 0.000000 0.000000 0.100000
vn 0.000000 0.000000 0.100000
vn 0.000000 0.000000 0.100000
vn 0.000000 0.000000 0.100000
vn 0.000000 0.000000 0.100000
vn 0.000000 0.000000 0.100000
vn 0.000000 0.000000 0.100000
vn 0.000000 0.000000 0.100000
vn 0.000000 0.000000 0.100000
vn 0.000000 0.000000 0.100000
vn 0.000000 0.000000 0.100000
vn 0.000000 0.000000 0.100000
vn 0.000000 0.000000 0.100000
vn 0.000000 0.000000 0.100000
vn 0.000000 0.000000 0.100000
vn 0.000000 0.000000 0.100000
vn 0.000000 0.000000 0.100000
vn 0.000000 0.000000 0.100000
vn 0.000000 0.000000 0.100000
vn 0.000000 0.000000 0.100000
vn 0.000000 0.000000 0.100000
vn 0.000000 0.000000 0.100000
vn 0.000000 0.000000 0.100000
vn 0.000000 0.000000 0.100000
vn 0.000000 0.000000 0.100000
vn 0.000000 0.000000 0.100000
vn 0.000000 0.000000 0.100000
vn 0.000000 0.000000 0.100000
vn 0.000000 0.000000 0.100000
vn 0.000000 0.000000 0.100000
vn 0.000000 0.000000 0.100000
vn 0.000000 0.000000 0.100000
vn 0.000000 0.000000 0.100000
vn 0.000000 0.000000 0.100000
vn 0.000000 0.000000 0.100000
vn 0.000000 0.000000 0.100000
vn 0.000000 0.000000 0.100000
vn 0.000000 0.000000 0.100000
vn -0.100000 0.000000 0.000000
vn -0.100000 0.000000 0.000000
vn -0.100000 0.000000 0.000000
vn -0.100000 0.000000 0.000000
vn -0.100000 0.000000 0.000000
vn 0.000000 0.100000 0.000000
vn 0.000000 0.100000 0.000000
vn 0.000000 0.100000 0.000000
vn 0.000000 0.100000 0.000000
vn 0.100000 0.000000 0.000000
vn 0.100000 0.000000 0.000000
vn 0.100000 0.000000 0.000000
vn 0.100000 0.000000 0.000000
vn 0.100000 0.000000 0.000000
vn 0.000000 -0.100000 0.000000
vn 0.000000 -0.100000 0.000000
vn 0.000000 -0.100000 0.000000
vn 0.000000 -0.100000 0.000000
vn 0.000000 0.000000 0.100000
vn 0.000000 0.000000 0.100000
vn 0.000000 0.000000 0.100000
vn 0.000000 0.000000 0.100000
vn -0.000000 0.000000 -0.100000
vn -0.000000 0.000000 -0.100000
vn -0.000000 0.000000 -0.100000
vn -0.000000 0.000000 -0.100000
vn 0.096593 0.025882 0.000000
vn 0.096593 0.025882 0.000000
vn 0.100000 0.000000 0.000000
vn 0.100000 0.000000 0.000000
vn 0.096593 -0.025882 0.000000
vn 0.096593 -0.025882 0.000000
vn 0.086603 -0.050000 0.000000
vn 0.086603 -0.050000 0.000000
vn 0.070711 -0.070711 0.000000
vn 0.070711 -0.070711 0.000000
vn 0.050000 -0.086603 0.000000
vn 0.050000 -0.086603 0.000000
vn 0.025882 -0.096593 0.000000
vn 0.025882 -0.096593 0.000000
vn -0.000000 -0.100000 0.000000
vn -0.000000 -0.100000 0.000000
vn -0.025882 -0.096593 0.000000
vn -0.025882 -0.096593 0.000000
vn -0.050000 -0.086603 0.000000
vn -0.050000 -0.086603 0.000000
vn -0.070711 -0.070711 0.000000
vn -0.070711 -0.070711 0.000000
vn -0.086603 -0.050000 0.000000
vn -0.086603 -0.050000 0.000000
vn -0.096593 -0.025882 0.000000
vn -0.096593 -0.025882 0.000000
vn -0.100000 0.000000 0.000000
vn -0.100000 0.000000 0.000000
vn -0.096593 0.025882 0.000000
vn -0.096593 0.025882 0.000000
vn -0.086603 0.050000 0.000000
vn -0.086603 0.050000 0.000000
vn -0.070711 0.070711 0.000000
vn -0.070711 0.070711 0.000000
vn -0.050000 0.086603 0.000000
vn -0.050000 0.086603 0.000000
vn -0.025882 0.096593 0.000000
vn -0.025882 0.096593 0.000000
vn -0.000000 0.100000 0.000000
vn -0.000000 0.100000 0.000000
vn 0.025882 0.096593 0.000000
vn 0.025882 0.096593 0.000000
vn 0.050000 0.086603 0.000000
vn 0.050000 0.086603 0.000000
vn 0.070711 0.070711 0.000000
vn 0.070711 0.070711 0.000000
vn 0.086603 0.050000 0.000000
vn 0.086603 0.050000 0.000000
vn 0.096593 -0.025882 0.000000
vn 0.096593 -0.025882 0.000000
vn 0.100000 -0.000000 0.000000
vn 0.100000 -0.000000 0.000000
vn 0.096593 0.025882 0.000000
vn 0.096593 0.025882 0.000000
vn 0.086603 0.050000 0.000000
vn 0.086603 0.050000 0.000000
vn 0.070711 0.070711 0.000000
vn 0.070711 0.070711 0.000000
vn 0.050000 0.086603 0.000000
vn 0.050000 0.086603 0.000000
vn 0.025882 0.096593 0.000000
vn 0.025882 0.096593 0.000000
vn -0.000000 0.100000 0.000000
vn -0.000000 0.100000 0.000000
vn -0.025882 0.096593 0.000000
vn -0.025882 0.096593 0.000000
vn -0.050000 0.086603 0.000000
vn -0.050000 0.086603 0.000000
vn -0.070711 0.070711 0.000000
vn -0.070711 0.070711 0.000000
vn -0.086603 0.050000 0.000000
vn -0.086603 0.050000 0.000000
vn -0.096593 0.025882 0.000000
vn -0.096593 0.025882 0.000000
vn -0.100000 0.000000 0.000000
vn -0.100000 0.000000 0.000000
vn -0.096593 -0.025882 0.000000
vn -0.096593 -0.025882 0.000000
vn -0.086603 -0.050000 0.000000
vn -0.086603 -0.050000 0.000000
vn -0.070711 -0.070711 0.000000
vn -0.070711 -0.070711 0.000000
vn -0.050000 -0.086603 0.000000
vn -0.050000 -0.086603 0.000000
vn -0.025882 -0.096593 0.000000
vn -0.025882 -0.096593 0.000000
vn -0.000000 -0.100000 0.000000
vn -0.000000 -0.100000 0.000000
vn 0.025882 -0.096593 0.000000
vn 0.025882 -0.096593 0.000000
vn 0.050000 -0.086603 0.000000
vn 0.050000 -0.086603 0.000000
vn 0.070711 -0.070711 0.000000
vn 0.070711 -0.070711 0.000000
vn 0.086603 -0.050000 0.000000
vn 0.086603 -0.050000 0.000000
vn 0.096593 0.025882 0.000000
vn 0.096593 0.025882 0.000000
vn 0.100000 0.000000 0.000000
vn 0.100000 0.000000 0.000000
vn 0.096593 -0.025882 0.000000
vn 0.096593 -0.025882 0.000000
vn 0.086603 -0.050000 0.000000
vn 0.086603 -0.050000 0.000000
vn 0.070711 -0.070711 0.000000
vn 0.070711 -0.070711 0.000000
vn 0.050000 -0.086603 0.000000
vn 0.050000 -0.086603 0.000000
vn 0.025882 -0.096593 0.000000
vn 0.025882 -0.096593 0.000000
vn -0.000000 -0.100000 0.000000
vn -0.000000 -0.100000 0.000000
vn -0.025882 -0.096593 0.000000
vn -0.025882 -0.096593 0.000000
vn -0.050000 -0.086603 0.000000
vn -0.050000 -0.086603 0.000000
vn -0.070711 -0.070711 0.000000
vn -0.070711 -0.070711 0.000000
vn -0.086603 -0.050000 0.000000
vn -0.086603 -0.050000 0.000000
vn -0.096593 -0.025882 0.000000
vn -0.096593 -0.025882 0.000000
vn -0.100000 0.000000 0.000000
vn -0.100000 0.000000 0.000000
vn -0.096593 0.025882 0.000000
vn -0.096593 0.025882 0.000000
vn -0.086603 0.050000 0.000000
vn -0.086603 0.050000 0.000000
vn -0.070711 0.070711 0.000000
vn -0.070711 0.070711 0.000000
vn -0.050000 0.086603 0.000000
vn -0.050000 0.086603 0.000000
vn -0.025882 0.096593 0.000000
vn -0.025882 0.096593 0.000000
vn -0.000000 0.100000 0.000000
vn -0.000000 0.100000 0.000000
vn 0.025882 0.096593 0.000000
vn 0.025882 0.096593 0.000000
vn 0.050000 0.086603 0.000000
vn 0.050000 0.086603 0.000000
vn 0.070711 0.070711 0.000000
vn 0.070711 0.070711 0.000000
vn 0.086603 0.050000 0.000000
vn 0.086603 0.050000 0.000000
vn 0.096593 0.025882 0.000000
vn 0.096593 0.025882 0.000000
vn 0.100000 0.000000 0.000000
vn 0.100000 0.000000 0.000000
vn 0.096593 -0.025882 0.000000
vn 0.096593 -0.025882 0.000000
vn 0.086603 -0.050000 0.000000
vn 0.086603 -0.050000 0.000000
vn 0.070711 -0.070711 0.000000
vn 0.070711 -0.070711 0.000000
vn 0.050000 -0.086603 0.000000
vn 0.050000 -0.086603 0.000000
vn 0.025882 -0.096593 0.000000
vn 0.025882 -0.096593 0.000000
vn -0.000000 -0.100000 0.000000
vn -0.000000 -0.100000 0.000000
vn -0.025882 -0.096593 0.000000
vn -0.025882 -0.096593 0.000000
vn -0.050000 -0.086603 0.000000
vn -0.050000 -0.086603 0.000000
vn -0.070711 -0.070711 0.000000
vn -0.070711 -0.070711 0.000000
vn -0.086603 -0.050000 0.000000
vn -0.086603 -0.050000 0.000000
vn -0.096593 -0.025882 0.000000
vn -0.096593 -0.025882 0.000000
vn -0.100000 0.000000 0.000000
vn -0.100000 0.000000 0.000000
vn -0.096593 0.025882 0.000000
vn -0.096593 0.025882 0.000000
vn -0.086603 0.050000 0.000000
vn -0.086603 0.050000 0.000000
vn -0.070711 0.070711 0.000000
vn -0.070711 0.070711 0.000000
vn -0.050000 0.086603 0.000000
vn -0.050000 0.086603 0.000000
vn -0.025882 0.096593 0.000000
vn -0.025882 0.096593 0.000000
vn -0.000000 0.100000 0.000000
vn -0.000000 0.100000 0.000000
vn 0.025882 0.096593 0.000000
vn 0.025882 0.096593 0.000000
vn 0.050000 0.086603 0.000000
vn 0.050000 0.086603 0.000000
vn 0.070711 0.070711 0.000000
vn 0.070711 0.070711 0.000000
vn 0.086603 0.050000 0.000000
vn 0.086603 0.050000 0.000000
vn 0.096593 -0.025882 0.000000
vn 0.096593 -0.025882 0.000000
vn 0.100000 -0.000000 0.000000
vn 0.100000 -0.000000 0.000000
vn 0.096593 0.025882 0.000000
vn 0.096593 0.025882 0.000000
vn 0.086603 0.050000 0.000000
vn 0.086603 0.050000 0.000000
vn 0.070711 0.070711 0.000000
vn 0.070711 0.070711 0.000000
vn 0.050000 0.086603 0.000000
vn 0.050000 0.086603 0.000000
vn 0.025882 0.096593 0.000000
vn 0.025882 0.096593 0.000000
vn -0.000000 0.100000 0.000000
vn -0.000000 0.100000 0.000000
vn -0.025882 0.096593 0.000000
vn -0.025882 0.096593 0.000000
vn -0.050000 0.086603 0.000000
vn -0.050000 0.086603 0.000000
vn -0.070711 0.070711 0.000000
vn -0.070711 0.070711 0.000000
vn -0.086603 0.050000 0.000000
vn -0.086603 0.050000 0.000000
vn -0.096593 0.025882 0.000000
vn -0.096593 0.025882 0.000000
vn -0.100000 0.000000 0.000000
vn -0.100000 0.000000 0.000000
vn -0.096593 -0.025882 0.000000
vn -0.096593 -0.025882 0.000000
vn -0.086603 -0.050000 0.000000
vn -0.086603 -0.050000 0.000000
vn -0.070711 -0.070711 0.000000
vn -0.070711 -0.070711 0.000000
vn -0.050000 -0.086603 0.000000
vn -0.050000 -0.086603 0.000000
vn -0.025882 -0.096593 0.000000
vn -0.025882 -0.096593 0.000000
vn -0.000000 -0.100000 0.000000
vn -0.000000 -0.100000 0.000000
vn 0.025882 -0.096593 0.000000
vn 0.025882 -0.096593 0.000000
vn 0.050000 -0.086603 0.000000
vn 0.050000 -0.086603 0.000000
vn 0.070711 -0.070711 0.000000
vn 0.070711 -0.070711 0.000000
vn 0.086603 -0.050000 0.000000
vn 0.086603 -0.050000 0.000000
vn 0.096593 0.025882 0.000000
vn 0.096593 0.025882 0.000000
vn 0.100000 0.000000 0.000000
vn 0.100000 0.000000 0.000000
vn 0.096593 -0.025882 0.000000
vn 0.096593 -0.025882 0.000000
vn 0.086603 -0.050000 0.000000
vn 0.086603 -0.050000 0.000000
vn 0.070711 -0.070711 0.000000
vn 0.070711 -0.070711 0.000000
vn 0.050000 -0.086603 0.000000
vn 0.050000 -0.086603 0.000000
vn 0.025882 -0.096593 0.000000
vn 0.025882 -0.096593 0.000000
vn -0.000000 -0.100000 0.000000
vn -0.000000 -0.100000 0.000000
vn -0.025882 -0.096593 0.000000
vn -0.025882 -0.096593 0.000000
vn -0.050000 -0.086603 0.000000
vn -0.050000 -0.086603 0.000000
vn -0.070711 -0.070711 0.000000
vn -0.070711 -0.070711 0.000000
vn -0.086603 -0.050000 0.000000
vn -0.086603 -0.050000 0.000000
vn -0.096593 -0.025882 0.000000
vn -0.096593 -0.025882 0.000000
vn -0.100000 0.000000 0.000000
vn -0.100000 0.000000 0.000000
vn -0.096593 0.025882 0.000000
vn -0.096593 0.025882 0.000000
vn -0.086603 0.050000 0.000000
vn -0.086603 0.050000 0.000000
vn -0.070711 0.070711 0.000000
vn -0.070711 0.070711 0.000000
vn -0.050000 0.086603 0.000000
vn -0.050000 0.086603 0.000000
vn -0.025882 0.096593 0.000000
vn -0.025882 0.096593 0.000000
vn -0.000000 0.100000 0.000000
vn -0.000000 0.100000 0.000000
vn 0.025882 0.096593 0.000000
vn 0.025882 0.096593 0.000000
vn 0.050000 0.086603 0.000000
vn 0.050000 0.086603 0.000000
vn 0.070711 0.070711 0.000000
vn 0.070711 0.070711 0.000000
vn 0.086603 0.050000 0.000000
vn 0.086603 0.050000 0.000000
usemtl Steel_-_Satin
f 15/1/1 1/2/2 14/3/3
f 14/3/3 1/2/2 2/4/4
f 14/3/3 2/4/4 13/5/5
f 13/5/5 2/4/4 3/6/6
f 13/5/5 3/6/6 12/7/7
f 12/7/7 3/6/6 4/8/8
f 12/7/7 4/8/8 11/9/9
f 11/9/9 4/8/8 5/10/10
f 11/9/9 5/10/10 10/11/11
f 10/11/11 5/10/10 6/12/12
f 10/11/11 6/12/12 9/13/13
f 9/13/13 6/12/12 7/14/14
f 9/13/13 7/14/14 8/15/15
f 17/16/16 212/17/17 16/18/18
f 16/18/18 212/17/17 300/19/19
f 16/18/18 300/19/19 39/20/20
f 39/20/20 300/19/19 66/21/21
f 39/20/20 66/21/21 38/22/22
f 38/22/22 66/21/21 67/23/23
f 38/22/22 67/23/23 37/24/24
f 37/24/24 67/23/23 68/25/25
f 37/24/24 68/25/25 36/26/26
f 36/26/26 68/25/25 69/27/27
f 36/26/26 69/27/27 35/28/28
f 35/28/28 69/27/27 70/29/29
f 35/28/28 70/29/29 34/30/30
f 34/30/30 70/29/29 33/31/31
f 33/31/31 70/29/29 71/32/32
f 33/31/31 71/32/32 32/33/33
f 32/33/33 71/32/32 308/34/34
f 32/33/33 308/34/34 31/35/35
f 31/35/35 308/34/34 180/36/36
f 31/35/35 180/36/36 30/37/37
f 30/37/37 180/36/36 29/38/38
f 29/38/38 180/36/36 28/39/39
f 28/39/39 180/36/36 181/40/40
f 28/39/39 181/40/40 27/41/41
f 27/41/41 181/40/40 26/42/42
f 26/42/42 181/40/40 25/43/43
f 25/43/43 181/40/40 286/44/44
f 25/43/43 286/44/44 24/45/45
f 24/45/45 286/44/44 160/46/46
f 24/45/45 160/46/46 161/47/47
f 17/16/16 18/48/48 212/17/17
f 212/17/17 18/48/48 19/49/49
f 212/17/17 19/49/49 20/50/50
f 212/17/17 20/50/50 211/51/51
f 211/51/51 20/50/50 21/52/52
f 211/51/51 21/52/52 22/53/53
f 211/51/51 22/53/53 161/47/47
f 161/47/47 22/53/53 23/54/54
f 161/47/47 23/54/54 24/45/45
f 41/55/55 237/56/56 40/57/57
f 40/57/57 237/56/56 263/58/58
f 40/57/57 263/58/58 63/59/59
f 63/59/59 263/58/58 62/60/60
f 62/60/60 263/58/58 61/61/61
f 61/61/61 263/58/58 60/62/62
f 60/62/62 263/58/58 59/63/63
f 59/63/63 263/58/58 264/64/64
f 59/63/63 264/64/64 58/65/65
f 58/65/65 264/64/64 57/66/66
f 57/66/66 264/64/64 56/67/67
f 56/67/67 264/64/64 55/68/68
f 55/68/68 264/64/64 54/69/69
f 54/69/69 264/64/64 227/70/70
f 54/69/69 227/70/70 53/71/71
f 53/71/71 227/70/70 52/72/72
f 52/72/72 227/70/70 51/73/73
f 51/73/73 227/70/70 50/74/74
f 50/74/74 227/70/70 230/75/75
f 50/74/74 230/75/75 49/76/76
f 49/76/76 230/75/75 48/77/77
f 48/77/77 230/75/75 153/78/78
f 48/77/77 153/78/78 47/79/79
f 47/79/79 153/78/78 154/80/80
f 47/79/79 154/80/80 46/81/81
f 46/81/81 154/80/80 45/82/82
f 45/82/82 154/80/80 155/83/83
f 45/82/82 155/83/83 237/56/56
f 237/56/56 155/83/83 156/84/84
f 237/56/56 156/84/84 157/85/85
f 41/55/55 42/86/86 237/56/56
f 237/56/56 42/86/86 43/87/87
f 237/56/56 43/87/87 44/88/88
f 44/88/88 45/82/82 237/56/56
f 87/89/89 64/90/90 300/19/19
f 300/19/19 64/90/90 65/91/91
f 300/19/19 65/91/91 66/21/21
f 71/32/32 72/92/92 308/34/34
f 308/34/34 72/92/92 73/93/93
f 308/34/34 73/93/93 74/94/94
f 74/94/94 75/95/95 308/34/34
f 308/34/34 75/95/95 76/96/96
f 308/34/34 76/96/96 307/97/97
f 307/97/97 76/96/96 77/98/98
f 307/97/97 77/98/98 78/99/99
f 78/99/99 79/100/100 307/97/97
f 307/97/97 79/100/100 80/101/101
f 307/97/97 80/101/101 81/102/102
f 307/97/97 81/102/102 306/103/103
f 306/103/103 81/102/102 82/104/104
f 306/103/103 82/104/104 305/105/105
f 305/105/105 82/104/104 83/106/106
f 305/105/105 83/106/106 304/107/107
f 304/107/107 83/106/106 84/108/108
f 304/107/107 84/108/108 303/109/109
f 303/109/109 84/108/108 85/110/110
f 303/109/109 85/110/110 302/111/111
f 302/111/111 85/110/110 86/112/112
f 302/111/111 86/112/112 301/113/113
f 301/113/113 86/112/112 87/89/89
f 301/113/113 87/89/89 300/19/19
f 111/114/114 88/115/115 299/116/116
f 299/116/116 88/115/115 89/117/117
f 299/116/116 89/117/117 298/118/118
f 298/118/118 89/117/117 90/119/119
f 298/118/118 90/119/119 297/120/120
f 297/120/120 90/119/119 91/121/121
f 297/120/120 91/121/121 296/122/122
f 296/122/122 91/121/121 92/123/123
f 296/122/122 92/123/123 295/124/124
f 295/124/124 92/123/123 93/125/125
f 295/124/124 93/125/125 294/126/126
f 294/126/126 93/125/125 293/127/127
f 293/127/127 93/125/125 94/128/128
f 293/127/127 94/128/128 95/129/129
f 293/127/127 95/129/129 239/130/130
f 239/130/130 95/129/129 96/131/131
f 239/130/130 96/131/131 97/132/132
f 97/132/132 98/133/133 239/130/130
f 239/130/130 98/133/133 99/134/134
f 239/130/130 99/134/134 100/135/135
f 239/130/130 100/135/135 238/136/136
f 238/136/136 100/135/135 101/137/137
f 238/136/136 101/137/137 102/138/138
f 102/138/138 103/139/139 238/136/136
f 238/136/136 103/139/139 104/140/140
f 238/136/136 104/140/140 271/141/141
f 271/141/141 104/140/140 105/142/142
f 271/141/141 105/142/142 106/143/143
f 106/143/143 107/144/144 271/141/141
f 271/141/141 107/144/144 251/145/145
f 271/141/141 251/145/145 252/146/146
f 107/144/144 108/147/147 251/145/145
f 251/145/145 108/147/147 109/148/148
f 251/145/145 109/148/148 299/116/116
f 299/116/116 109/148/148 110/149/149
f 299/116/116 110/149/149 111/114/114
f 135/150/150 112/151/151 247/152/152
f 247/152/152 112/151/151 113/153/153
f 247/152/152 113/153/153 235/154/154
f 235/154/154 113/153/153 114/155/155
f 235/154/154 114/155/155 115/156/156
f 115/156/156 116/157/157 235/154/154
f 235/154/154 116/157/157 117/158/158
f 235/154/154 117/158/158 118/159/159
f 235/154/154 118/159/159 234/160/160
f 234/160/160 118/159/159 119/161/161
f 234/160/160 119/161/161 120/162/162
f 120/162/162 121/163/163 234/160/160
f 234/160/160 121/163/163 122/164/164
f 234/160/160 122/164/164 318/165/165
f 318/165/165 122/164/164 123/166/166
f 318/165/165 123/166/166 124/167/167
f 124/167/167 125/168/168 318/165/165
f 318/165/165 125/168/168 126/169/169
f 318/165/165 126/169/169 127/170/170
f 127/170/170 128/171/171 318/165/165
f 318/165/165 128/171/171 129/172/172
f 318/165/165 129/172/172 311/173/173
f 311/173/173 129/172/172 130/174/174
f 311/173/173 130/174/174 247/152/152
f 247/152/152 130/174/174 131/175/175
f 247/152/152 131/175/175 132/176/176
f 132/176/176 133/177/177 247/152/152
f 247/152/152 133/177/177 134/178/178
f 247/152/152 134/178/178 135/150/150
f 137/179/179 240/180/180 136/181/181
f 136/181/181 240/180/180 237/56/56
f 136/181/181 237/56/56 159/182/182
f 159/182/182 237/56/56 158/183/183
f 158/183/183 237/56/56 157/85/85
f 137/179/179 138/184/184 240/180/180
f 240/180/180 138/184/184 139/185/185
f 240/180/180 139/185/185 140/186/186
f 140/186/186 141/187/187 240/180/180
f 240/180/180 141/187/187 142/188/188
f 240/180/180 142/188/188 231/189/189
f 231/189/189 142/188/188 143/190/190
f 231/189/189 143/190/190 144/191/191
f 144/191/191 145/192/192 231/189/189
f 231/189/189 145/192/192 146/193/193
f 231/189/189 146/193/193 147/194/194
f 147/194/194 148/195/195 231/189/189
f 231/189/189 148/195/195 149/196/196
f 231/189/189 149/196/196 230/75/75
f 230/75/75 149/196/196 150/197/197
f 230/75/75 150/197/197 151/198/198
f 151/198/198 152/199/199 230/75/75
f 230/75/75 152/199/199 153/78/78
f 211/51/51 161/47/47 210/200/200
f 210/200/200 161/47/47 162/201/201
f 210/200/200 162/201/201 185/202/202
f 185/202/202 162/201/201 163/203/203
f 185/202/202 163/203/203 184/204/204
f 184/204/204 163/203/203 287/205/205
f 184/204/204 287/205/205 187/206/206
f 187/206/206 287/205/205 198/207/207
f 187/206/206 198/207/207 186/208/208
f 186/208/208 198/207/207 291/209/209
f 186/208/208 291/209/209 292/210/210
f 287/205/205 163/203/203 286/44/44
f 286/44/44 163/203/203 160/46/46
f 165/211/211 179/212/212 164/213/213
f 164/213/213 179/212/212 288/214/214
f 164/213/213 288/214/214 285/215/215
f 166/216/216 278/217/217 165/211/211
f 165/211/211 278/217/217 178/218/218
f 165/211/211 178/218/218 179/212/212
f 167/219/219 190/220/220 166/216/216
f 166/216/216 190/220/220 260/221/221
f 166/216/216 260/221/221 278/217/217
f 278/217/217 260/221/221 255/222/222
f 278/217/217 255/222/222 265/223/223
f 265/223/223 255/222/222 256/224/224
f 265/223/223 256/224/224 268/225/225
f 268/225/225 256/224/224 244/226/226
f 268/225/225 244/226/226 241/227/227
f 190/220/220 167/219/219 285/215/215
f 285/215/215 167/219/219 164/213/213
f 169/228/228 194/229/229 168/230/230
f 168/230/230 194/229/229 195/231/231
f 168/230/230 195/231/231 269/232/232
f 269/232/232 195/231/231 192/233/233
f 269/232/232 192/233/233 279/234/234
f 279/234/234 192/233/233 278/217/217
f 278/217/217 192/233/233 193/235/235
f 278/217/217 193/235/235 177/236/236
f 177/236/236 193/235/235 176/237/237
f 176/237/237 193/235/235 288/214/214
f 176/237/237 288/214/214 179/212/212
f 194/229/229 169/228/228 288/214/214
f 288/214/214 169/228/228 170/238/238
f 288/214/214 170/238/238 173/239/239
f 173/239/239 170/238/238 200/240/240
f 173/239/239 200/240/240 201/241/241
f 171/242/242 202/243/243 170/238/238
f 170/238/238 202/243/243 203/244/244
f 170/238/238 203/244/244 200/240/240
f 168/230/230 269/232/232 171/242/242
f 171/242/242 269/232/232 270/245/245
f 171/242/242 270/245/245 172/246/246
f 172/246/246 270/245/245 175/247/247
f 175/247/247 270/245/245 196/248/248
f 175/247/247 196/248/248 174/249/249
f 174/249/249 196/248/248 197/250/250
f 174/249/249 197/250/250 287/205/205
f 287/205/205 197/250/250 198/207/207
f 173/239/239 201/241/241 172/246/246
f 172/246/246 201/241/241 202/243/243
f 172/246/246 202/243/243 171/242/242
f 288/214/214 173/239/239 287/205/205
f 287/205/205 173/239/239 174/249/249
f 177/236/236 178/218/218 278/217/217
f 181/40/40 182/251/251 286/44/44
f 286/44/44 182/251/251 205/252/252
f 286/44/44 205/252/252 285/215/215
f 285/215/215 205/252/252 206/253/253
f 285/215/215 206/253/253 189/254/254
f 189/254/254 206/253/253 188/255/255
f 188/255/255 206/253/253 207/256/256
f 188/255/255 207/256/256 309/257/257
f 309/257/257 207/256/256 204/258/258
f 309/257/257 204/258/258 308/34/34
f 308/34/34 204/258/258 183/259/259
f 308/34/34 183/259/259 180/36/36
f 205/252/252 182/251/251 204/258/258
f 204/258/258 182/251/251 183/259/259
f 210/200/200 185/202/202 292/210/210
f 292/210/210 185/202/202 186/208/208
f 189/254/254 190/220/220 285/215/215
f 190/220/220 191/260/260 260/221/221
f 260/221/221 191/260/260 259/261/261
f 259/261/261 191/260/260 309/257/257
f 259/261/261 309/257/257 258/262/262
f 258/262/262 309/257/257 310/263/263
f 258/262/262 310/263/263 257/264/264
f 257/264/264 310/263/263 254/265/265
f 257/264/264 254/265/265 255/222/222
f 191/260/260 188/255/255 309/257/257
f 193/235/235 194/229/229 288/214/214
f 291/209/209 198/207/207 249/266/266
f 249/266/266 198/207/207 199/267/267
f 249/266/266 199/267/267 270/245/245
f 270/245/245 199/267/267 196/248/248
f 208/268/268 209/269/269 224/270/270
f 224/270/270 209/269/269 223/271/271
f 223/271/271 209/269/269 222/272/272
f 222/272/272 209/269/269 289/273/273
f 222/272/272 289/273/273 221/274/274
f 221/274/274 289/273/273 220/275/275
f 220/275/275 289/273/273 219/276/276
f 219/276/276 289/273/273 300/19/19
f 219/276/276 300/19/19 218/277/277
f 218/277/277 300/19/19 217/278/278
f 217/278/278 300/19/19 212/17/17
f 217/278/278 212/17/17 216/279/279
f 216/279/279 212/17/17 215/280/280
f 215/280/280 212/17/17 214/281/281
f 214/281/281 212/17/17 213/282/282
f 289/273/273 209/269/269 292/210/210
f 292/210/210 209/269/269 210/200/200
f 226/283/283 323/284/284 225/285/285
f 225/285/285 323/284/284 324/286/286
f 225/285/285 324/286/286 325/287/287
f 227/70/70 264/64/64 226/283/283
f 226/283/283 264/64/64 261/288/288
f 226/283/283 261/288/288 323/284/284
f 323/284/284 261/288/288 322/289/289
f 322/289/289 261/288/288 276/290/290
f 322/289/289 276/290/290 273/291/291
f 230/75/75 227/70/70 229/292/292
f 229/292/292 227/70/70 228/293/293
f 229/292/292 228/293/293 327/294/294
f 327/294/294 228/293/293 326/295/295
f 326/295/295 228/293/293 225/285/285
f 326/295/295 225/285/285 325/287/287
f 240/180/180 231/189/189 8/296/296
f 8/296/296 231/189/189 232/297/297
f 8/296/296 232/297/297 327/294/294
f 327/294/294 232/297/297 229/292/292
f 234/160/160 318/165/165 233/298/298
f 233/298/298 318/165/165 319/299/299
f 233/298/298 319/299/299 246/300/300
f 246/300/300 319/299/299 274/301/301
f 246/300/300 274/301/301 275/302/302
f 247/152/152 235/154/154 246/300/300
f 246/300/300 235/154/154 236/303/303
f 246/300/300 236/303/303 233/298/298
f 238/136/136 272/304/304 237/56/56
f 237/56/56 272/304/304 284/305/305
f 237/56/56 284/305/305 263/58/58
f 263/58/58 284/305/305 281/306/306
f 263/58/58 281/306/306 280/307/307
f 280/307/307 281/306/306 282/308/308
f 280/307/307 282/308/308 279/234/234
f 279/234/234 282/308/308 269/232/232
f 239/130/130 240/180/180 293/127/127
f 293/127/127 240/180/180 8/296/296
f 242/309/309 262/310/310 241/227/227
f 241/227/227 262/310/310 280/307/307
f 241/227/227 280/307/307 277/311/311
f 243/312/312 248/313/313 242/309/309
f 242/309/309 248/313/313 245/314/314
f 242/309/309 245/314/314 262/310/310
f 262/310/310 245/314/314 275/302/302
f 262/310/310 275/302/302 276/290/290
f 244/226/226 310/263/263 243/312/312
f 243/312/312 310/263/263 311/173/173
f 243/312/312 311/173/173 248/313/313
f 248/313/313 311/173/173 247/152/152
f 245/314/314 246/300/300 275/302/302
f 249/266/266 250/315/315 291/209/209
f 291/209/209 250/315/315 290/316/316
f 290/316/316 250/315/315 251/145/145
f 290/316/316 251/145/145 299/116/116
f 271/141/141 252/146/146 270/245/245
f 270/245/245 252/146/146 249/266/266
f 256/224/224 253/317/317 244/226/226
f 244/226/226 253/317/317 254/265/265
f 244/226/226 254/265/265 310/263/263
f 260/221/221 257/264/264 255/222/222
f 261/288/288 262/310/310 276/290/290
f 262/310/310 263/58/58 280/307/307
f 265/223/223 266/318/318 278/217/217
f 278/217/217 266/318/318 277/311/311
f 277/311/311 266/318/318 267/319/319
f 277/311/311 267/319/319 241/227/227
f 241/227/227 267/319/319 268/225/225
f 271/141/141 272/304/304 238/136/136
f 284/305/305 272/304/304 283/320/320
f 283/320/320 272/304/304 269/232/232
f 283/320/320 269/232/232 282/308/308
f 322/289/289 273/291/291 319/299/299
f 319/299/299 273/291/291 274/301/301
f 289/273/273 290/316/316 300/19/19
f 300/19/19 290/316/316 299/116/116
f 327/294/294 12/321/321 8/296/296
f 8/296/296 12/321/321 11/322/322
f 8/296/296 11/322/322 10/323/323
f 10/323/323 9/324/324 8/296/296
f 312/325/325 313/326/326 311/173/173
f 311/173/173 313/326/326 314/327/327
f 311/173/173 314/327/327 315/328/328
f 315/328/328 316/329/329 311/173/173
f 311/173/173 316/329/329 317/330/330
f 311/173/173 317/330/330 318/165/165
f 319/299/299 320/331/331 322/289/289
f 322/289/289 320/331/331 321/332/332
f 7/333/14 328/334/333 8/335/15
f 8/335/15 328/334/333 293/336/334
f 352/337/335 329/338/336 486/339/337
f 486/339/337 329/338/336 330/340/338
f 486/339/337 330/340/338 485/341/339
f 485/341/339 330/340/338 331/342/340
f 485/341/339 331/342/340 332/343/341
f 485/341/339 332/343/341 484/344/342
f 484/344/342 332/343/341 333/345/343
f 484/344/342 333/345/343 483/346/344
f 483/346/344 333/345/343 334/347/345
f 483/346/344 334/347/345 482/348/346
f 482/348/346 334/347/345 481/349/347
f 481/349/347 334/347/345 335/350/348
f 481/349/347 335/350/348 480/351/349
f 480/351/349 335/350/348 336/352/350
f 480/351/349 336/352/350 337/353/351
f 337/353/351 338/354/352 480/351/349
f 480/351/349 338/354/352 339/355/353
f 480/351/349 339/355/353 403/356/354
f 403/356/354 339/355/353 402/357/355
f 402/357/355 339/355/353 340/358/356
f 402/357/355 340/358/356 401/359/357
f 401/359/357 340/358/356 341/360/358
f 401/359/357 341/360/358 424/361/359
f 424/361/359 341/360/358 342/362/360
f 424/361/359 342/362/360 436/363/361
f 436/363/361 342/362/360 435/364/362
f 435/364/362 342/362/360 343/365/363
f 435/364/362 343/365/363 434/366/364
f 434/366/364 343/365/363 344/367/365
f 434/366/364 344/367/365 433/368/366
f 433/368/366 344/367/365 345/369/367
f 433/368/366 345/369/367 432/370/368
f 432/370/368 345/369/367 346/371/369
f 432/370/368 346/371/369 431/372/370
f 431/372/370 346/371/369 347/373/371
f 431/372/370 347/373/371 348/374/372
f 431/372/370 348/374/372 430/375/373
f 430/375/373 348/374/372 349/376/374
f 430/375/373 349/376/374 429/377/375
f 429/377/375 349/376/374 350/378/376
f 429/377/375 350/378/376 428/379/377
f 428/379/377 350/378/376 486/339/337
f 428/379/377 486/339/337 427/380/378
f 427/380/378 486/339/337 426/381/379
f 426/381/379 486/339/337 425/382/380
f 425/382/380 486/339/337 448/383/381
f 448/383/381 486/339/337 487/384/382
f 448/383/381 487/384/382 447/385/383
f 447/385/383 487/384/382 446/386/384
f 446/386/384 487/384/382 445/387/385
f 445/387/385 487/384/382 453/388/386
f 445/387/385 453/388/386 444/389/387
f 444/389/387 453/388/386 454/390/388
f 444/389/387 454/390/388 443/391/389
f 443/391/389 454/390/388 455/392/390
f 443/391/389 455/392/390 442/393/391
f 442/393/391 455/392/390 456/394/392
f 442/393/391 456/394/392 441/395/393
f 441/395/393 456/394/392 457/396/394
f 441/395/393 457/396/394 356/397/395
f 356/397/395 457/396/394 355/398/396
f 355/398/396 457/396/394 458/399/397
f 355/398/396 458/399/397 354/400/398
f 354/400/398 458/399/397 459/401/399
f 354/400/398 459/401/399 353/402/400
f 353/402/400 459/401/399 460/403/401
f 353/402/400 460/403/401 376/404/402
f 376/404/402 460/403/401 378/405/403
f 376/404/402 378/405/403 375/406/404
f 375/406/404 378/405/403 379/407/405
f 375/406/404 379/407/405 374/408/406
f 374/408/406 379/407/405 380/409/407
f 374/408/406 380/409/407 373/410/408
f 373/410/408 380/409/407 381/411/409
f 373/410/408 381/411/409 372/412/410
f 372/412/410 381/411/409 382/413/411
f 372/412/410 382/413/411 371/414/412
f 371/414/412 382/413/411 383/415/413
f 371/414/412 383/415/413 384/416/414
f 350/378/376 351/417/415 486/339/337
f 486/339/337 351/417/415 352/337/335
f 356/397/395 357/418/416 441/395/393
f 441/395/393 357/418/416 440/419/417
f 440/419/417 357/418/416 421/420/418
f 440/419/417 421/420/418 439/421/419
f 439/421/419 421/420/418 422/422/420
f 439/421/419 422/422/420 438/423/421
f 438/423/421 422/422/420 423/424/422
f 438/423/421 423/424/422 437/425/423
f 437/425/423 423/424/422 424/361/359
f 437/425/423 424/361/359 436/363/361
f 421/420/418 357/418/416 420/426/424
f 420/426/424 357/418/416 358/427/425
f 420/426/424 358/427/425 419/428/426
f 419/428/426 358/427/425 359/429/427
f 419/428/426 359/429/427 418/430/428
f 418/430/428 359/429/427 360/431/429
f 418/430/428 360/431/429 473/432/430
f 473/432/430 360/431/429 361/433/431
f 473/432/430 361/433/431 1/434/432
f 1/434/432 361/433/431 362/435/433
f 1/434/432 362/435/433 363/436/434
f 363/436/434 364/437/435 1/434/432
f 1/434/432 364/437/435 365/438/436
f 1/434/432 365/438/436 366/439/437
f 366/439/437 367/440/438 1/434/432
f 1/434/432 367/440/438 387/441/439
f 1/434/432 387/441/439 388/442/440
f 367/440/438 368/443/441 387/441/439
f 387/441/439 368/443/441 386/444/442
f 386/444/442 368/443/441 369/445/443
f 386/444/442 369/445/443 385/446/444
f 385/446/444 369/445/443 370/447/445
f 385/446/444 370/447/445 384/416/414
f 384/416/414 370/447/445 371/414/412
f 378/405/403 460/403/401 377/448/446
f 377/448/446 460/403/401 461/449/447
f 377/448/446 461/449/447 400/450/448
f 400/450/448 461/449/447 462/451/449
f 400/450/448 462/451/449 399/452/450
f 399/452/450 462/451/449 463/453/451
f 399/452/450 463/453/451 328/454/452
f 328/454/452 463/453/451 464/455/453
f 328/454/452 464/455/453 465/456/454
f 1/434/432 388/442/440 7/457/455
f 7/457/455 388/442/440 389/458/456
f 7/457/455 389/458/456 390/459/457
f 390/459/457 391/460/458 7/457/455
f 7/457/455 391/460/458 392/461/459
f 7/457/455 392/461/459 393/462/460
f 393/462/460 394/463/461 7/457/455
f 7/457/455 394/463/461 395/464/462
f 7/457/455 395/464/462 328/454/452
f 328/454/452 395/464/462 396/465/463
f 328/454/452 396/465/463 397/466/464
f 397/466/464 398/467/465 328/454/452
f 328/454/452 398/467/465 399/452/450
f 403/356/354 404/468/466 480/351/349
f 480/351/349 404/468/466 405/469/467
f 480/351/349 405/469/467 406/470/468
f 406/470/468 407/471/469 480/351/349
f 480/351/349 407/471/469 479/472/470
f 479/472/470 407/471/469 408/473/471
f 479/472/470 408/473/471 409/474/472
f 409/474/472 410/475/473 479/472/470
f 479/472/470 410/475/473 411/476/474
f 479/472/470 411/476/474 412/477/475
f 412/477/475 413/478/476 479/472/470
f 479/472/470 413/478/476 414/479/477
f 479/472/470 414/479/477 473/432/430
f 473/432/430 414/479/477 415/480/478
f 473/432/430 415/480/478 416/481/479
f 416/481/479 417/482/480 473/432/430
f 473/432/430 417/482/480 418/430/428
f 472/483/481 449/484/482 487/384/382
f 487/384/382 449/484/482 450/485/483
f 487/384/382 450/485/483 451/486/484
f 451/486/484 452/487/485 487/384/382
f 487/384/382 452/487/485 453/388/386
f 465/456/454 466/488/486 328/454/452
f 328/454/452 466/488/486 467/489/487
f 328/454/452 467/489/487 468/490/488
f 469/491/489 490/492/490 468/490/488
f 468/490/488 490/492/490 491/493/491
f 468/490/488 491/493/491 492/494/492
f 490/492/490 469/491/489 489/495/493
f 489/495/493 469/491/489 470/496/494
f 489/495/493 470/496/494 488/497/495
f 488/497/495 470/496/494 471/498/496
f 488/497/495 471/498/496 487/384/382
f 487/384/382 471/498/496 472/483/481
f 6/499/497 5/500/498 7/457/455
f 7/457/455 5/500/498 4/501/499
f 7/457/455 4/501/499 3/502/500
f 3/502/500 2/503/501 7/457/455
f 7/457/455 2/503/501 1/434/432
f 473/432/430 474/504/502 479/472/470
f 479/472/470 474/504/502 475/505/503
f 479/472/470 475/505/503 476/506/504
f 476/506/504 477/507/505 479/472/470
f 479/472/470 477/507/505 478/508/506
f 492/494/492 328/454/452 468/490/488
f 293/509/334 328/510/333 294/511/507
f 294/511/507 328/510/333 492/512/508
f 294/511/507 492/512/508 295/513/509
f 295/513/509 492/512/508 491/514/510
f 295/513/509 491/514/510 296/515/511
f 296/515/511 491/514/510 490/516/512
f 296/515/511 490/516/512 297/517/513
f 297/517/513 490/516/512 489/518/514
f 297/517/513 489/518/514 298/519/515
f 298/519/515 489/518/514 488/520/516
f 298/519/515 488/520/516 299/521/517
f 299/521/517 488/520/516 487/522/518
f 487/523/518 486/524/519 299/525/517
f 299/525/517 486/524/519 300/526/520
f 300/527/520 486/528/519 301/529/521
f 301/529/521 486/528/519 485/530/522
f 301/529/521 485/530/522 302/531/523
f 302/531/523 485/530/522 484/532/524
f 302/531/523 484/532/524 303/533/525
f 303/533/525 484/532/524 483/534/526
f 303/533/525 483/534/526 304/535/527
f 304/535/527 483/534/526 482/536/528
f 304/535/527 482/536/528 305/537/529
f 305/537/529 482/536/528 481/538/530
f 305/537/529 481/538/530 306/539/531
f 306/539/531 481/538/530 480/540/532
f 306/541/531 480/542/532 307/543/533
f 307/543/533 480/542/532 310/544/534
f 310/544/534 480/542/532 479/545/535
f 310/544/534 479/545/535 311/546/536
f 311/547/536 479/548/535 312/549/537
f 312/549/537 479/548/535 478/550/538
f 312/549/537 478/550/538 313/551/539
f 313/551/539 478/550/538 477/552/540
f 313/551/539 477/552/540 314/553/541
f 314/553/541 477/552/540 476/554/542
f 314/553/541 476/554/542 315/555/543
f 315/555/543 476/554/542 475/556/544
f 315/555/543 475/556/544 316/557/545
f 316/557/545 475/556/544 474/558/546
f 316/557/545 474/558/546 317/559/547
f 317/559/547 474/558/546 495/560/548
f 495/560/548 474/558/546 473/561/549
f 495/560/548 473/561/549 494/562/550
f 494/562/550 473/561/549 493/563/551
f 15/564/1 325/565/552 1/566/2
f 1/566/2 325/565/552 324/567/553
f 1/566/2 324/567/553 321/568/554
f 1/566/2 321/568/554 473/569/549
f 473/569/549 321/568/554 320/570/555
f 473/569/549 320/570/555 493/571/551
f 497/572/556 543/573/557 496/574/558
f 496/574/558 543/573/557 520/575/559
f 496/576/558 520/577/559 519/578/560
f 519/578/560 520/577/559 521/579/561
f 519/578/560 521/579/561 518/580/562
f 518/580/562 521/579/561 522/581/563
f 518/580/562 522/581/563 517/582/564
f 517/582/564 522/581/563 523/583/565
f 517/582/564 523/583/565 516/584/566
f 516/584/566 523/583/565 524/585/567
f 516/584/566 524/585/567 515/586/568
f 515/586/568 524/585/567 525/587/569
f 515/586/568 525/587/569 514/588/570
f 514/588/570 525/587/569 526/589/571
f 514/588/570 526/589/571 513/590/572
f 513/590/572 526/589/571 527/591/573
f 513/590/572 527/591/573 512/592/574
f 512/592/574 527/591/573 528/593/575
f 512/592/574 528/593/575 511/594/576
f 511/594/576 528/593/575 529/595/577
f 511/594/576 529/595/577 510/596/578
f 510/596/578 529/595/577 530/597/579
f 510/596/578 530/597/579 509/598/580
f 509/598/580 530/597/579 531/599/581
f 509/598/580 531/599/581 508/600/582
f 508/600/582 531/599/581 532/601/583
f 508/600/582 532/601/583 507/602/584
f 507/602/584 532/601/583 533/603/585
f 507/602/584 533/603/585 506/604/586
f 506/604/586 533/603/585 534/605/587
f 506/604/586 534/605/587 505/606/588
f 505/606/588 534/605/587 535/607/589
f 505/606/588 535/607/589 504/608/590
f 504/608/590 535/607/589 536/609/591
f 504/608/590 536/609/591 503/610/592
f 503/610/592 536/609/591 537/611/593
f 503/610/592 537/611/593 502/612/594
f 502/612/594 537/611/593 538/613/595
f 502/612/594 538/613/595 501/614/596
f 501/614/596 538/613/595 539/615/597
f 501/614/596 539/615/597 500/616/598
f 500/616/598 539/615/597 540/617/599
f 500/616/598 540/617/599 499/618/600
f 499/618/600 540/617/599 541/619/601
f 499/618/600 541/619/601 498/620/602
f 498/620/602 541/619/601 542/621/603
f 498/620/602 542/621/603 497/572/556
f 497/572/556 542/621/603 543/573/557
f 519/622/604 509/623/605 496/624/606
f 496/624/606 509/623/605 508/625/607
f 496/624/606 508/625/607 497/626/608
f 497/626/608 508/625/607 507/627/609
f 497/626/608 507/627/609 498/628/610
f 498/628/610 507/627/609 506/629/611
f 498/628/610 506/629/611 499/630/612
f 499/630/612 506/629/611 505/631/613
f 499/630/612 505/631/613 500/632/614
f 500/632/614 505/631/613 504/633/615
f 500/632/614 504/633/615 501/634/616
f 501/634/616 504/633/615 503/635/617
f 501/634/616 503/635/617 502/636/618
f 509/623/605 519/622/604 510/637/619
f 510/637/619 519/622/604 518/638/620
f 510/637/619 518/638/620 511/639/621
f 511/639/621 518/638/620 517/640/622
f 511/639/621 517/640/622 512/641/623
f 512/641/623 517/640/622 516/642/624
f 512/641/623 516/642/624 513/643/625
f 513/643/625 516/642/624 515/644/626
f 513/643/625 515/644/626 514/645/627
f 543/646/628 545/647/629 520/648/630
f 520/648/630 545/647/629 290/649/631
f 520/648/630 290/649/631 521/650/632
f 521/650/632 290/649/631 522/651/633
f 522/651/633 290/649/631 523/652/634
f 523/652/634 290/649/631 524/653/635
f 524/653/635 290/649/631 525/654/636
f 525/654/636 290/649/631 526/655/637
f 526/655/637 290/649/631 289/656/638
f 526/655/637 289/656/638 527/657/639
f 527/657/639 289/656/638 528/658/640
f 528/658/640 289/656/638 529/659/641
f 529/659/641 289/656/638 530/660/642
f 530/660/642 289/656/638 531/661/643
f 531/661/643 289/656/638 532/662/644
f 532/662/644 289/656/638 544/663/645
f 532/662/644 544/663/645 533/664/646
f 533/664/646 544/663/645 534/665/647
f 534/665/647 544/663/645 535/666/648
f 535/666/648 544/663/645 536/667/649
f 536/667/649 544/663/645 537/668/650
f 537/668/650 544/663/645 538/669/651
f 538/669/651 544/663/645 545/647/629
f 538/669/651 545/647/629 539/670/652
f 539/670/652 545/647/629 540/671/653
f 540/671/653 545/647/629 541/672/654
f 541/672/654 545/647/629 542/673/655
f 542/673/655 545/647/629 543/646/628
f 291/674/656 290/675/657 546/676/658
f 546/676/658 290/675/657 545/677/659
f 292/678/660 291/679/661 547/680/662
f 547/680/662 291/679/661 546/681/663
f 289/682/664 292/683/665 544/684/666
f 544/684/666 292/683/665 547/685/667
f 544/686/668 547/687/669 545/688/670
f 545/688/670 547/687/669 546/689/671
f 286/690/672 285/691/673 549/692/674
f 549/692/674 285/691/673 548/693/675
f 287/694/676 286/695/677 550/696/678
f 550/696/678 286/695/677 549/697/679
f 288/698/680 287/699/681 551/700/682
f 551/700/682 287/699/681 550/701/683
f 285/702/684 288/703/685 548/704/686
f 548/704/686 288/703/685 551/705/687
f 551/706/688 550/707/689 548/708/690
f 548/708/690 550/707/689 549/709/691
f 282/710/692 281/711/693 553/712/694
f 553/712/694 281/711/693 552/713/695
f 283/714/696 282/715/697 554/716/698
f 554/716/698 282/715/697 553/717/699
f 284/718/700 283/719/701 555/720/702
f 555/720/702 283/719/701 554/721/703
f 281/722/704 284/723/705 552/724/706
f 552/724/706 284/723/705 555/725/707
f 555/726/708 554/727/709 552/728/710
f 552/728/710 554/727/709 553/729/711
f 278/730/712 277/731/713 557/732/714
f 557/732/714 277/731/713 556/733/715
f 279/734/716 278/735/717 558/736/718
f 558/736/718 278/735/717 557/737/719
f 280/738/720 279/739/721 559/740/722
f 559/740/722 279/739/721 558/741/723
f 277/742/724 280/743/725 556/744/726
f 556/744/726 280/743/725 559/745/727
f 559/746/728 558/747/729 556/748/730
f 556/748/730 558/747/729 557/749/731
f 274/750/732 273/751/733 561/752/734
f 561/752/734 273/751/733 560/753/735
f 275/754/736 274/755/737 562/756/738
f 562/756/738 274/755/737 561/757/739
f 276/758/740 275/759/741 563/760/742
f 563/760/742 275/759/741 562/761/743
f 273/762/744 276/763/745 560/764/746
f 560/764/746 276/763/745 563/765/747
f 563/766/748 562/767/749 560/768/750
f 560/768/750 562/767/749 561/769/751
f 270/770/752 269/771/753 565/772/754
f 565/772/754 269/771/753 564/773/755
f 271/774/756 270/775/757 566/776/758
f 566/776/758 270/775/757 565/777/759
f 272/778/760 271/779/761 567/780/762
f 567/780/762 271/779/761 566/781/763
f 269/782/764 272/783/765 564/784/766
f 564/784/766 272/783/765 567/785/767
f 567/786/768 566/787/769 564/788/770
f 564/788/770 566/787/769 565/789/771
f 266/790/772 265/791/773 569/792/774
f 569/792/774 265/791/773 568/793/775
f 267/794/776 266/795/777 570/796/778
f 570/796/778 266/795/777 569/797/779
f 268/798/780 267/799/781 571/800/782
f 571/800/782 267/799/781 570/801/783
f 265/802/784 268/803/785 568/804/786
f 568/804/786 268/803/785 571/805/787
f 568/806/788 571/807/789 569/808/790
f 569/808/790 571/807/789 570/809/791
f 262/810/792 261/811/793 573/812/794
f 573/812/794 261/811/793 572/813/795
f 263/814/796 262/815/797 574/816/798
f 574/816/798 262/815/797 573/817/799
f 264/818/800 263/819/801 575/820/802
f 575/820/802 263/819/801 574/821/803
f 261/822/804 264/823/805 572/824/806
f 572/824/806 264/823/805 575/825/807
f 575/826/808 574/827/809 572/828/810
f 572/828/810 574/827/809 573/829/811
f 258/830/812 257/831/813 577/832/814
f 577/832/814 257/831/813 576/833/815
f 259/834/816 258/835/817 578/836/818
f 578/836/818 258/835/817 577/837/819
f 260/838/820 259/839/821 579/840/822
f 579/840/822 259/839/821 578/841/823
f 257/842/824 260/843/825 576/844/826
f 576/844/826 260/843/825 579/845/827
f 579/846/828 578/847/829 576/848/830
f 576/848/830 578/847/829 577/849/831
f 254/850/832 253/851/833 581/852/834
f 581/852/834 253/851/833 580/853/835
f 255/854/836 254/855/837 582/856/838
f 582/856/838 254/855/837 581/857/839
f 256/858/840 255/859/841 583/860/842
f 583/860/842 255/859/841 582/861/843
f 253/862/844 256/863/845 580/864/846
f 580/864/846 256/863/845 583/865/847
f 583/866/848 582/867/849 580/868/850
f 580/868/850 582/867/849 581/869/851
f 250/870/852 249/871/853 585/872/854
f 585/872/854 249/871/853 584/873/855
f 251/874/856 250/875/857 586/876/858
f 586/876/858 250/875/857 585/877/859
f 252/878/860 251/879/861 587/880/862
f 587/880/862 251/879/861 586/881/863
f 249/882/864 252/883/865 584/884/866
f 584/884/866 252/883/865 587/885/867
f 587/886/868 586/887/869 584/888/870
f 584/888/870 586/887/869 585/889/871
f 246/890/872 245/891/873 589/892/874
f 589/892/874 245/891/873 588/893/875
f 247/894/876 246/895/877 590/896/878
f 590/896/878 246/895/877 589/897/879
f 248/898/880 247/899/881 591/900/882
f 591/900/882 247/899/881 590/901/883
f 245/902/884 248/903/885 588/904/886
f 588/904/886 248/903/885 591/905/887
f 591/906/888 590/907/889 588/908/890
f 588/908/890 590/907/889 589/909/891
f 242/910/892 241/911/893 593/912/894
f 593/912/894 241/911/893 592/913/895
f 243/914/896 242/915/897 594/916/898
f 594/916/898 242/915/897 593/917/899
f 244/918/900 243/919/901 595/920/902
f 595/920/902 243/919/901 594/921/903
f 241/922/904 244/923/905 592/924/906
f 592/924/906 244/923/905 595/925/907
f 595/926/908 594/927/909 592/928/910
f 592/928/910 594/927/909 593/929/911
f 596/930/912 597/931/913 599/932/914
f 599/932/914 597/931/913 598/933/915
f 600/934/916 596/935/917 601/936/918
f 601/936/918 596/935/917 599/937/919
f 602/938/920 600/939/921 603/940/922
f 603/940/922 600/939/921 601/941/923
f 597/942/924 602/943/925 598/944/926
f 598/944/926 602/943/925 603/945/927
f 603/946/928 601/947/929 598/948/930
f 598/948/930 601/947/929 599/949/931
f 604/950/932 605/951/933 607/952/934
f 607/952/934 605/951/933 606/953/935
f 608/954/936 604/955/937 609/956/938
f 609/956/938 604/955/937 607/957/939
f 610/958/940 608/959/941 611/960/942
f 611/960/942 608/959/941 609/961/943
f 605/962/944 610/963/945 606/964/946
f 606/964/946 610/963/945 611/965/947
f 606/966/948 611/967/949 607/968/950
f 607/968/950 611/967/949 609/969/951
f 612/970/952 613/971/953 615/972/954
f 615/972/954 613/971/953 614/973/955
f 616/974/956 612/975/957 617/976/958
f 617/976/958 612/975/957 615/977/959
f 618/978/960 616/979/961 619/980/962
f 619/980/962 616/979/961 617/981/963
f 613/982/964 618/983/965 614/984/966
f 614/984/966 618/983/965 619/985/967
f 619/986/968 617/987/969 614/988/970
f 614/988/970 617/987/969 615/989/971
f 620/990/972 621/991/973 623/992/974
f 623/992/974 621/991/973 622/993/975
f 624/994/976 620/995/977 625/996/978
f 625/996/978 620/995/977 623/997/979
f 626/998/980 624/999/981 627/1000/982
f 627/1000/982 624/999/981 625/1001/983
f 621/1002/984 626/1003/985 622/1004/986
f 622/1004/986 626/1003/985 627/1005/987
f 622/1006/988 627/1007/989 623/1008/990
f 623/1008/990 627/1007/989 625/1009/991
f 628/1010/992 629/1011/993 631/1012/994
f 631/1012/994 629/1011/993 630/1013/995
f 632/1014/996 628/1015/997 633/1016/998
f 633/1016/998 628/1015/997 631/1017/999
f 634/1018/1000 632/1019/1001 635/1020/1002
f 635/1020/1002 632/1019/1001 633/1021/1003
f 629/1022/1004 634/1023/1005 630/1024/1006
f 630/1024/1006 634/1023/1005 635/1025/1007
f 635/1026/1008 633/1027/1009 630/1028/1010
f 630/1028/1010 633/1027/1009 631/1029/1011
f 636/1030/1012 637/1031/1013 639/1032/1014
f 639/1032/1014 637/1031/1013 638/1033/1015
f 640/1034/1016 636/1035/1017 641/1036/1018
f 641/1036/1018 636/1035/1017 639/1037/1019
f 642/1038/1020 640/1039/1021 643/1040/1022
f 643/1040/1022 640/1039/1021 641/1041/1023
f 637/1042/1024 642/1043/1025 638/1044/1026
f 638/1044/1026 642/1043/1025 643/1045/1027
f 638/1046/1028 643/1047/1029 639/1048/1030
f 639/1048/1030 643/1047/1029 641/1049/1031
f 644/1050/1032 645/1051/1033 647/1052/1034
f 647/1052/1034 645/1051/1033 646/1053/1035
f 648/1054/1036 644/1055/1037 649/1056/1038
f 649/1056/1038 644/1055/1037 647/1057/1039
f 650/1058/1040 648/1059/1041 651/1060/1042
f 651/1060/1042 648/1059/1041 649/1061/1043
f 645/1062/1044 650/1063/1045 646/1064/1046
f 646/1064/1046 650/1063/1045 651/1065/1047
f 651/1066/1048 649/1067/1049 646/1068/1050
f 646/1068/1050 649/1067/1049 647/1069/1051
f 652/1070/1052 653/1071/1053 655/1072/1054
f 655/1072/1054 653/1071/1053 654/1073/1055
f 656/1074/1056 652/1075/1057 657/1076/1058
f 657/1076/1058 652/1075/1057 655/1077/1059
f 658/1078/1060 656/1079/1061 659/1080/1062
f 659/1080/1062 656/1079/1061 657/1081/1063
f 653/1082/1064 658/1083/1065 654/1084/1066
f 654/1084/1066 658/1083/1065 659/1085/1067
f 654/1086/1068 659/1087/1069 655/1088/1070
f 655/1088/1070 659/1087/1069 657/1089/1071
f 660/1090/1072 661/1091/1073 663/1092/1074
f 663/1092/1074 661/1091/1073 662/1093/1075
f 664/1094/1076 660/1095/1077 665/1096/1078
f 665/1096/1078 660/1095/1077 663/1097/1079
f 666/1098/1080 664/1099/1081 667/1100/1082
f 667/1100/1082 664/1099/1081 665/1101/1083
f 661/1102/1084 666/1103/1085 662/1104/1086
f 662/1104/1086 666/1103/1085 667/1105/1087
f 667/1106/1088 665/1107/1089 662/1108/1090
f 662/1108/1090 665/1107/1089 663/1109/1091
f 668/1110/1092 669/1111/1093 671/1112/1094
f 671/1112/1094 669/1111/1093 670/1113/1095
f 672/1114/1096 668/1115/1097 673/1116/1098
f 673/1116/1098 668/1115/1097 671/1117/1099
f 674/1118/1100 672/1119/1101 675/1120/1102
f 675/1120/1102 672/1119/1101 673/1121/1103
f 669/1122/1104 674/1123/1105 670/1124/1106
f 670/1124/1106 674/1123/1105 675/1125/1107
f 670/1126/1108 675/1127/1109 671/1128/1110
f 671/1128/1110 675/1127/1109 673/1129/1111
f 676/1130/1112 677/1131/1113 679/1132/1114
f 679/1132/1114 677/1131/1113 678/1133/1115
f 680/1134/1116 676/1135/1117 681/1136/1118
f 681/1136/1118 676/1135/1117 679/1137/1119
f 682/1138/1120 680/1139/1121 683/1140/1122
f 683/1140/1122 680/1139/1121 681/1141/1123
f 677/1142/1124 682/1143/1125 678/1144/1126
f 678/1144/1126 682/1143/1125 683/1145/1127
f 683/1146/1128 681/1147/1129 678/1148/1130
f 678/1148/1130 681/1147/1129 679/1149/1131
f 684/1150/1132 685/1151/1133 687/1152/1134
f 687/1152/1134 685/1151/1133 686/1153/1135
f 688/1154/1136 684/1155/1137 689/1156/1138
f 689/1156/1138 684/1155/1137 687/1157/1139
f 690/1158/1140 688/1159/1141 691/1160/1142
f 691/1160/1142 688/1159/1141 689/1161/1143
f 685/1162/1144 690/1163/1145 686/1164/1146
f 686/1164/1146 690/1163/1145 691/1165/1147
f 686/1166/1148 691/1167/1149 687/1168/1150
f 687/1168/1150 691/1167/1149 689/1169/1151
f 692/1170/1152 693/1171/1153 695/1172/1154
f 695/1172/1154 693/1171/1153 694/1173/1155
f 696/1174/1156 692/1175/1157 697/1176/1158
f 697/1176/1158 692/1175/1157 695/1177/1159
f 698/1178/1160 696/1179/1161 699/1180/1162
f 699/1180/1162 696/1179/1161 697/1181/1163
f 693/1182/1164 698/1183/1165 694/1184/1166
f 694/1184/1166 698/1183/1165 699/1185/1167
f 699/1186/1168 697/1187/1169 694/1188/1170
f 694/1188/1170 697/1187/1169 695/1189/1171
f 700/1190/1172 701/1191/1173 703/1192/1174
f 703/1192/1174 701/1191/1173 702/1193/1175
f 704/1194/1176 700/1195/1177 705/1196/1178
f 705/1196/1178 700/1195/1177 703/1197/1179
f 706/1198/1180 704/1199/1181 707/1200/1182
f 707/1200/1182 704/1199/1181 705/1201/1183
f 701/1202/1184 706/1203/1185 702/1204/1186
f 702/1204/1186 706/1203/1185 707/1205/1187
f 702/1206/1188 707/1207/1189 703/1208/1190
f 703/1208/1190 707/1207/1189 705/1209/1191
f 708/1210/1192 709/1211/1193 711/1212/1194
f 711/1212/1194 709/1211/1193 710/1213/1195
f 712/1214/1196 708/1215/1197 713/1216/1198
f 713/1216/1198 708/1215/1197 711/1217/1199
f 714/1218/1200 712/1219/1201 715/1220/1202
f 715/1220/1202 712/1219/1201 713/1221/1203
f 709/1222/1204 714/1223/1205 710/1224/1206
f 710/1224/1206 714/1223/1205 715/1225/1207
f 715/1226/1208 713/1227/1209 710/1228/1210
f 710/1228/1210 713/1227/1209 711/1229/1211
f 716/1230/1212 717/1231/1213 719/1232/1214
f 719/1232/1214 717/1231/1213 718/1233/1215
f 720/1234/1216 716/1235/1217 721/1236/1218
f 721/1236/1218 716/1235/1217 719/1237/1219
f 722/1238/1220 720/1239/1221 723/1240/1222
f 723/1240/1222 720/1239/1221 721/1241/1223
f 717/1242/1224 722/1243/1225 718/1244/1226
f 718/1244/1226 722/1243/1225 723/1245/1227
f 718/1246/1228 723/1247/1229 719/1248/1230
f 719/1248/1230 723/1247/1229 721/1249/1231
f 724/1250/1232 725/1251/1233 727/1252/1234
f 727/1252/1234 725/1251/1233 726/1253/1235
f 728/1254/1236 724/1255/1237 729/1256/1238
f 729/1256/1238 724/1255/1237 727/1257/1239
f 730/1258/1240 728/1259/1241 731/1260/1242
f 731/1260/1242 728/1259/1241 729/1261/1243
f 725/1262/1244 730/1263/1245 726/1264/1246
f 726/1264/1246 730/1263/1245 731/1265/1247
f 731/1266/1248 729/1267/1249 726/1268/1250
f 726/1268/1250 729/1267/1249 727/1269/1251
f 732/1270/1252 733/1271/1253 735/1272/1254
f 735/1272/1254 733/1271/1253 734/1273/1255
f 736/1274/1256 732/1275/1257 737/1276/1258
f 737/1276/1258 732/1275/1257 735/1277/1259
f 738/1278/1260 736/1279/1261 739/1280/1262
f 739/1280/1262 736/1279/1261 737/1281/1263
f 733/1282/1264 738/1283/1265 734/1284/1266
f 734/1284/1266 738/1283/1265 739/1285/1267
f 734/1286/1268 739/1287/1269 735/1288/1270
f 735/1288/1270 739/1287/1269 737/1289/1271
f 740/1290/1272 741/1291/1273 743/1292/1274
f 743/1292/1274 741/1291/1273 742/1293/1275
f 744/1294/1276 740/1295/1277 745/1296/1278
f 745/1296/1278 740/1295/1277 743/1297/1279
f 746/1298/1280 744/1299/1281 747/1300/1282
f 747/1300/1282 744/1299/1281 745/1301/1283
f 741/1302/1284 746/1303/1285 742/1304/1286
f 742/1304/1286 746/1303/1285 747/1305/1287
f 747/1306/1288 745/1307/1289 742/1308/1290
f 742/1308/1290 745/1307/1289 743/1309/1291
f 748/1310/1292 749/1311/1293 751/1312/1294
f 751/1312/1294 749/1311/1293 750/1313/1295
f 752/1314/1296 748/1315/1297 753/1316/1298
f 753/1316/1298 748/1315/1297 751/1317/1299
f 754/1318/1300 752/1319/1301 755/1320/1302
f 755/1320/1302 752/1319/1301 753/1321/1303
f 749/1322/1304 754/1323/1305 750/1324/1306
f 750/1324/1306 754/1323/1305 755/1325/1307
f 750/1326/1308 755/1327/1309 751/1328/1310
f 751/1328/1310 755/1327/1309 753/1329/1311
f 756/1330/1312 757/1331/1313 759/1332/1314
f 759/1332/1314 757/1331/1313 758/1333/1315
f 760/1334/1316 756/1335/1317 761/1336/1318
f 761/1336/1318 756/1335/1317 759/1337/1319
f 762/1338/1320 760/1339/1321 763/1340/1322
f 763/1340/1322 760/1339/1321 761/1341/1323
f 757/1342/1324 762/1343/1325 758/1344/1326
f 758/1344/1326 762/1343/1325 763/1345/1327
f 763/1346/1328 761/1347/1329 758/1348/1330
f 758/1348/1330 761/1347/1329 759/1349/1331
f 764/1350/1332 765/1351/1333 767/1352/1334
f 767/1352/1334 765/1351/1333 766/1353/1335
f 768/1354/1336 764/1355/1337 769/1356/1338
f 769/1356/1338 764/1355/1337 767/1357/1339
f 770/1358/1340 768/1359/1341 771/1360/1342
f 771/1360/1342 768/1359/1341 769/1361/1343
f 765/1362/1344 770/1363/1345 766/1364/1346
f 766/1364/1346 770/1363/1345 771/1365/1347
f 766/1366/1348 771/1367/1349 767/1368/1350
f 767/1368/1350 771/1367/1349 769/1369/1351
f 772/1370/1352 773/1371/1353 775/1372/1354
f 775/1372/1354 773/1371/1353 774/1373/1355
f 776/1374/1356 772/1375/1357 777/1376/1358
f 777/1376/1358 772/1375/1357 775/1377/1359
f 778/1378/1360 776/1379/1361 779/1380/1362
f 779/1380/1362 776/1379/1361 777/1381/1363
f 773/1382/1364 778/1383/1365 774/1384/1366
f 774/1384/1366 778/1383/1365 779/1385/1367
f 779/1386/1368 777/1387/1369 774/1388/1370
f 774/1388/1370 777/1387/1369 775/1389/1371
f 780/1390/1372 781/1391/1373 783/1392/1374
f 783/1392/1374 781/1391/1373 782/1393/1375
f 784/1394/1376 780/1395/1377 785/1396/1378
f 785/1396/1378 780/1395/1377 783/1397/1379
f 786/1398/1380 784/1399/1381 787/1400/1382
f 787/1400/1382 784/1399/1381 785/1401/1383
f 781/1402/1384 786/1403/1385 782/1404/1386
f 782/1404/1386 786/1403/1385 787/1405/1387
f 782/1406/1388 787/1407/1389 783/1408/1390
f 783/1408/1390 787/1407/1389 785/1409/1391
f 788/1410/1392 789/1411/1393 791/1412/1394
f 791/1412/1394 789/1411/1393 790/1413/1395
f 792/1414/1396 788/1415/1397 793/1416/1398
f 793/1416/1398 788/1415/1397 791/1417/1399
f 794/1418/1400 792/1419/1401 795/1420/1402
f 795/1420/1402 792/1419/1401 793/1421/1403
f 789/1422/1404 794/1423/1405 790/1424/1406
f 790/1424/1406 794/1423/1405 795/1425/1407
f 795/1426/1408 793/1427/1409 790/1428/1410
f 790/1428/1410 793/1427/1409 791/1429/1411
f 796/1430/1412 797/1431/1413 799/1432/1414
f 799/1432/1414 797/1431/1413 798/1433/1415
f 800/1434/1416 796/1435/1417 801/1436/1418
f 801/1436/1418 796/1435/1417 799/1437/1419
f 802/1438/1420 800/1439/1421 803/1440/1422
f 803/1440/1422 800/1439/1421 801/1441/1423
f 797/1442/1424 802/1443/1425 798/1444/1426
f 798/1444/1426 802/1443/1425 803/1445/1427
f 798/1446/1428 803/1447/1429 799/1448/1430
f 799/1448/1430 803/1447/1429 801/1449/1431
f 804/1450/1432 805/1451/1433 807/1452/1434
f 807/1452/1434 805/1451/1433 806/1453/1435
f 808/1454/1436 804/1455/1437 809/1456/1438
f 809/1456/1438 804/1455/1437 807/1457/1439
f 810/1458/1440 808/1459/1441 811/1460/1442
f 811/1460/1442 808/1459/1441 809/1461/1443
f 805/1462/1444 810/1463/1445 806/1464/1446
f 806/1464/1446 810/1463/1445 811/1465/1447
f 811/1466/1448 809/1467/1449 806/1468/1450
f 806/1468/1450 809/1467/1449 807/1469/1451
f 812/1470/1452 813/1471/1453 815/1472/1454
f 815/1472/1454 813/1471/1453 814/1473/1455
f 816/1474/1456 812/1475/1457 817/1476/1458
f 817/1476/1458 812/1475/1457 815/1477/1459
f 818/1478/1460 816/1479/1461 819/1480/1462
f 819/1480/1462 816/1479/1461 817/1481/1463
f 813/1482/1464 818/1483/1465 814/1484/1466
f 814/1484/1466 818/1483/1465 819/1485/1467
f 814/1486/1468 819/1487/1469 815/1488/1470
f 815/1488/1470 819/1487/1469 817/1489/1471
f 820/1490/1472 821/1491/1473 823/1492/1474
f 823/1492/1474 821/1491/1473 822/1493/1475
f 824/1494/1476 820/1495/1477 825/1496/1478
f 825/1496/1478 820/1495/1477 823/1497/1479
f 826/1498/1480 824/1499/1481 827/1500/1482
f 827/1500/1482 824/1499/1481 825/1501/1483
f 821/1502/1484 826/1503/1485 822/1504/1486
f 822/1504/1486 826/1503/1485 827/1505/1487
f 827/1506/1488 825/1507/1489 822/1508/1490
f 822/1508/1490 825/1507/1489 823/1509/1491
f 828/1510/1492 829/1511/1493 831/1512/1494
f 831/1512/1494 829/1511/1493 830/1513/1495
f 832/1514/1496 828/1515/1497 833/1516/1498
f 833/1516/1498 828/1515/1497 831/1517/1499
f 834/1518/1500 832/1519/1501 835/1520/1502
f 835/1520/1502 832/1519/1501 833/1521/1503
f 829/1522/1504 834/1523/1505 830/1524/1506
f 830/1524/1506 834/1523/1505 835/1525/1507
f 830/1526/1508 835/1527/1509 831/1528/1510
f 831/1528/1510 835/1527/1509 833/1529/1511
f 836/1530/1512 837/1531/1513 839/1532/1514
f 839/1532/1514 837/1531/1513 838/1533/1515
f 840/1534/1516 836/1535/1517 841/1536/1518
f 841/1536/1518 836/1535/1517 839/1537/1519
f 842/1538/1520 840/1539/1521 843/1540/1522
f 843/1540/1522 840/1539/1521 841/1541/1523
f 837/1542/1524 842/1543/1525 838/1544/1526
f 838/1544/1526 842/1543/1525 843/1545/1527
f 843/1546/1528 841/1547/1529 838/1548/1530
f 838/1548/1530 841/1547/1529 839/1549/1531
f 844/1550/1532 845/1551/1533 847/1552/1534
f 847/1552/1534 845/1551/1533 846/1553/1535
f 848/1554/1536 844/1555/1537 849/1556/1538
f 849/1556/1538 844/1555/1537 847/1557/1539
f 850/1558/1540 848/1559/1541 851/1560/1542
f 851/1560/1542 848/1559/1541 849/1561/1543
f 845/1562/1544 850/1563/1545 846/1564/1546
f 846/1564/1546 850/1563/1545 851/1565/1547
f 846/1566/1548 851/1567/1549 847/1568/1550
f 847/1568/1550 851/1567/1549 849/1569/1551
f 852/1570/1552 853/1571/1553 855/1572/1554
f 855/1572/1554 853/1571/1553 854/1573/1555
f 856/1574/1556 852/1575/1557 857/1576/1558
f 857/1576/1558 852/1575/1557 855/1577/1559
f 858/1578/1560 856/1579/1561 859/1580/1562
f 859/1580/1562 856/1579/1561 857/1581/1563
f 853/1582/1564 858/1583/1565 854/1584/1566
f 854/1584/1566 858/1583/1565 859/1585/1567
f 859/1586/1568 857/1587/1569 854/1588/1570
f 854/1588/1570 857/1587/1569 855/1589/1571
f 860/1590/1572 861/1591/1573 863/1592/1574
f 863/1592/1574 861/1591/1573 862/1593/1575
f 864/1594/1576 860/1595/1577 865/1596/1578
f 865/1596/1578 860/1595/1577 863/1597/1579
f 866/1598/1580 864/1599/1581 867/1600/1582
f 867/1600/1582 864/1599/1581 865/1601/1583
f 861/1602/1584 866/1603/1585 862/1604/1586
f 862/1604/1586 866/1603/1585 867/1605/1587
f 862/1606/1588 867/1607/1589 863/1608/1590
f 863/1608/1590 867/1607/1589 865/1609/1591
f 868/1610/1592 869/1611/1593 871/1612/1594
f 871/1612/1594 869/1611/1593 870/1613/1595
f 872/1614/1596 868/1615/1597 873/1616/1598
f 873/1616/1598 868/1615/1597 871/1617/1599
f 874/1618/1600 872/1619/1601 875/1620/1602
f 875/1620/1602 872/1619/1601 873/1621/1603
f 869/1622/1604 874/1623/1605 870/1624/1606
f 870/1624/1606 874/1623/1605 875/1625/1607
f 875/1626/1608 873/1627/1609 870/1628/1610
f 870/1628/1610 873/1627/1609 871/1629/1611
f 876/1630/1612 877/1631/1613 879/1632/1614
f 879/1632/1614 877/1631/1613 878/1633/1615
f 880/1634/1616 876/1635/1617 881/1636/1618
f 881/1636/1618 876/1635/1617 879/1637/1619
f 882/1638/1620 880/1639/1621 883/1640/1622
f 883/1640/1622 880/1639/1621 881/1641/1623
f 877/1642/1624 882/1643/1625 878/1644/1626
f 878/1644/1626 882/1643/1625 883/1645/1627
f 878/1646/1628 883/1647/1629 879/1648/1630
f 879/1648/1630 883/1647/1629 881/1649/1631
f 884/1650/1632 885/1651/1633 887/1652/1634
f 887/1652/1634 885/1651/1633 886/1653/1635
f 888/1654/1636 884/1655/1637 889/1656/1638
f 889/1656/1638 884/1655/1637 887/1657/1639
f 890/1658/1640 888/1659/1641 891/1660/1642
f 891/1660/1642 888/1659/1641 889/1661/1643
f 885/1662/1644 890/1663/1645 886/1664/1646
f 886/1664/1646 890/1663/1645 891/1665/1647
f 891/1666/1648 889/1667/1649 886/1668/1650
f 886/1668/1650 889/1667/1649 887/1669/1651
f 892/1670/1652 893/1671/1653 895/1672/1654
f 895/1672/1654 893/1671/1653 894/1673/1655
f 896/1674/1656 892/1675/1657 897/1676/1658
f 897/1676/1658 892/1675/1657 895/1677/1659
f 898/1678/1660 896/1679/1661 899/1680/1662
f 899/1680/1662 896/1679/1661 897/1681/1663
f 893/1682/1664 898/1683/1665 894/1684/1666
f 894/1684/1666 898/1683/1665 899/1685/1667
f 894/1686/1668 899/1687/1669 895/1688/1670
f 895/1688/1670 899/1687/1669 897/1689/1671
f 900/1690/1672 901/1691/1673 903/1692/1674
f 903/1692/1674 901/1691/1673 902/1693/1675
f 904/1694/1676 900/1695/1677 905/1696/1678
f 905/1696/1678 900/1695/1677 903/1697/1679
f 906/1698/1680 904/1699/1681 907/1700/1682
f 907/1700/1682 904/1699/1681 905/1701/1683
f 901/1702/1684 906/1703/1685 902/1704/1686
f 902/1704/1686 906/1703/1685 907/1705/1687
f 907/1706/1688 905/1707/1689 902/1708/1690
f 902/1708/1690 905/1707/1689 903/1709/1691
f 908/1710/1692 909/1711/1693 911/1712/1694
f 911/1712/1694 909/1711/1693 910/1713/1695
f 912/1714/1696 908/1715/1697 913/1716/1698
f 913/1716/1698 908/1715/1697 911/1717/1699
f 914/1718/1700 912/1719/1701 915/1720/1702
f 915/1720/1702 912/1719/1701 913/1721/1703
f 909/1722/1704 914/1723/1705 910/1724/1706
f 910/1724/1706 914/1723/1705 915/1725/1707
f 910/1726/1708 915/1727/1709 911/1728/1710
f 911/1728/1710 915/1727/1709 913/1729/1711
f 916/1730/1712 917/1731/1713 919/1732/1714
f 919/1732/1714 917/1731/1713 918/1733/1715
f 920/1734/1716 916/1735/1717 921/1736/1718
f 921/1736/1718 916/1735/1717 919/1737/1719
f 922/1738/1720 920/1739/1721 923/1740/1722
f 923/1740/1722 920/1739/1721 921/1741/1723
f 917/1742/1724 922/1743/1725 918/1744/1726
f 918/1744/1726 922/1743/1725 923/1745/1727
f 918/1746/1728 923/1747/1729 919/1748/1730
f 919/1748/1730 923/1747/1729 921/1749/1731
f 924/1750/1732 925/1751/1733 927/1752/1734
f 927/1752/1734 925/1751/1733 926/1753/1735
f 928/1754/1736 924/1755/1737 929/1756/1738
f 929/1756/1738 924/1755/1737 927/1757/1739
f 930/1758/1740 928/1759/1741 931/1760/1742
f 931/1760/1742 928/1759/1741 929/1761/1743
f 925/1762/1744 930/1763/1745 926/1764/1746
f 926/1764/1746 930/1763/1745 931/1765/1747
f 926/1766/1748 931/1767/1749 927/1768/1750
f 927/1768/1750 931/1767/1749 929/1769/1751
f 932/1770/1752 933/1771/1753 935/1772/1754
f 935/1772/1754 933/1771/1753 934/1773/1755
f 936/1774/1756 932/1775/1757 937/1776/1758
f 937/1776/1758 932/1775/1757 935/1777/1759
f 938/1778/1760 936/1779/1761 939/1780/1762
f 939/1780/1762 936/1779/1761 937/1781/1763
f 933/1782/1764 938/1783/1765 934/1784/1766
f 934/1784/1766 938/1783/1765 939/1785/1767
f 939/1786/1768 937/1787/1769 934/1788/1770
f 934/1788/1770 937/1787/1769 935/1789/1771
f 940/1790/1772 941/1791/1773 943/1792/1774
f 943/1792/1774 941/1791/1773 942/1793/1775
f 944/1794/1776 940/1795/1777 945/1796/1778
f 945/1796/1778 940/1795/1777 943/1797/1779
f 946/1798/1780 944/1799/1781 947/1800/1782
f 947/1800/1782 944/1799/1781 945/1801/1783
f 941/1802/1784 946/1803/1785 942/1804/1786
f 942/1804/1786 946/1803/1785 947/1805/1787
f 942/1806/1788 947/1807/1789 943/1808/1790
f 943/1808/1790 947/1807/1789 945/1809/1791
f 238/1810/1792 237/1811/1793 949/1812/1794
f 949/1812/1794 237/1811/1793 948/1813/1795
f 239/1814/1796 238/1815/1797 950/1816/1798
f 950/1816/1798 238/1815/1797 949/1817/1799
f 240/1818/1800 239/1819/1801 951/1820/1802
f 951/1820/1802 239/1819/1801 950/1821/1803
f 237/1822/1804 240/1823/1805 948/1824/1806
f 948/1824/1806 240/1823/1805 951/1825/1807
f 596/1826/1808 948/1827/1809 597/1828/1810
f 597/1828/1810 948/1827/1809 618/1829/1811
f 597/1828/1810 618/1829/1811 602/1830/1812
f 602/1830/1812 618/1829/1811 613/1831/1813
f 602/1830/1812 613/1831/1813 610/1832/1814
f 610/1832/1814 613/1831/1813 624/1833/1815
f 610/1832/1814 624/1833/1815 608/1834/1816
f 608/1834/1816 624/1833/1815 626/1835/1817
f 608/1834/1816 626/1835/1817 951/1836/1818
f 951/1836/1818 626/1835/1817 621/1837/1819
f 951/1836/1818 621/1837/1819 620/1838/1820
f 600/1839/1821 644/1840/1822 596/1826/1808
f 596/1826/1808 644/1840/1822 648/1841/1823
f 596/1826/1808 648/1841/1823 948/1827/1809
f 948/1827/1809 648/1841/1823 650/1842/1824
f 948/1827/1809 650/1842/1824 629/1843/1825
f 629/1843/1825 650/1842/1824 634/1844/1826
f 634/1844/1826 650/1842/1824 645/1845/1827
f 634/1844/1826 645/1845/1827 642/1846/1828
f 642/1846/1828 645/1845/1827 656/1847/1829
f 642/1846/1828 656/1847/1829 640/1848/1830
f 640/1848/1830 656/1847/1829 658/1849/1831
f 640/1848/1830 658/1849/1831 951/1836/1818
f 951/1836/1818 658/1849/1831 653/1850/1832
f 951/1836/1818 653/1850/1832 604/1851/1833
f 604/1851/1833 653/1850/1832 605/1852/1834
f 605/1852/1834 653/1850/1832 652/1853/1835
f 605/1852/1834 652/1853/1835 600/1839/1821
f 600/1839/1821 652/1853/1835 644/1840/1822
f 600/1839/1821 602/1830/1812 605/1852/1834
f 605/1852/1834 602/1830/1812 610/1832/1814
f 604/1851/1833 608/1834/1816 951/1836/1818
f 613/1831/1813 612/1854/1836 624/1833/1815
f 624/1833/1815 612/1854/1836 620/1838/1820
f 620/1838/1820 612/1854/1836 948/1827/1809
f 620/1838/1820 948/1827/1809 951/1836/1818
f 612/1854/1836 616/1855/1837 948/1827/1809
f 948/1827/1809 616/1855/1837 618/1829/1811
f 629/1843/1825 628/1856/1838 948/1827/1809
f 948/1827/1809 628/1856/1838 680/1857/1839
f 948/1827/1809 680/1857/1839 682/1858/1840
f 680/1857/1839 628/1856/1838 676/1859/1841
f 676/1859/1841 628/1856/1838 632/1860/1842
f 676/1859/1841 632/1860/1842 684/1861/1843
f 684/1861/1843 632/1860/1842 637/1862/1844
f 684/1861/1843 637/1862/1844 685/1863/1845
f 685/1863/1845 637/1862/1844 636/1864/1846
f 685/1863/1845 636/1864/1846 951/1836/1818
f 951/1836/1818 636/1864/1846 640/1848/1830
f 632/1860/1842 634/1844/1826 637/1862/1844
f 637/1862/1844 634/1844/1826 642/1846/1828
f 645/1845/1827 644/1840/1822 656/1847/1829
f 656/1847/1829 644/1840/1822 652/1853/1835
f 660/1865/1847 948/1827/1809 661/1866/1848
f 661/1866/1848 948/1827/1809 682/1858/1840
f 661/1866/1848 682/1858/1840 666/1867/1849
f 666/1867/1849 682/1858/1840 677/1868/1850
f 666/1867/1849 677/1868/1850 674/1869/1851
f 674/1869/1851 677/1868/1850 688/1870/1852
f 674/1869/1851 688/1870/1852 672/1871/1853
f 672/1871/1853 688/1870/1852 690/1872/1854
f 672/1871/1853 690/1872/1854 951/1836/1818
f 951/1836/1818 690/1872/1854 685/1863/1845
f 664/1873/1855 708/1874/1856 660/1865/1847
f 660/1865/1847 708/1874/1856 712/1875/1857
f 660/1865/1847 712/1875/1857 948/1827/1809
f 948/1827/1809 712/1875/1857 714/1876/1858
f 948/1827/1809 714/1876/1858 693/1877/1859
f 693/1877/1859 714/1876/1858 698/1878/1860
f 698/1878/1860 714/1876/1858 709/1879/1861
f 698/1878/1860 709/1879/1861 706/1880/1862
f 706/1880/1862 709/1879/1861 720/1881/1863
f 706/1880/1862 720/1881/1863 704/1882/1864
f 704/1882/1864 720/1881/1863 722/1883/1865
f 704/1882/1864 722/1883/1865 951/1836/1818
f 951/1836/1818 722/1883/1865 717/1884/1866
f 951/1836/1818 717/1884/1866 668/1885/1867
f 668/1885/1867 717/1884/1866 669/1886/1868
f 669/1886/1868 717/1884/1866 716/1887/1869
f 669/1886/1868 716/1887/1869 664/1873/1855
f 664/1873/1855 716/1887/1869 708/1874/1856
f 664/1873/1855 666/1867/1849 669/1886/1868
f 669/1886/1868 666/1867/1849 674/1869/1851
f 668/1885/1867 672/1871/1853 951/1836/1818
f 677/1868/1850 676/1859/1841 688/1870/1852
f 688/1870/1852 676/1859/1841 684/1861/1843
f 693/1877/1859 692/1888/1870 948/1827/1809
f 948/1827/1809 692/1888/1870 744/1889/1871
f 948/1827/1809 744/1889/1871 746/1890/1872
f 744/1889/1871 692/1888/1870 740/1891/1873
f 740/1891/1873 692/1888/1870 696/1892/1874
f 740/1891/1873 696/1892/1874 748/1893/1875
f 748/1893/1875 696/1892/1874 701/1894/1876
f 748/1893/1875 701/1894/1876 749/1895/1877
f 749/1895/1877 701/1894/1876 700/1896/1878
f 749/1895/1877 700/1896/1878 951/1836/1818
f 951/1836/1818 700/1896/1878 704/1882/1864
f 696/1892/1874 698/1878/1860 701/1894/1876
f 701/1894/1876 698/1878/1860 706/1880/1862
f 709/1879/1861 708/1874/1856 720/1881/1863
f 720/1881/1863 708/1874/1856 716/1887/1869
f 724/1897/1879 948/1827/1809 725/1898/1880
f 725/1898/1880 948/1827/1809 746/1890/1872
f 725/1898/1880 746/1890/1872 730/1899/1881
f 730/1899/1881 746/1890/1872 741/1900/1882
f 730/1899/1881 741/1900/1882 780/1901/1883
f 780/1901/1883 741/1900/1882 733/1902/1884
f 780/1901/1883 733/1902/1884 781/1903/1885
f 781/1903/1885 733/1902/1884 732/1904/1886
f 781/1903/1885 732/1904/1886 950/1905/1887
f 950/1905/1887 732/1904/1886 951/1836/1818
f 951/1836/1818 732/1904/1886 736/1906/1888
f 951/1836/1818 736/1906/1888 754/1907/1889
f 754/1907/1889 736/1906/1888 752/1908/1890
f 752/1908/1890 736/1906/1888 738/1909/1891
f 752/1908/1890 738/1909/1891 741/1900/1882
f 741/1900/1882 738/1909/1891 733/1902/1884
f 728/1910/1892 772/1911/1893 724/1897/1879
f 724/1897/1879 772/1911/1893 776/1912/1894
f 724/1897/1879 776/1912/1894 949/1913/1895
f 949/1913/1895 776/1912/1894 778/1914/1896
f 949/1913/1895 778/1914/1896 757/1915/1897
f 757/1915/1897 778/1914/1896 762/1916/1898
f 762/1916/1898 778/1914/1896 773/1917/1899
f 762/1916/1898 773/1917/1899 770/1918/1900
f 770/1918/1900 773/1917/1899 772/1911/1893
f 770/1918/1900 772/1911/1893 728/1910/1892
f 728/1910/1892 730/1899/1881 770/1918/1900
f 770/1918/1900 730/1899/1881 784/1919/1901
f 770/1918/1900 784/1919/1901 768/1920/1902
f 768/1920/1902 784/1919/1901 786/1921/1903
f 768/1920/1902 786/1921/1903 950/1905/1887
f 950/1905/1887 786/1921/1903 781/1903/1885
f 741/1900/1882 740/1891/1873 752/1908/1890
f 752/1908/1890 740/1891/1873 748/1893/1875
f 754/1907/1889 749/1895/1877 951/1836/1818
f 757/1915/1897 756/1922/1904 949/1913/1895
f 949/1913/1895 756/1922/1904 808/1923/1905
f 949/1913/1895 808/1923/1905 810/1924/1906
f 808/1923/1905 756/1922/1904 804/1925/1907
f 804/1925/1907 756/1922/1904 760/1926/1908
f 804/1925/1907 760/1926/1908 812/1927/1909
f 812/1927/1909 760/1926/1908 765/1928/1910
f 812/1927/1909 765/1928/1910 813/1929/1911
f 813/1929/1911 765/1928/1910 764/1930/1912
f 813/1929/1911 764/1930/1912 950/1905/1887
f 950/1905/1887 764/1930/1912 768/1920/1902
f 760/1926/1908 762/1916/1898 765/1928/1910
f 765/1928/1910 762/1916/1898 770/1918/1900
f 780/1901/1883 784/1919/1901 730/1899/1881
f 788/1931/1913 949/1913/1895 789/1932/1914
f 789/1932/1914 949/1913/1895 810/1924/1906
f 789/1932/1914 810/1924/1906 794/1933/1915
f 794/1933/1915 810/1924/1906 805/1934/1916
f 794/1933/1915 805/1934/1916 802/1935/1917
f 802/1935/1917 805/1934/1916 816/1936/1918
f 802/1935/1917 816/1936/1918 800/1937/1919
f 800/1937/1919 816/1936/1918 818/1938/1920
f 800/1937/1919 818/1938/1920 950/1905/1887
f 950/1905/1887 818/1938/1920 813/1929/1911
f 792/1939/1921 836/1940/1922 788/1931/1913
f 788/1931/1913 836/1940/1922 840/1941/1923
f 788/1931/1913 840/1941/1923 949/1913/1895
f 949/1913/1895 840/1941/1923 842/1942/1924
f 949/1913/1895 842/1942/1924 821/1943/1925
f 821/1943/1925 842/1942/1924 826/1944/1926
f 826/1944/1926 842/1942/1924 837/1945/1927
f 826/1944/1926 837/1945/1927 834/1946/1928
f 834/1946/1928 837/1945/1927 848/1947/1929
f 834/1946/1928 848/1947/1929 832/1948/1930
f 832/1948/1930 848/1947/1929 850/1949/1931
f 832/1948/1930 850/1949/1931 950/1905/1887
f 950/1905/1887 850/1949/1931 845/1950/1932
f 950/1905/1887 845/1950/1932 796/1951/1933
f 796/1951/1933 845/1950/1932 797/1952/1934
f 797/1952/1934 845/1950/1932 844/1953/1935
f 797/1952/1934 844/1953/1935 792/1939/1921
f 792/1939/1921 844/1953/1935 836/1940/1922
f 792/1939/1921 794/1933/1915 797/1952/1934
f 797/1952/1934 794/1933/1915 802/1935/1917
f 796/1951/1933 800/1937/1919 950/1905/1887
f 805/1934/1916 804/1925/1907 816/1936/1918
f 816/1936/1918 804/1925/1907 812/1927/1909
f 821/1943/1925 820/1954/1936 949/1913/1895
f 949/1913/1895 820/1954/1936 872/1955/1937
f 949/1913/1895 872/1955/1937 874/1956/1938
f 872/1955/1937 820/1954/1936 868/1957/1939
f 868/1957/1939 820/1954/1936 824/1958/1940
f 868/1957/1939 824/1958/1940 876/1959/1941
f 876/1959/1941 824/1958/1940 829/1960/1942
f 876/1959/1941 829/1960/1942 877/1961/1943
f 877/1961/1943 829/1960/1942 828/1962/1944
f 877/1961/1943 828/1962/1944 950/1905/1887
f 950/1905/1887 828/1962/1944 832/1948/1930
f 824/1958/1940 826/1944/1926 829/1960/1942
f 829/1960/1942 826/1944/1926 834/1946/1928
f 837/1945/1927 836/1940/1922 848/1947/1929
f 848/1947/1929 836/1940/1922 844/1953/1935
f 852/1963/1945 949/1913/1895 853/1964/1946
f 853/1964/1946 949/1913/1895 874/1956/1938
f 853/1964/1946 874/1956/1938 858/1965/1947
f 858/1965/1947 874/1956/1938 869/1966/1948
f 858/1965/1947 869/1966/1948 866/1967/1949
f 866/1967/1949 869/1966/1948 880/1968/1950
f 866/1967/1949 880/1968/1950 864/1969/1951
f 864/1969/1951 880/1968/1950 882/1970/1952
f 864/1969/1951 882/1970/1952 950/1905/1887
f 950/1905/1887 882/1970/1952 877/1961/1943
f 856/1971/1953 900/1972/1954 852/1963/1945
f 852/1963/1945 900/1972/1954 904/1973/1955
f 852/1963/1945 904/1973/1955 949/1913/1895
f 949/1913/1895 904/1973/1955 906/1974/1956
f 949/1913/1895 906/1974/1956 885/1975/1957
f 885/1975/1957 906/1974/1956 890/1976/1958
f 890/1976/1958 906/1974/1956 901/1977/1959
f 890/1976/1958 901/1977/1959 898/1978/1960
f 898/1978/1960 901/1977/1959 912/1979/1961
f 898/1978/1960 912/1979/1961 896/1980/1962
f 896/1980/1962 912/1979/1961 914/1981/1963
f 896/1980/1962 914/1981/1963 950/1905/1887
f 950/1905/1887 914/1981/1963 909/1982/1964
f 950/1905/1887 909/1982/1964 860/1983/1965
f 860/1983/1965 909/1982/1964 861/1984/1966
f 861/1984/1966 909/1982/1964 908/1985/1967
f 861/1984/1966 908/1985/1967 856/1971/1953
f 856/1971/1953 908/1985/1967 900/1972/1954
f 856/1971/1953 858/1965/1947 861/1984/1966
f 861/1984/1966 858/1965/1947 866/1967/1949
f 860/1983/1965 864/1969/1951 950/1905/1887
f 869/1966/1948 868/1957/1939 880/1968/1950
f 880/1968/1950 868/1957/1939 876/1959/1941
f 885/1975/1957 884/1986/1968 949/1913/1895
f 949/1913/1895 884/1986/1968 888/1987/1969
f 949/1913/1895 888/1987/1969 893/1988/1970
f 893/1988/1970 888/1987/1969 890/1976/1958
f 893/1988/1970 890/1976/1958 898/1978/1960
f 949/1913/1895 893/1988/1970 950/1905/1887
f 950/1905/1887 893/1988/1970 892/1989/1971
f 950/1905/1887 892/1989/1971 896/1980/1962
f 901/1977/1959 900/1972/1954 912/1979/1961
f 912/1979/1961 900/1972/1954 908/1985/1967
f 949/1913/1895 948/1827/1809 724/1897/1879
f 234/1990/1972 233/1991/1973 953/1992/1974
f 953/1992/1974 233/1991/1973 952/1993/1975
f 235/1994/1976 234/1995/1977 954/1996/1978
f 954/1996/1978 234/1995/1977 953/1997/1979
f 236/1998/1980 235/1999/1981 955/2000/1982
f 955/2000/1982 235/1999/1981 954/2001/1983
f 233/2002/1984 236/2003/1985 952/2004/1986
f 952/2004/1986 236/2003/1985 955/2005/1987
f 916/2006/1988 932/2007/1989 917/2008/1990
f 917/2008/1990 932/2007/1989 936/2009/1991
f 917/2008/1990 936/2009/1991 930/2010/1992
f 930/2010/1992 936/2009/1991 941/2011/1993
f 930/2010/1992 941/2011/1993 928/2012/1994
f 928/2012/1994 941/2011/1993 940/2013/1995
f 928/2012/1994 940/2013/1995 955/2014/1996
f 955/2014/1996 940/2013/1995 952/2015/1997
f 952/2015/1997 940/2013/1995 944/2016/1998
f 952/2015/1997 944/2016/1998 946/2017/1999
f 920/2018/2000 954/2019/2001 916/2006/1988
f 916/2006/1988 954/2019/2001 953/2020/2002
f 916/2006/1988 953/2020/2002 932/2007/1989
f 932/2007/1989 953/2020/2002 933/2021/2003
f 933/2021/2003 953/2020/2002 938/2022/2004
f 938/2022/2004 953/2020/2002 946/2017/1999
f 938/2022/2004 946/2017/1999 941/2011/1993
f 920/2018/2000 922/2023/2005 954/2019/2001
f 954/2019/2001 922/2023/2005 925/2024/2006
f 954/2019/2001 925/2024/2006 955/2014/1996
f 955/2014/1996 925/2024/2006 924/2025/2007
f 955/2014/1996 924/2025/2007 928/2012/1994
f 922/2023/2005 917/2008/1990 925/2024/2006
f 925/2024/2006 917/2008/1990 930/2010/1992
f 936/2009/1991 938/2022/2004 941/2011/1993
f 953/2020/2002 952/2015/1997 946/2017/1999
f 230/2026/2008 229/2027/2009 957/2028/2010
f 957/2028/2010 229/2027/2009 956/2029/2011
f 231/2030/2012 230/2031/2013 958/2032/2014
f 958/2032/2014 230/2031/2013 957/2033/2015
f 232/2034/2016 231/2035/2017 959/2036/2018
f 959/2036/2018 231/2035/2017 958/2037/2019
f 229/2038/2020 232/2039/2021 956/2040/2022
f 956/2040/2022 232/2039/2021 959/2041/2023
f 959/2042/2024 958/2043/2025 956/2044/2026
f 956/2044/2026 958/2043/2025 957/2045/2027
f 226/2046/2028 225/2047/2029 961/2048/2030
f 961/2048/2030 225/2047/2029 960/2049/2031
f 227/2050/2032 226/2051/2033 962/2052/2034
f 962/2052/2034 226/2051/2033 961/2053/2035
f 228/2054/2036 227/2055/2037 963/2056/2038
f 963/2056/2038 227/2055/2037 962/2057/2039
f 225/2058/2040 228/2059/2041 960/2060/2042
f 960/2060/2042 228/2059/2041 963/2061/2043
f 963/2062/2044 962/2063/2045 960/2064/2046
f 960/2064/2046 962/2063/2045 961/2065/2047
f 326/2066/2048 325/2067/2049 966/2068/2050
f 966/2068/2050 325/2067/2049 965/2069/2051
f 965/2069/2051 325/2067/2049 964/2070/2052
f 327/2071/2053 326/2072/2054 967/2073/2055
f 967/2073/2055 326/2072/2054 966/2074/2056
f 968/2075/2057 12/2076/2058 969/2077/2059
f 969/2077/2059 12/2076/2058 967/2078/2060
f 967/2078/2060 12/2076/2058 327/2079/2061
f 964/2080/2062 968/2081/2063 965/2082/2064
f 965/2082/2064 968/2081/2063 969/2083/2065
f 969/2084/2066 967/2085/2067 965/2086/2068
f 965/2086/2068 967/2085/2067 966/2087/2069
f 325/2088/2070 15/2089/2071 964/2090/2072
f 964/2090/2072 15/2089/2071 968/2091/2073
f 968/2091/2073 15/2089/2071 14/2092/2074
f 968/2091/2073 14/2092/2074 13/2093/2075
f 13/2093/2075 12/2094/2076 968/2091/2073
f 322/2095/2077 321/2096/2078 972/2097/2079
f 972/2097/2079 321/2096/2078 971/2098/2080
f 971/2098/2080 321/2096/2078 970/2099/2081
f 323/2100/2082 322/2101/2083 973/2102/2084
f 973/2102/2084 322/2101/2083 972/2103/2085
f 974/2104/2086 324/2105/2087 975/2106/2088
f 975/2106/2088 324/2105/2087 973/2107/2089
f 973/2107/2089 324/2105/2087 323/2108/2090
f 970/2109/2091 974/2110/2092 971/2111/2093
f 971/2111/2093 974/2110/2092 975/2112/2094
f 975/2113/2095 973/2114/2096 971/2115/2097
f 971/2115/2097 973/2114/2096 972/2116/2098
f 324/2117/2099 974/2118/2100 321/2119/2101
f 321/2119/2101 974/2118/2100 970/2120/2102
f 976/2121/2103 977/2122/2104 317/2123/2105
f 317/2123/2105 977/2122/2104 978/2124/2106
f 317/2123/2105 978/2124/2106 318/2125/2107
f 319/2126/2108 318/2127/2109 979/2128/2110
f 979/2128/2110 318/2127/2109 978/2129/2111
f 980/2130/2112 320/2131/2113 981/2132/2114
f 981/2132/2114 320/2131/2113 979/2133/2115
f 979/2133/2115 320/2131/2113 319/2134/2116
f 976/2135/2117 980/2136/2118 977/2137/2119
f 977/2137/2119 980/2136/2118 981/2138/2120
f 981/2139/2121 979/2140/2122 977/2141/2123
f 977/2141/2123 979/2140/2122 978/2142/2124
f 320/2143/2125 980/2144/2126 493/2145/2127
f 493/2145/2127 980/2144/2126 976/2146/2128
f 493/2145/2127 976/2146/2128 494/2147/2129
f 494/2147/2129 976/2146/2128 495/2148/2130
f 495/2148/2130 976/2146/2128 317/2149/2131
f 209/2150/2132 208/2151/2133 983/2152/2134
f 983/2152/2134 208/2151/2133 982/2153/2135
f 210/2154/2136 209/2155/2137 984/2156/2138
f 984/2156/2138 209/2155/2137 983/2157/2139
f 211/2158/2140 210/2159/2141 985/2160/2142
f 985/2160/2142 210/2159/2141 984/2161/2143
f 212/2162/2144 211/2163/2145 986/2164/2146
f 986/2164/2146 211/2163/2145 985/2165/2147
f 213/2166/2148 212/2167/2149 987/2168/2150
f 987/2168/2150 212/2167/2149 986/2169/2151
f 982/2170/2152 208/2171/2153 998/2172/2154
f 998/2172/2154 208/2171/2153 224/2173/2155
f 998/2172/2154 224/2173/2155 997/2174/2156
f 997/2174/2156 224/2173/2155 223/2175/2157
f 997/2174/2156 223/2175/2157 996/2176/2158
f 996/2176/2158 223/2175/2157 222/2177/2159
f 996/2176/2158 222/2177/2159 995/2178/2160
f 995/2178/2160 222/2177/2159 221/2179/2161
f 995/2178/2160 221/2179/2161 994/2180/2162
f 994/2180/2162 221/2179/2161 220/2181/2163
f 994/2180/2162 220/2181/2163 993/2182/2164
f 993/2182/2164 220/2181/2163 219/2183/2165
f 993/2182/2164 219/2183/2165 992/2184/2166
f 992/2184/2166 219/2183/2165 218/2185/2167
f 992/2184/2166 218/2185/2167 991/2186/2168
f 991/2186/2168 218/2185/2167 217/2187/2169
f 991/2186/2168 217/2187/2169 990/2188/2170
f 990/2188/2170 217/2187/2169 216/2189/2171
f 990/2188/2170 216/2189/2171 989/2190/2172
f 989/2190/2172 216/2189/2171 215/2191/2173
f 989/2190/2172 215/2191/2173 988/2192/2174
f 988/2192/2174 215/2191/2173 214/2193/2175
f 988/2192/2174 214/2193/2175 987/2194/2176
f 987/2194/2176 214/2193/2175 213/2195/2177
f 998/2196/2178 987/2197/2179 982/2198/2180
f 982/2198/2180 987/2197/2179 985/2199/2181
f 982/2198/2180 985/2199/2181 984/2200/2182
f 997/2201/2183 989/2202/2184 998/2196/2178
f 998/2196/2178 989/2202/2184 988/2203/2185
f 998/2196/2178 988/2203/2185 987/2197/2179
f 989/2202/2184 997/2201/2183 990/2204/2186
f 990/2204/2186 997/2201/2183 996/2205/2187
f 990/2204/2186 996/2205/2187 991/2206/2188
f 991/2206/2188 996/2205/2187 995/2207/2189
f 991/2206/2188 995/2207/2189 992/2208/2190
f 992/2208/2190 995/2207/2189 994/2209/2191
f 992/2208/2190 994/2209/2191 993/2210/2192
f 987/2197/2179 986/2211/2193 985/2199/2181
f 984/2200/2182 983/2212/2194 982/2198/2180
f 205/2213/2195 204/2214/2196 1000/2215/2197
f 1000/2215/2197 204/2214/2196 999/2216/2198
f 206/2217/2199 205/2218/2200 1001/2219/2201
f 1001/2219/2201 205/2218/2200 1000/2220/2202
f 207/2221/2203 206/2222/2204 1002/2223/2205
f 1002/2223/2205 206/2222/2204 1001/2224/2206
f 204/2225/2207 207/2226/2208 999/2227/2209
f 999/2227/2209 207/2226/2208 1002/2228/2210
f 999/2229/2211 1002/2230/2212 1000/2231/2213
f 1000/2231/2213 1002/2230/2212 1001/2232/2214
f 201/2233/2215 200/2234/2216 1004/2235/2217
f 1004/2235/2217 200/2234/2216 1003/2236/2218
f 202/2237/2219 201/2238/2220 1005/2239/2221
f 1005/2239/2221 201/2238/2220 1004/2240/2222
f 203/2241/2223 202/2242/2224 1006/2243/2225
f 1006/2243/2225 202/2242/2224 1005/2244/2226
f 200/2245/2227 203/2246/2228 1003/2247/2229
f 1003/2247/2229 203/2246/2228 1006/2248/2230
f 1003/2249/2231 1006/2250/2232 1004/2251/2233
f 1004/2251/2233 1006/2250/2232 1005/2252/2234
f 197/2253/2235 196/2254/2236 1008/2255/2237
f 1008/2255/2237 196/2254/2236 1007/2256/2238
f 198/2257/2239 197/2258/2240 1009/2259/2241
f 1009/2259/2241 197/2258/2240 1008/2260/2242
f 199/2261/2243 198/2262/2244 1010/2263/2245
f 1010/2263/2245 198/2262/2244 1009/2264/2246
f 196/2265/2247 199/2266/2248 1007/2267/2249
f 1007/2267/2249 199/2266/2248 1010/2268/2250
f 1007/2269/2251 1010/2270/2252 1008/2271/2253
f 1008/2271/2253 1010/2270/2252 1009/2272/2254
f 193/2273/2255 192/2274/2256 1012/2275/2257
f 1012/2275/2257 192/2274/2256 1011/2276/2258
f 194/2277/2259 193/2278/2260 1013/2279/2261
f 1013/2279/2261 193/2278/2260 1012/2280/2262
f 195/2281/2263 194/2282/2264 1014/2283/2265
f 1014/2283/2265 194/2282/2264 1013/2284/2266
f 192/2285/2267 195/2286/2268 1011/2287/2269
f 1011/2287/2269 195/2286/2268 1014/2288/2270
f 1011/2289/2271 1014/2290/2272 1012/2291/2273
f 1012/2291/2273 1014/2290/2272 1013/2292/2274
f 189/2293/2275 188/2294/2276 1016/2295/2277
f 1016/2295/2277 188/2294/2276 1015/2296/2278
f 190/2297/2279 189/2298/2280 1017/2299/2281
f 1017/2299/2281 189/2298/2280 1016/2300/2282
f 191/2301/2283 190/2302/2284 1018/2303/2285
f 1018/2303/2285 190/2302/2284 1017/2304/2286
f 188/2305/2287 191/2306/2288 1015/2307/2289
f 1015/2307/2289 191/2306/2288 1018/2308/2290
f 1015/2309/2291 1018/2310/2292 1016/2311/2293
f 1016/2311/2293 1018/2310/2292 1017/2312/2294
f 185/2313/2295 184/2314/2296 1020/2315/2297
f 1020/2315/2297 184/2314/2296 1019/2316/2298
f 186/2317/2299 185/2318/2300 1021/2319/2301
f 1021/2319/2301 185/2318/2300 1020/2320/2302
f 187/2321/2303 186/2322/2304 1022/2323/2305
f 1022/2323/2305 186/2322/2304 1021/2324/2306
f 184/2325/2307 187/2326/2308 1019/2327/2309
f 1019/2327/2309 187/2326/2308 1022/2328/2310
f 1022/2329/2311 1021/2330/2312 1019/2331/2313
f 1019/2331/2313 1021/2330/2312 1020/2332/2314
f 181/2333/2315 180/2334/2316 1024/2335/2317
f 1024/2335/2317 180/2334/2316 1023/2336/2318
f 182/2337/2319 181/2338/2320 1025/2339/2321
f 1025/2339/2321 181/2338/2320 1024/2340/2322
f 183/2341/2323 182/2342/2324 1026/2343/2325
f 1026/2343/2325 182/2342/2324 1025/2344/2326
f 180/2345/2327 183/2346/2328 1023/2347/2329
f 1023/2347/2329 183/2346/2328 1026/2348/2330
f 1023/2349/2331 1026/2350/2332 1024/2351/2333
f 1024/2351/2333 1026/2350/2332 1025/2352/2334
f 177/2353/2335 176/2354/2336 1028/2355/2337
f 1028/2355/2337 176/2354/2336 1027/2356/2338
f 178/2357/2339 177/2358/2340 1029/2359/2341
f 1029/2359/2341 177/2358/2340 1028/2360/2342
f 179/2361/2343 178/2362/2344 1030/2363/2345
f 1030/2363/2345 178/2362/2344 1029/2364/2346
f 176/2365/2347 179/2366/2348 1027/2367/2349
f 1027/2367/2349 179/2366/2348 1030/2368/2350
f 1030/2369/2351 1029/2370/2352 1027/2371/2353
f 1027/2371/2353 1029/2370/2352 1028/2372/2354
f 173/2373/2355 172/2374/2356 1032/2375/2357
f 1032/2375/2357 172/2374/2356 1031/2376/2358
f 174/2377/2359 173/2378/2360 1033/2379/2361
f 1033/2379/2361 173/2378/2360 1032/2380/2362
f 175/2381/2363 174/2382/2364 1034/2383/2365
f 1034/2383/2365 174/2382/2364 1033/2384/2366
f 172/2385/2367 175/2386/2368 1031/2387/2369
f 1031/2387/2369 175/2386/2368 1034/2388/2370
f 1031/2389/2371 1034/2390/2372 1032/2391/2373
f 1032/2391/2373 1034/2390/2372 1033/2392/2374
f 169/2393/2375 168/2394/2376 1036/2395/2377
f 1036/2395/2377 168/2394/2376 1035/2396/2378
f 170/2397/2379 169/2398/2380 1037/2399/2381
f 1037/2399/2381 169/2398/2380 1036/2400/2382
f 171/2401/2383 170/2402/2384 1038/2403/2385
f 1038/2403/2385 170/2402/2384 1037/2404/2386
f 168/2405/2387 171/2406/2388 1035/2407/2389
f 1035/2407/2389 171/2406/2388 1038/2408/2390
f 1035/2409/2391 1038/2410/2392 1036/2411/2393
f 1036/2411/2393 1038/2410/2392 1037/2412/2394
f 165/2413/2395 164/2414/2396 1040/2415/2397
f 1040/2415/2397 164/2414/2396 1039/2416/2398
f 166/2417/2399 165/2418/2400 1041/2419/2401
f 1041/2419/2401 165/2418/2400 1040/2420/2402
f 167/2421/2403 166/2422/2404 1042/2423/2405
f 1042/2423/2405 166/2422/2404 1041/2424/2406
f 164/2425/2407 167/2426/2408 1039/2427/2409
f 1039/2427/2409 167/2426/2408 1042/2428/2410
f 1042/2429/2411 1041/2430/2412 1039/2431/2413
f 1039/2431/2413 1041/2430/2412 1040/2432/2414
f 161/2433/2415 160/2434/2416 1044/2435/2417
f 1044/2435/2417 160/2434/2416 1043/2436/2418
f 162/2437/2419 161/2438/2420 1045/2439/2421
f 1045/2439/2421 161/2438/2420 1044/2440/2422
f 163/2441/2423 162/2442/2424 1046/2443/2425
f 1046/2443/2425 162/2442/2424 1045/2444/2426
f 160/2445/2427 163/2446/2428 1043/2447/2429
f 1043/2447/2429 163/2446/2428 1046/2448/2430
f 1046/2449/2431 1045/2450/2432 1043/2451/2433
f 1043/2451/2433 1045/2450/2432 1044/2452/2434
f 1048/2453/2435 137/2454/2436 1047/2455/2437
f 1047/2455/2437 137/2454/2436 136/2456/2438
f 1047/2457/2437 136/2458/2438 1070/2459/2439
f 1070/2459/2439 136/2458/2438 159/2460/2440
f 1070/2459/2439 159/2460/2440 1069/2461/2441
f 1069/2461/2441 159/2460/2440 158/2462/2442
f 1069/2461/2441 158/2462/2442 1068/2463/2443
f 1068/2463/2443 158/2462/2442 157/2464/2444
f 1068/2463/2443 157/2464/2444 1067/2465/2445
f 1067/2465/2445 157/2464/2444 156/2466/2446
f 1067/2465/2445 156/2466/2446 1066/2467/2447
f 1066/2467/2447 156/2466/2446 155/2468/2448
f 1066/2467/2447 155/2468/2448 1065/2469/2449
f 1065/2469/2449 155/2468/2448 154/2470/2450
f 1065/2469/2449 154/2470/2450 1064/2471/2451
f 1064/2471/2451 154/2470/2450 153/2472/2452
f 1064/2471/2451 153/2472/2452 1063/2473/2453
f 1063/2473/2453 153/2472/2452 152/2474/2454
f 1063/2473/2453 152/2474/2454 1062/2475/2455
f 1062/2475/2455 152/2474/2454 151/2476/2456
f 1062/2475/2455 151/2476/2456 1061/2477/2457
f 1061/2477/2457 151/2476/2456 150/2478/2458
f 1061/2477/2457 150/2478/2458 1060/2479/2459
f 1060/2479/2459 150/2478/2458 149/2480/2460
f 1060/2479/2459 149/2480/2460 1059/2481/2461
f 1059/2481/2461 149/2480/2460 148/2482/2462
f 1059/2481/2461 148/2482/2462 1058/2483/2463
f 1058/2483/2463 148/2482/2462 147/2484/2464
f 1058/2483/2463 147/2484/2464 1057/2485/2465
f 1057/2485/2465 147/2484/2464 146/2486/2466
f 1057/2485/2465 146/2486/2466 1056/2487/2467
f 1056/2487/2467 146/2486/2466 145/2488/2468
f 1056/2487/2467 145/2488/2468 1055/2489/2469
f 1055/2489/2469 145/2488/2468 144/2490/2470
f 1055/2489/2469 144/2490/2470 1054/2491/2471
f 1054/2491/2471 144/2490/2470 143/2492/2472
f 1054/2491/2471 143/2492/2472 1053/2493/2473
f 1053/2493/2473 143/2492/2472 142/2494/2474
f 1053/2493/2473 142/2494/2474 1052/2495/2475
f 1052/2495/2475 142/2494/2474 141/2496/2476
f 1052/2495/2475 141/2496/2476 1051/2497/2477
f 1051/2497/2477 141/2496/2476 140/2498/2478
f 1051/2497/2477 140/2498/2478 1050/2499/2479
f 1050/2499/2479 140/2498/2478 139/2500/2480
f 1050/2499/2479 139/2500/2480 1049/2501/2481
f 1049/2501/2481 139/2500/2480 138/2502/2482
f 1049/2501/2481 138/2502/2482 1048/2453/2435
f 1048/2453/2435 138/2502/2482 137/2454/2436
f 1094/2503/2483 1071/2504/2484 1047/2505/2485
f 1047/2505/2485 1071/2504/2484 1072/2506/2486
f 1047/2505/2485 1072/2506/2486 1048/2507/2487
f 1048/2507/2487 1072/2506/2486 1073/2508/2488
f 1048/2507/2487 1073/2508/2488 1049/2509/2489
f 1049/2509/2489 1073/2508/2488 1074/2510/2490
f 1049/2509/2489 1074/2510/2490 1050/2511/2491
f 1050/2511/2491 1074/2510/2490 1075/2512/2492
f 1050/2511/2491 1075/2512/2492 1051/2513/2493
f 1051/2513/2493 1075/2512/2492 1076/2514/2494
f 1051/2513/2493 1076/2514/2494 1052/2515/2495
f 1052/2515/2495 1076/2514/2494 1077/2516/2496
f 1052/2515/2495 1077/2516/2496 1053/2517/2497
f 1053/2517/2497 1077/2516/2496 1054/2518/2498
f 1054/2518/2498 1077/2516/2496 1078/2519/2499
f 1054/2518/2498 1078/2519/2499 1055/2520/2500
f 1055/2520/2500 1078/2519/2499 1079/2521/2501
f 1055/2520/2500 1079/2521/2501 1056/2522/2502
f 1056/2522/2502 1079/2521/2501 1080/2523/2503
f 1056/2522/2502 1080/2523/2503 1057/2524/2504
f 1057/2524/2504 1080/2523/2503 1081/2525/2505
f 1057/2524/2504 1081/2525/2505 1058/2526/2506
f 1058/2526/2506 1081/2525/2505 1082/2527/2507
f 1058/2526/2506 1082/2527/2507 1059/2528/2508
f 1059/2528/2508 1082/2527/2507 1083/2529/2509
f 1059/2528/2508 1083/2529/2509 1060/2530/2510
f 1060/2530/2510 1083/2529/2509 1084/2531/2511
f 1060/2530/2510 1084/2531/2511 1085/2532/2512
f 1060/2530/2510 1085/2532/2512 1061/2533/2513
f 1061/2533/2513 1085/2532/2512 1086/2534/2514
f 1061/2533/2513 1086/2534/2514 1062/2535/2515
f 1062/2535/2515 1086/2534/2514 1087/2536/2516
f 1062/2535/2515 1087/2536/2516 1063/2537/2517
f 1063/2537/2517 1087/2536/2516 1088/2538/2518
f 1063/2537/2517 1088/2538/2518 1064/2539/2519
f 1064/2539/2519 1088/2538/2518 1089/2540/2520
f 1064/2539/2519 1089/2540/2520 1065/2541/2521
f 1065/2541/2521 1089/2540/2520 1066/2542/2522
f 1066/2542/2522 1089/2540/2520 1090/2543/2523
f 1066/2542/2522 1090/2543/2523 1067/2544/2524
f 1067/2544/2524 1090/2543/2523 1091/2545/2525
f 1067/2544/2524 1091/2545/2525 1068/2546/2526
f 1068/2546/2526 1091/2545/2525 1092/2547/2527
f 1068/2546/2526 1092/2547/2527 1069/2548/2528
f 1069/2548/2528 1092/2547/2527 1093/2549/2529
f 1069/2548/2528 1093/2549/2529 1070/2550/2530
f 1070/2550/2530 1093/2549/2529 1094/2503/2483
f 1070/2550/2530 1094/2503/2483 1047/2505/2485
f 1096/2551/2531 113/2552/2532 1095/2553/2533
f 1095/2553/2533 113/2552/2532 112/2554/2534
f 1095/2555/2533 112/2556/2534 1118/2557/2535
f 1118/2557/2535 112/2556/2534 135/2558/2536
f 1118/2557/2535 135/2558/2536 1117/2559/2537
f 1117/2559/2537 135/2558/2536 134/2560/2538
f 1117/2559/2537 134/2560/2538 1116/2561/2539
f 1116/2561/2539 134/2560/2538 133/2562/2540
f 1116/2561/2539 133/2562/2540 1115/2563/2541
f 1115/2563/2541 133/2562/2540 132/2564/2542
f 1115/2563/2541 132/2564/2542 1114/2565/2543
f 1114/2565/2543 132/2564/2542 131/2566/2544
f 1114/2565/2543 131/2566/2544 1113/2567/2545
f 1113/2567/2545 131/2566/2544 130/2568/2546
f 1113/2567/2545 130/2568/2546 1112/2569/2547
f 1112/2569/2547 130/2568/2546 129/2570/2548
f 1112/2569/2547 129/2570/2548 1111/2571/2549
f 1111/2571/2549 129/2570/2548 128/2572/2550
f 1111/2571/2549 128/2572/2550 1110/2573/2551
f 1110/2573/2551 128/2572/2550 127/2574/2552
f 1110/2573/2551 127/2574/2552 1109/2575/2553
f 1109/2575/2553 127/2574/2552 126/2576/2554
f 1109/2575/2553 126/2576/2554 1108/2577/2555
f 1108/2577/2555 126/2576/2554 125/2578/2556
f 1108/2577/2555 125/2578/2556 1107/2579/2557
f 1107/2579/2557 125/2578/2556 124/2580/2558
f 1107/2579/2557 124/2580/2558 1106/2581/2559
f 1106/2581/2559 124/2580/2558 123/2582/2560
f 1106/2581/2559 123/2582/2560 1105/2583/2561
f 1105/2583/2561 123/2582/2560 122/2584/2562
f 1105/2583/2561 122/2584/2562 1104/2585/2563
f 1104/2585/2563 122/2584/2562 121/2586/2564
f 1104/2585/2563 121/2586/2564 1103/2587/2565
f 1103/2587/2565 121/2586/2564 120/2588/2566
f 1103/2587/2565 120/2588/2566 1102/2589/2567
f 1102/2589/2567 120/2588/2566 119/2590/2568
f 1102/2589/2567 119/2590/2568 1101/2591/2569
f 1101/2591/2569 119/2590/2568 118/2592/2570
f 1101/2591/2569 118/2592/2570 1100/2593/2571
f 1100/2593/2571 118/2592/2570 117/2594/2572
f 1100/2593/2571 117/2594/2572 1099/2595/2573
f 1099/2595/2573 117/2594/2572 116/2596/2574
f 1099/2595/2573 116/2596/2574 1098/2597/2575
f 1098/2597/2575 116/2596/2574 115/2598/2576
f 1098/2597/2575 115/2598/2576 1097/2599/2577
f 1097/2599/2577 115/2598/2576 114/2600/2578
f 1097/2599/2577 114/2600/2578 1096/2551/2531
f 1096/2551/2531 114/2600/2578 113/2552/2532
f 1142/2601/2579 1119/2602/2580 1095/2603/2581
f 1095/2603/2581 1119/2602/2580 1120/2604/2582
f 1095/2603/2581 1120/2604/2582 1096/2605/2583
f 1096/2605/2583 1120/2604/2582 1121/2606/2584
f 1096/2605/2583 1121/2606/2584 1097/2607/2585
f 1097/2607/2585 1121/2606/2584 1122/2608/2586
f 1097/2607/2585 1122/2608/2586 1098/2609/2587
f 1098/2609/2587 1122/2608/2586 1123/2610/2588
f 1098/2609/2587 1123/2610/2588 1099/2611/2589
f 1099/2611/2589 1123/2610/2588 1124/2612/2590
f 1099/2611/2589 1124/2612/2590 1100/2613/2591
f 1100/2613/2591 1124/2612/2590 1125/2614/2592
f 1100/2613/2591 1125/2614/2592 1101/2615/2593
f 1101/2615/2593 1125/2614/2592 1102/2616/2594
f 1102/2616/2594 1125/2614/2592 1126/2617/2595
f 1102/2616/2594 1126/2617/2595 1103/2618/2596
f 1103/2618/2596 1126/2617/2595 1127/2619/2597
f 1103/2618/2596 1127/2619/2597 1104/2620/2598
f 1104/2620/2598 1127/2619/2597 1128/2621/2599
f 1104/2620/2598 1128/2621/2599 1105/2622/2600
f 1105/2622/2600 1128/2621/2599 1129/2623/2601
f 1105/2622/2600 1129/2623/2601 1106/2624/2602
f 1106/2624/2602 1129/2623/2601 1130/2625/2603
f 1106/2624/2602 1130/2625/2603 1107/2626/2604
f 1107/2626/2604 1130/2625/2603 1131/2627/2605
f 1107/2626/2604 1131/2627/2605 1108/2628/2606
f 1108/2628/2606 1131/2627/2605 1132/2629/2607
f 1108/2628/2606 1132/2629/2607 1133/2630/2608
f 1108/2628/2606 1133/2630/2608 1109/2631/2609
f 1109/2631/2609 1133/2630/2608 1134/2632/2610
f 1109/2631/2609 1134/2632/2610 1110/2633/2611
f 1110/2633/2611 1134/2632/2610 1135/2634/2612
f 1110/2633/2611 1135/2634/2612 1111/2635/2613
f 1111/2635/2613 1135/2634/2612 1136/2636/2614
f 1111/2635/2613 1136/2636/2614 1112/2637/2615
f 1112/2637/2615 1136/2636/2614 1137/2638/2616
f 1112/2637/2615 1137/2638/2616 1113/2639/2617
f 1113/2639/2617 1137/2638/2616 1114/2640/2618
f 1114/2640/2618 1137/2638/2616 1138/2641/2619
f 1114/2640/2618 1138/2641/2619 1115/2642/2620
f 1115/2642/2620 1138/2641/2619 1139/2643/2621
f 1115/2642/2620 1139/2643/2621 1116/2644/2622
f 1116/2644/2622 1139/2643/2621 1140/2645/2623
f 1116/2644/2622 1140/2645/2623 1117/2646/2624
f 1117/2646/2624 1140/2645/2623 1141/2647/2625
f 1117/2646/2624 1141/2647/2625 1118/2648/2626
f 1118/2648/2626 1141/2647/2625 1142/2601/2579
f 1118/2648/2626 1142/2601/2579 1095/2603/2581
f 1144/2649/2627 89/2650/2628 1143/2651/2629
f 1143/2651/2629 89/2650/2628 88/2652/2630
f 1143/2653/2629 88/2654/2630 1166/2655/2631
f 1166/2655/2631 88/2654/2630 111/2656/2632
f 1166/2655/2631 111/2656/2632 1165/2657/2633
f 1165/2657/2633 111/2656/2632 110/2658/2634
f 1165/2657/2633 110/2658/2634 1164/2659/2635
f 1164/2659/2635 110/2658/2634 109/2660/2636
f 1164/2659/2635 109/2660/2636 1163/2661/2637
f 1163/2661/2637 109/2660/2636 108/2662/2638
f 1163/2661/2637 108/2662/2638 1162/2663/2639
f 1162/2663/2639 108/2662/2638 107/2664/2640
f 1162/2663/2639 107/2664/2640 1161/2665/2641
f 1161/2665/2641 107/2664/2640 106/2666/2642
f 1161/2665/2641 106/2666/2642 1160/2667/2643
f 1160/2667/2643 106/2666/2642 105/2668/2644
f 1160/2667/2643 105/2668/2644 1159/2669/2645
f 1159/2669/2645 105/2668/2644 104/2670/2646
f 1159/2669/2645 104/2670/2646 1158/2671/2647
f 1158/2671/2647 104/2670/2646 103/2672/2648
f 1158/2671/2647 103/2672/2648 1157/2673/2649
f 1157/2673/2649 103/2672/2648 102/2674/2650
f 1157/2673/2649 102/2674/2650 1156/2675/2651
f 1156/2675/2651 102/2674/2650 101/2676/2652
f 1156/2675/2651 101/2676/2652 1155/2677/2653
f 1155/2677/2653 101/2676/2652 100/2678/2654
f 1155/2677/2653 100/2678/2654 1154/2679/2655
f 1154/2679/2655 100/2678/2654 99/2680/2656
f 1154/2679/2655 99/2680/2656 1153/2681/2657
f 1153/2681/2657 99/2680/2656 98/2682/2658
f 1153/2681/2657 98/2682/2658 1152/2683/2659
f 1152/2683/2659 98/2682/2658 97/2684/2660
f 1152/2683/2659 97/2684/2660 1151/2685/2661
f 1151/2685/2661 97/2684/2660 96/2686/2662
f 1151/2685/2661 96/2686/2662 1150/2687/2663
f 1150/2687/2663 96/2686/2662 95/2688/2664
f 1150/2687/2663 95/2688/2664 1149/2689/2665
f 1149/2689/2665 95/2688/2664 94/2690/2666
f 1149/2689/2665 94/2690/2666 1148/2691/2667
f 1148/2691/2667 94/2690/2666 93/2692/2668
f 1148/2691/2667 93/2692/2668 1147/2693/2669
f 1147/2693/2669 93/2692/2668 92/2694/2670
f 1147/2693/2669 92/2694/2670 1146/2695/2671
f 1146/2695/2671 92/2694/2670 91/2696/2672
f 1146/2695/2671 91/2696/2672 1145/2697/2673
f 1145/2697/2673 91/2696/2672 90/2698/2674
f 1145/2697/2673 90/2698/2674 1144/2649/2627
f 1144/2649/2627 90/2698/2674 89/2650/2628
f 1190/2699/2675 1167/2700/2676 1143/2701/2677
f 1143/2701/2677 1167/2700/2676 1168/2702/2678
f 1143/2701/2677 1168/2702/2678 1144/2703/2679
f 1144/2703/2679 1168/2702/2678 1169/2704/2680
f 1144/2703/2679 1169/2704/2680 1145/2705/2681
f 1145/2705/2681 1169/2704/2680 1170/2706/2682
f 1145/2705/2681 1170/2706/2682 1146/2707/2683
f 1146/2707/2683 1170/2706/2682 1171/2708/2684
f 1146/2707/2683 1171/2708/2684 1147/2709/2685
f 1147/2709/2685 1171/2708/2684 1172/2710/2686
f 1147/2709/2685 1172/2710/2686 1148/2711/2687
f 1148/2711/2687 1172/2710/2686 1173/2712/2688
f 1148/2711/2687 1173/2712/2688 1149/2713/2689
f 1149/2713/2689 1173/2712/2688 1150/2714/2690
f 1150/2714/2690 1173/2712/2688 1174/2715/2691
f 1150/2714/2690 1174/2715/2691 1151/2716/2692
f 1151/2716/2692 1174/2715/2691 1175/2717/2693
f 1151/2716/2692 1175/2717/2693 1152/2718/2694
f 1152/2718/2694 1175/2717/2693 1176/2719/2695
f 1152/2718/2694 1176/2719/2695 1153/2720/2696
f 1153/2720/2696 1176/2719/2695 1177/2721/2697
f 1153/2720/2696 1177/2721/2697 1154/2722/2698
f 1154/2722/2698 1177/2721/2697 1178/2723/2699
f 1154/2722/2698 1178/2723/2699 1155/2724/2700
f 1155/2724/2700 1178/2723/2699 1179/2725/2701
f 1155/2724/2700 1179/2725/2701 1156/2726/2702
f 1156/2726/2702 1179/2725/2701 1180/2727/2703
f 1156/2726/2702 1180/2727/2703 1181/2728/2704
f 1156/2726/2702 1181/2728/2704 1157/2729/2705
f 1157/2729/2705 1181/2728/2704 1182/2730/2706
f 1157/2729/2705 1182/2730/2706 1158/2731/2707
f 1158/2731/2707 1182/2730/2706 1183/2732/2708
f 1158/2731/2707 1183/2732/2708 1159/2733/2709
f 1159/2733/2709 1183/2732/2708 1184/2734/2710
f 1159/2733/2709 1184/2734/2710 1160/2735/2711
f 1160/2735/2711 1184/2734/2710 1185/2736/2712
f 1160/2735/2711 1185/2736/2712 1161/2737/2713
f 1161/2737/2713 1185/2736/2712 1162/2738/2714
f 1162/2738/2714 1185/2736/2712 1186/2739/2715
f 1162/2738/2714 1186/2739/2715 1163/2740/2716
f 1163/2740/2716 1186/2739/2715 1187/2741/2717
f 1163/2740/2716 1187/2741/2717 1164/2742/2718
f 1164/2742/2718 1187/2741/2717 1188/2743/2719
f 1164/2742/2718 1188/2743/2719 1165/2744/2720
f 1165/2744/2720 1188/2743/2719 1189/2745/2721
f 1165/2744/2720 1189/2745/2721 1166/2746/2722
f 1166/2746/2722 1189/2745/2721 1190/2699/2675
f 1166/2746/2722 1190/2699/2675 1143/2701/2677
f 1192/2747/2723 65/2748/2724 1191/2749/2725
f 1191/2749/2725 65/2748/2724 64/2750/2726
f 1191/2751/2725 64/2752/2726 1214/2753/2727
f 1214/2753/2727 64/2752/2726 87/2754/2728
f 1214/2753/2727 87/2754/2728 1213/2755/2729
f 1213/2755/2729 87/2754/2728 86/2756/2730
f 1213/2755/2729 86/2756/2730 1212/2757/2731
f 1212/2757/2731 86/2756/2730 85/2758/2732
f 1212/2757/2731 85/2758/2732 1211/2759/2733
f 1211/2759/2733 85/2758/2732 84/2760/2734
f 1211/2759/2733 84/2760/2734 1210/2761/2735
f 1210/2761/2735 84/2760/2734 83/2762/2736
f 1210/2761/2735 83/2762/2736 1209/2763/2737
f 1209/2763/2737 83/2762/2736 82/2764/2738
f 1209/2763/2737 82/2764/2738 1208/2765/2739
f 1208/2765/2739 82/2764/2738 81/2766/2740
f 1208/2765/2739 81/2766/2740 1207/2767/2741
f 1207/2767/2741 81/2766/2740 80/2768/2742
f 1207/2767/2741 80/2768/2742 1206/2769/2743
f 1206/2769/2743 80/2768/2742 79/2770/2744
f 1206/2769/2743 79/2770/2744 1205/2771/2745
f 1205/2771/2745 79/2770/2744 78/2772/2746
f 1205/2771/2745 78/2772/2746 1204/2773/2747
f 1204/2773/2747 78/2772/2746 77/2774/2748
f 1204/2773/2747 77/2774/2748 1203/2775/2749
f 1203/2775/2749 77/2774/2748 76/2776/2750
f 1203/2775/2749 76/2776/2750 1202/2777/2751
f 1202/2777/2751 76/2776/2750 75/2778/2752
f 1202/2777/2751 75/2778/2752 1201/2779/2753
f 1201/2779/2753 75/2778/2752 74/2780/2754
f 1201/2779/2753 74/2780/2754 1200/2781/2755
f 1200/2781/2755 74/2780/2754 73/2782/2756
f 1200/2781/2755 73/2782/2756 1199/2783/2757
f 1199/2783/2757 73/2782/2756 72/2784/2758
f 1199/2783/2757 72/2784/2758 1198/2785/2759
f 1198/2785/2759 72/2784/2758 71/2786/2760
f 1198/2785/2759 71/2786/2760 1197/2787/2761
f 1197/2787/2761 71/2786/2760 70/2788/2762
f 1197/2787/2761 70/2788/2762 1196/2789/2763
f 1196/2789/2763 70/2788/2762 69/2790/2764
f 1196/2789/2763 69/2790/2764 1195/2791/2765
f 1195/2791/2765 69/2790/2764 68/2792/2766
f 1195/2791/2765 68/2792/2766 1194/2793/2767
f 1194/2793/2767 68/2792/2766 67/2794/2768
f 1194/2793/2767 67/2794/2768 1193/2795/2769
f 1193/2795/2769 67/2794/2768 66/2796/2770
f 1193/2795/2769 66/2796/2770 1192/2747/2723
f 1192/2747/2723 66/2796/2770 65/2748/2724
f 1238/2797/2771 1215/2798/2772 1191/2799/2773
f 1191/2799/2773 1215/2798/2772 1216/2800/2774
f 1191/2799/2773 1216/2800/2774 1192/2801/2775
f 1192/2801/2775 1216/2800/2774 1217/2802/2776
f 1192/2801/2775 1217/2802/2776 1193/2803/2777
f 1193/2803/2777 1217/2802/2776 1218/2804/2778
f 1193/2803/2777 1218/2804/2778 1194/2805/2779
f 1194/2805/2779 1218/2804/2778 1219/2806/2780
f 1194/2805/2779 1219/2806/2780 1195/2807/2781
f 1195/2807/2781 1219/2806/2780 1220/2808/2782
f 1195/2807/2781 1220/2808/2782 1196/2809/2783
f 1196/2809/2783 1220/2808/2782 1221/2810/2784
f 1196/2809/2783 1221/2810/2784 1197/2811/2785
f 1197/2811/2785 1221/2810/2784 1198/2812/2786
f 1198/2812/2786 1221/2810/2784 1222/2813/2787
f 1198/2812/2786 1222/2813/2787 1199/2814/2788
f 1199/2814/2788 1222/2813/2787 1223/2815/2789
f 1199/2814/2788 1223/2815/2789 1200/2816/2790
f 1200/2816/2790 1223/2815/2789 1224/2817/2791
f 1200/2816/2790 1224/2817/2791 1201/2818/2792
f 1201/2818/2792 1224/2817/2791 1225/2819/2793
f 1201/2818/2792 1225/2819/2793 1202/2820/2794
f 1202/2820/2794 1225/2819/2793 1226/2821/2795
f 1202/2820/2794 1226/2821/2795 1203/2822/2796
f 1203/2822/2796 1226/2821/2795 1227/2823/2797
f 1203/2822/2796 1227/2823/2797 1204/2824/2798
f 1204/2824/2798 1227/2823/2797 1228/2825/2799
f 1204/2824/2798 1228/2825/2799 1229/2826/2800
f 1204/2824/2798 1229/2826/2800 1205/2827/2801
f 1205/2827/2801 1229/2826/2800 1230/2828/2802
f 1205/2827/2801 1230/2828/2802 1206/2829/2803
f 1206/2829/2803 1230/2828/2802 1231/2830/2804
f 1206/2829/2803 1231/2830/2804 1207/2831/2805
f 1207/2831/2805 1231/2830/2804 1232/2832/2806
f 1207/2831/2805 1232/2832/2806 1208/2833/2807
f 1208/2833/2807 1232/2832/2806 1233/2834/2808
f 1208/2833/2807 1233/2834/2808 1209/2835/2809
f 1209/2835/2809 1233/2834/2808 1210/2836/2810
f 1210/2836/2810 1233/2834/2808 1234/2837/2811
f 1210/2836/2810 1234/2837/2811 1211/2838/2812
f 1211/2838/2812 1234/2837/2811 1235/2839/2813
f 1211/2838/2812 1235/2839/2813 1212/2840/2814
f 1212/2840/2814 1235/2839/2813 1236/2841/2815
f 1212/2840/2814 1236/2841/2815 1213/2842/2816
f 1213/2842/2816 1236/2841/2815 1237/2843/2817
f 1213/2842/2816 1237/2843/2817 1214/2844/2818
f 1214/2844/2818 1237/2843/2817 1238/2797/2771
f 1214/2844/2818 1238/2797/2771 1191/2799/2773
f 1239/2845/2819 1240/2846/2820 307/2847/2821
f 307/2847/2821 1240/2846/2820 1241/2848/2822
f 307/2847/2821 1241/2848/2822 308/2849/2823
f 309/2850/2824 308/2851/2825 1242/2852/2826
f 1242/2852/2826 308/2851/2825 1241/2853/2827
f 309/2854/2828 1242/2855/2829 310/2856/2830
f 310/2856/2830 1242/2855/2829 1243/2857/2831
f 310/2856/2830 1243/2857/2831 1244/2858/2832
f 1239/2859/2833 1244/2860/2834 1240/2861/2835
f 1240/2861/2835 1244/2860/2834 1243/2862/2836
f 1240/2863/2837 1243/2864/2838 1241/2865/2839
f 1241/2865/2839 1243/2864/2838 1242/2866/2840
f 307/2867/2841 310/2868/2842 1239/2869/2843
f 1239/2869/2843 310/2868/2842 1244/2870/2844
f 1190/2871/2845 450/2872/2846 1167/2873/2847
f 1167/2873/2847 450/2872/2846 449/2874/2848
f 1167/2875/2847 449/2876/2848 1168/2877/2849
f 1168/2877/2849 449/2876/2848 472/2878/2850
f 1168/2877/2849 472/2878/2850 1169/2879/2851
f 1169/2879/2851 472/2878/2850 471/2880/2852
f 1169/2879/2851 471/2880/2852 1170/2881/2853
f 1170/2881/2853 471/2880/2852 470/2882/2854
f 1170/2881/2853 470/2882/2854 1171/2883/2855
f 1171/2883/2855 470/2882/2854 469/2884/2856
f 1171/2883/2855 469/2884/2856 1172/2885/2857
f 1172/2885/2857 469/2884/2856 468/2886/2858
f 1172/2885/2857 468/2886/2858 1173/2887/2859
f 1173/2887/2859 468/2886/2858 467/2888/2860
f 1173/2887/2859 467/2888/2860 1174/2889/2861
f 1174/2889/2861 467/2888/2860 466/2890/2862
f 1174/2889/2861 466/2890/2862 1175/2891/2863
f 1175/2891/2863 466/2890/2862 465/2892/2864
f 1175/2891/2863 465/2892/2864 1176/2893/2865
f 1176/2893/2865 465/2892/2864 464/2894/2866
f 1176/2893/2865 464/2894/2866 1177/2895/2867
f 1177/2895/2867 464/2894/2866 463/2896/2868
f 1177/2895/2867 463/2896/2868 1178/2897/2869
f 1178/2897/2869 463/2896/2868 462/2898/2870
f 1178/2897/2869 462/2898/2870 1179/2899/2871
f 1179/2899/2871 462/2898/2870 461/2900/2872
f 1179/2899/2871 461/2900/2872 1180/2901/2873
f 1180/2901/2873 461/2900/2872 460/2902/2874
f 1180/2901/2873 460/2902/2874 1181/2903/2875
f 1181/2903/2875 460/2902/2874 459/2904/2876
f 1181/2903/2875 459/2904/2876 1182/2905/2877
f 1182/2905/2877 459/2904/2876 458/2906/2878
f 1182/2905/2877 458/2906/2878 1183/2907/2879
f 1183/2907/2879 458/2906/2878 457/2908/2880
f 1183/2907/2879 457/2908/2880 1184/2909/2881
f 1184/2909/2881 457/2908/2880 456/2910/2882
f 1184/2909/2881 456/2910/2882 1185/2911/2883
f 1185/2911/2883 456/2910/2882 455/2912/2884
f 1185/2911/2883 455/2912/2884 1186/2913/2885
f 1186/2913/2885 455/2912/2884 454/2914/2886
f 1186/2913/2885 454/2914/2886 1187/2915/2887
f 1187/2915/2887 454/2914/2886 453/2916/2888
f 1187/2915/2887 453/2916/2888 1188/2917/2889
f 1188/2917/2889 453/2916/2888 452/2918/2890
f 1188/2917/2889 452/2918/2890 1189/2919/2891
f 1189/2919/2891 452/2918/2890 451/2920/2892
f 1189/2919/2891 451/2920/2892 1190/2871/2845
f 1190/2871/2845 451/2920/2892 450/2872/2846
f 448/2921/2893 17/2922/2894 425/2923/2895
f 425/2923/2895 17/2922/2894 16/2924/2896
f 425/2925/2895 16/2926/2896 426/2927/2897
f 426/2927/2897 16/2926/2896 39/2928/2898
f 426/2927/2897 39/2928/2898 427/2929/2899
f 427/2929/2899 39/2928/2898 38/2930/2900
f 427/2929/2899 38/2930/2900 428/2931/2901
f 428/2931/2901 38/2930/2900 37/2932/2902
f 428/2931/2901 37/2932/2902 429/2933/2903
f 429/2933/2903 37/2932/2902 36/2934/2904
f 429/2933/2903 36/2934/2904 430/2935/2905
f 430/2935/2905 36/2934/2904 35/2936/2906
f 430/2935/2905 35/2936/2906 431/2937/2907
f 431/2937/2907 35/2936/2906 34/2938/2908
f 431/2937/2907 34/2938/2908 432/2939/2909
f 432/2939/2909 34/2938/2908 33/2940/2910
f 432/2939/2909 33/2940/2910 433/2941/2911
f 433/2941/2911 33/2940/2910 32/2942/2912
f 433/2941/2911 32/2942/2912 434/2943/2913
f 434/2943/2913 32/2942/2912 31/2944/2914
f 434/2943/2913 31/2944/2914 435/2945/2915
f 435/2945/2915 31/2944/2914 30/2946/2916
f 435/2945/2915 30/2946/2916 436/2947/2917
f 436/2947/2917 30/2946/2916 29/2948/2918
f 436/2947/2917 29/2948/2918 437/2949/2919
f 437/2949/2919 29/2948/2918 28/2950/2920
f 437/2949/2919 28/2950/2920 438/2951/2921
f 438/2951/2921 28/2950/2920 27/2952/2922
f 438/2951/2921 27/2952/2922 439/2953/2923
f 439/2953/2923 27/2952/2922 26/2954/2924
f 439/2953/2923 26/2954/2924 440/2955/2925
f 440/2955/2925 26/2954/2924 25/2956/2926
f 440/2955/2925 25/2956/2926 441/2957/2927
f 441/2957/2927 25/2956/2926 24/2958/2928
f 441/2957/2927 24/2958/2928 442/2959/2929
f 442/2959/2929 24/2958/2928 23/2960/2930
f 442/2959/2929 23/2960/2930 443/2961/2931
f 443/2961/2931 23/2960/2930 22/2962/2932
f 443/2961/2931 22/2962/2932 444/2963/2933
f 444/2963/2933 22/2962/2932 21/2964/2934
f 444/2963/2933 21/2964/2934 445/2965/2935
f 445/2965/2935 21/2964/2934 20/2966/2936
f 445/2965/2935 20/2966/2936 446/2967/2937
f 446/2967/2937 20/2966/2936 19/2968/2938
f 446/2967/2937 19/2968/2938 447/2969/2939
f 447/2969/2939 19/2968/2938 18/2970/2940
f 447/2969/2939 18/2970/2940 448/2921/2893
f 448/2921/2893 18/2970/2940 17/2922/2894
f 1142/2971/2941 402/2972/2942 1119/2973/2943
f 1119/2973/2943 402/2972/2942 401/2974/2944
f 1119/2975/2943 401/2976/2944 1120/2977/2945
f 1120/2977/2945 401/2976/2944 424/2978/2946
f 1120/2977/2945 424/2978/2946 1121/2979/2947
f 1121/2979/2947 424/2978/2946 423/2980/2948
f 1121/2979/2947 423/2980/2948 1122/2981/2949
f 1122/2981/2949 423/2980/2948 422/2982/2950
f 1122/2981/2949 422/2982/2950 1123/2983/2951
f 1123/2983/2951 422/2982/2950 421/2984/2952
f 1123/2983/2951 421/2984/2952 1124/2985/2953
f 1124/2985/2953 421/2984/2952 420/2986/2954
f 1124/2985/2953 420/2986/2954 1125/2987/2955
f 1125/2987/2955 420/2986/2954 419/2988/2956
f 1125/2987/2955 419/2988/2956 1126/2989/2957
f 1126/2989/2957 419/2988/2956 418/2990/2958
f 1126/2989/2957 418/2990/2958 1127/2991/2959
f 1127/2991/2959 418/2990/2958 417/2992/2960
f 1127/2991/2959 417/2992/2960 1128/2993/2961
f 1128/2993/2961 417/2992/2960 416/2994/2962
f 1128/2993/2961 416/2994/2962 1129/2995/2963
f 1129/2995/2963 416/2994/2962 415/2996/2964
f 1129/2995/2963 415/2996/2964 1130/2997/2965
f 1130/2997/2965 415/2996/2964 414/2998/2966
f 1130/2997/2965 414/2998/2966 1131/2999/2967
f 1131/2999/2967 414/2998/2966 413/3000/2968
f 1131/2999/2967 413/3000/2968 1132/3001/2969
f 1132/3001/2969 413/3000/2968 412/3002/2970
f 1132/3001/2969 412/3002/2970 1133/3003/2971
f 1133/3003/2971 412/3002/2970 411/3004/2972
f 1133/3003/2971 411/3004/2972 1134/3005/2973
f 1134/3005/2973 411/3004/2972 410/3006/2974
f 1134/3005/2973 410/3006/2974 1135/3007/2975
f 1135/3007/2975 410/3006/2974 409/3008/2976
f 1135/3007/2975 409/3008/2976 1136/3009/2977
f 1136/3009/2977 409/3008/2976 408/3010/2978
f 1136/3009/2977 408/3010/2978 1137/3011/2979
f 1137/3011/2979 408/3010/2978 407/3012/2980
f 1137/3011/2979 407/3012/2980 1138/3013/2981
f 1138/3013/2981 407/3012/2980 406/3014/2982
f 1138/3013/2981 406/3014/2982 1139/3015/2983
f 1139/3015/2983 406/3014/2982 405/3016/2984
f 1139/3015/2983 405/3016/2984 1140/3017/2985
f 1140/3017/2985 405/3016/2984 404/3018/2986
f 1140/3017/2985 404/3018/2986 1141/3019/2987
f 1141/3019/2987 404/3018/2986 403/3020/2988
f 1141/3019/2987 403/3020/2988 1142/2971/2941
f 1142/2971/2941 403/3020/2988 402/2972/2942
f 1094/3021/2989 378/3022/2990 1071/3023/2991
f 1071/3023/2991 378/3022/2990 377/3024/2992
f 1071/3025/2991 377/3026/2992 1072/3027/2993
f 1072/3027/2993 377/3026/2992 400/3028/2994
f 1072/3027/2993 400/3028/2994 1073/3029/2995
f 1073/3029/2995 400/3028/2994 399/3030/2996
f 1073/3029/2995 399/3030/2996 1074/3031/2997
f 1074/3031/2997 399/3030/2996 398/3032/2998
f 1074/3031/2997 398/3032/2998 1075/3033/2999
f 1075/3033/2999 398/3032/2998 397/3034/3000
f 1075/3033/2999 397/3034/3000 1076/3035/3001
f 1076/3035/3001 397/3034/3000 396/3036/3002
f 1076/3035/3001 396/3036/3002 1077/3037/3003
f 1077/3037/3003 396/3036/3002 395/3038/3004
f 1077/3037/3003 395/3038/3004 1078/3039/3005
f 1078/3039/3005 395/3038/3004 394/3040/3006
f 1078/3039/3005 394/3040/3006 1079/3041/3007
f 1079/3041/3007 394/3040/3006 393/3042/3008
f 1079/3041/3007 393/3042/3008 1080/3043/3009
f 1080/3043/3009 393/3042/3008 392/3044/3010
f 1080/3043/3009 392/3044/3010 1081/3045/3011
f 1081/3045/3011 392/3044/3010 391/3046/3012
f 1081/3045/3011 391/3046/3012 1082/3047/3013
f 1082/3047/3013 391/3046/3012 390/3048/3014
f 1082/3047/3013 390/3048/3014 1083/3049/3015
f 1083/3049/3015 390/3048/3014 389/3050/3016
f 1083/3049/3015 389/3050/3016 1084/3051/3017
f 1084/3051/3017 389/3050/3016 388/3052/3018
f 1084/3051/3017 388/3052/3018 1085/3053/3019
f 1085/3053/3019 388/3052/3018 387/3054/3020
f 1085/3053/3019 387/3054/3020 1086/3055/3021
f 1086/3055/3021 387/3054/3020 386/3056/3022
f 1086/3055/3021 386/3056/3022 1087/3057/3023
f 1087/3057/3023 386/3056/3022 385/3058/3024
f 1087/3057/3023 385/3058/3024 1088/3059/3025
f 1088/3059/3025 385/3058/3024 384/3060/3026
f 1088/3059/3025 384/3060/3026 1089/3061/3027
f 1089/3061/3027 384/3060/3026 383/3062/3028
f 1089/3061/3027 383/3062/3028 1090/3063/3029
f 1090/3063/3029 383/3062/3028 382/3064/3030
f 1090/3063/3029 382/3064/3030 1091/3065/3031
f 1091/3065/3031 382/3064/3030 381/3066/3032
f 1091/3065/3031 381/3066/3032 1092/3067/3033
f 1092/3067/3033 381/3066/3032 380/3068/3034
f 1092/3067/3033 380/3068/3034 1093/3069/3035
f 1093/3069/3035 380/3068/3034 379/3070/3036
f 1093/3069/3035 379/3070/3036 1094/3021/2989
f 1094/3021/2989 379/3070/3036 378/3022/2990
f 376/3071/3037 41/3072/3038 353/3073/3039
f 353/3073/3039 41/3072/3038 40/3074/3040
f 353/3075/3039 40/3076/3040 354/3077/3041
f 354/3077/3041 40/3076/3040 63/3078/3042
f 354/3077/3041 63/3078/3042 355/3079/3043
f 355/3079/3043 63/3078/3042 62/3080/3044
f 355/3079/3043 62/3080/3044 356/3081/3045
f 356/3081/3045 62/3080/3044 61/3082/3046
f 356/3081/3045 61/3082/3046 357/3083/3047
f 357/3083/3047 61/3082/3046 60/3084/3048
f 357/3083/3047 60/3084/3048 358/3085/3049
f 358/3085/3049 60/3084/3048 59/3086/3050
f 358/3085/3049 59/3086/3050 359/3087/3051
f 359/3087/3051 59/3086/3050 58/3088/3052
f 359/3087/3051 58/3088/3052 360/3089/3053
f 360/3089/3053 58/3088/3052 57/3090/3054
f 360/3089/3053 57/3090/3054 361/3091/3055
f 361/3091/3055 57/3090/3054 56/3092/3056
f 361/3091/3055 56/3092/3056 362/3093/3057
f 362/3093/3057 56/3092/3056 55/3094/3058
f 362/3093/3057 55/3094/3058 363/3095/3059
f 363/3095/3059 55/3094/3058 54/3096/3060
f 363/3095/3059 54/3096/3060 364/3097/3061
f 364/3097/3061 54/3096/3060 53/3098/3062
f 364/3097/3061 53/3098/3062 365/3099/3063
f 365/3099/3063 53/3098/3062 52/3100/3064
f 365/3099/3063 52/3100/3064 366/3101/3065
f 366/3101/3065 52/3100/3064 51/3102/3066
f 366/3101/3065 51/3102/3066 367/3103/3067
f 367/3103/3067 51/3102/3066 50/3104/3068
f 367/3103/3067 50/3104/3068 368/3105/3069
f 368/3105/3069 50/3104/3068 49/3106/3070
f 368/3105/3069 49/3106/3070 369/3107/3071
f 369/3107/3071 49/3106/3070 48/3108/3072
f 369/3107/3071 48/3108/3072 370/3109/3073
f 370/3109/3073 48/3108/3072 47/3110/3074
f 370/3109/3073 47/3110/3074 371/3111/3075
f 371/3111/3075 47/3110/3074 46/3112/3076
f 371/3111/3075 46/3112/3076 372/3113/3077
f 372/3113/3077 46/3112/3076 45/3114/3078
f 372/3113/3077 45/3114/3078 373/3115/3079
f 373/3115/3079 45/3114/3078 44/3116/3080
f 373/3115/3079 44/3116/3080 374/3117/3081
f 374/3117/3081 44/3116/3080 43/3118/3082
f 374/3117/3081 43/3118/3082 375/3119/3083
f 375/3119/3083 43/3118/3082 42/3120/3084
f 375/3119/3083 42/3120/3084 376/3071/3037
f 376/3071/3037 42/3120/3084 41/3072/3038
f 1238/3121/3085 330/3122/3086 1215/3123/3087
f 1215/3123/3087 330/3122/3086 329/3124/3088
f 1215/3125/3087 329/3126/3088 1216/3127/3089
f 1216/3127/3089 329/3126/3088 352/3128/3090
f 1216/3127/3089 352/3128/3090 1217/3129/3091
f 1217/3129/3091 352/3128/3090 351/3130/3092
f 1217/3129/3091 351/3130/3092 1218/3131/3093
f 1218/3131/3093 351/3130/3092 350/3132/3094
f 1218/3131/3093 350/3132/3094 1219/3133/3095
f 1219/3133/3095 350/3132/3094 349/3134/3096
f 1219/3133/3095 349/3134/3096 1220/3135/3097
f 1220/3135/3097 349/3134/3096 348/3136/3098
f 1220/3135/3097 348/3136/3098 1221/3137/3099
f 1221/3137/3099 348/3136/3098 347/3138/3100
f 1221/3137/3099 347/3138/3100 1222/3139/3101
f 1222/3139/3101 347/3138/3100 346/3140/3102
f 1222/3139/3101 346/3140/3102 1223/3141/3103
f 1223/3141/3103 346/3140/3102 345/3142/3104
f 1223/3141/3103 345/3142/3104 1224/3143/3105
f 1224/3143/3105 345/3142/3104 344/3144/3106
f 1224/3143/3105 344/3144/3106 1225/3145/3107
f 1225/3145/3107 344/3144/3106 343/3146/3108
f 1225/3145/3107 343/3146/3108 1226/3147/3109
f 1226/3147/3109 343/3146/3108 342/3148/3110
f 1226/3147/3109 342/3148/3110 1227/3149/3111
f 1227/3149/3111 342/3148/3110 341/3150/3112
f 1227/3149/3111 341/3150/3112 1228/3151/3113
f 1228/3151/3113 341/3150/3112 340/3152/3114
f 1228/3151/3113 340/3152/3114 1229/3153/3115
f 1229/3153/3115 340/3152/3114 339/3154/3116
f 1229/3153/3115 339/3154/3116 1230/3155/3117
f 1230/3155/3117 339/3154/3116 338/3156/3118
f 1230/3155/3117 338/3156/3118 1231/3157/3119
f 1231/3157/3119 338/3156/3118 337/3158/3120
f 1231/3157/3119 337/3158/3120 1232/3159/3121
f 1232/3159/3121 337/3158/3120 336/3160/3122
f 1232/3159/3121 336/3160/3122 1233/3161/3123
f 1233/3161/3123 336/3160/3122 335/3162/3124
f 1233/3161/3123 335/3162/3124 1234/3163/3125
f 1234/3163/3125 335/3162/3124 334/3164/3126
f 1234/3163/3125 334/3164/3126 1235/3165/3127
f 1235/3165/3127 334/3164/3126 333/3166/3128
f 1235/3165/3127 333/3166/3128 1236/3167/3129
f 1236/3167/3129 333/3166/3128 332/3168/3130
f 1236/3167/3129 332/3168/3130 1237/3169/3131
f 1237/3169/3131 332/3168/3130 331/3170/3132
f 1237/3169/3131 331/3170/3132 1238/3121/3085
f 1238/3121/3085 331/3170/3132 330/3122/3086
g Body1

v 22.750000 8.900000 0.000000
v 22.750000 -1.500000 0.000000
v 22.750000 -1.500000 3.400000
v 22.750000 8.900000 3.400000
v 28.850000 8.900000 0.000000
v 28.850000 8.900000 3.400000
v 28.850000 -1.500000 0.000000
v 28.850000 -1.500000 3.400000
vt -0.000000 0.000000 0.000000
vt 1.040000 0.000000 0.000000
vt -0.000000 0.340000 0.000000
vt 1.040000 0.340000 0.000000
vt -0.000000 0.000000 0.000000
vt 0.610000 0.000000 0.000000
vt 0.000000 0.340000 0.000000
vt 0.610000 0.340000 0.000000
vt -0.000000 0.000000 0.000000
vt 1.040000 0.000000 0.000000
vt -0.000000 0.340000 0.000000
vt 1.040000 0.340000 0.000000
vt 0.000000 0.000000 0.000000
vt 0.610000 0.000000 0.000000
vt 0.000000 0.340000 0.000000
vt 0.610000 0.340000 0.000000
vt -0.305000 -0.520000 0.000000
vt 0.305000 -0.520000 0.000000
vt -0.305000 0.520000 0.000000
vt 0.305000 0.520000 0.000000
vt -0.305000 -0.520000 0.000000
vt 0.305000 -0.520000 0.000000
vt -0.305000 0.520000 0.000000
vt 0.305000 0.520000 0.000000
vn -0.100000 0.000000 0.000000
vn -0.100000 0.000000 0.000000
vn -0.100000 0.000000 0.000000
vn -0.100000 0.000000 0.000000
vn 0.000000 0.100000 0.000000
vn 0.000000 0.100000 0.000000
vn 0.000000 0.100000 0.000000
vn 0.000000 0.100000 0.000000
vn 0.100000 0.000000 0.000000
vn 0.100000 0.000000 0.000000
vn 0.100000 0.000000 0.000000
vn 0.100000 0.000000 0.000000
vn 0.000000 -0.100000 0.000000
vn 0.000000 -0.100000 0.000000
vn 0.000000 -0.100000 0.000000
vn 0.000000 -0.100000 0.000000
vn 0.000000 0.000000 0.100000
vn 0.000000 0.000000 0.100000
vn 0.000000 0.000000 0.100000
vn 0.000000 0.000000 0.100000
vn -0.000000 0.000000 -0.100000
vn -0.000000 0.000000 -0.100000
vn -0.000000 0.000000 -0.100000
vn -0.000000 0.000000 -0.100000
f 1245/3171/3133 1246/3172/3134 1248/3173/3135
f 1248/3173/3135 1246/3172/3134 1247/3174/3136
f 1249/3175/3137 1245/3176/3138 1250/3177/3139
f 1250/3177/3139 1245/3176/3138 1248/3178/3140
f 1251/3179/3141 1249/3180/3142 1252/3181/3143
f 1252/3181/3143 1249/3180/3142 1250/3182/3144
f 1246/3183/3145 1251/3184/3146 1247/3185/3147
f 1247/3185/3147 1251/3184/3146 1252/3186/3148
f 1247/3187/3149 1252/3188/3150 1248/3189/3151
f 1248/3189/3151 1252/3188/3150 1250/3190/3152
f 1251/3191/3153 1246/3192/3154 1249/3193/3155
f 1249/3193/3155 1246/3192/3154 1245/3194/3156
g Body2

v 36.150000 8.900000 0.000000
v 36.150000 -1.500000 0.000000
v 36.150000 -1.500000 3.400000
v 36.150000 8.900000 3.400000
v 42.250000 8.900000 0.000000
v 42.250000 8.900000 3.400000
v 42.250000 -1.500000 0.000000
v 42.250000 -1.500000 3.400000
vt -0.000000 0.000000 0.000000
vt 1.040000 0.000000 0.000000
vt -0.000000 0.340000 0.000000
vt 1.040000 0.340000 0.000000
vt -0.000000 0.000000 0.000000
vt 0.610000 0.000000 0.000000
vt 0.000000 0.340000 0.000000
vt 0.610000 0.340000 0.000000
vt -0.000000 0.000000 0.000000
vt 1.040000 0.000000 0.000000
vt -0.000000 0.340000 0.000000
vt 1.040000 0.340000 0.000000
vt 0.000000 0.000000 0.000000
vt 0.610000 0.000000 0.000000
vt 0.000000 0.340000 0.000000
vt 0.610000 0.340000 0.000000
vt -0.305000 -0.520000 0.000000
vt 0.305000 -0.520000 0.000000
vt -0.305000 0.520000 0.000000
vt 0.305000 0.520000 0.000000
vt -0.305000 -0.520000 0.000000
vt 0.305000 -0.520000 0.000000
vt -0.305000 0.520000 0.000000
vt 0.305000 0.520000 0.000000
vn -0.100000 0.000000 0.000000
vn -0.100000 0.000000 0.000000
vn -0.100000 0.000000 0.000000
vn -0.100000 0.000000 0.000000
vn 0.000000 0.100000 0.000000
vn 0.000000 0.100000 0.000000
vn 0.000000 0.100000 0.000000
vn 0.000000 0.100000 0.000000
vn 0.100000 0.000000 0.000000
vn 0.100000 0.000000 0.000000
vn 0.100000 0.000000 0.000000
vn 0.100000 0.000000 0.000000
vn 0.000000 -0.100000 0.000000
vn 0.000000 -0.100000 0.000000
vn 0.000000 -0.100000 0.000000
vn 0.000000 -0.100000 0.000000
vn 0.000000 0.000000 0.100000
vn 0.000000 0.000000 0.100000
vn 0.000000 0.000000 0.100000
vn 0.000000 0.000000 0.100000
vn -0.000000 0.000000 -0.100000
vn -0.000000 0.000000 -0.100000
vn -0.000000 0.000000 -0.100000
vn -0.000000 0.000000 -0.100000
f 1253/3195/3157 1254/3196/3158 1256/3197/3159
f 1256/3197/3159 1254/3196/3158 1255/3198/3160
f 1257/3199/3161 1253/3200/3162 1258/3201/3163
f 1258/3201/3163 1253/3200/3162 1256/3202/3164
f 1259/3203/3165 1257/3204/3166 1260/3205/3167
f 1260/3205/3167 1257/3204/3166 1258/3206/3168
f 1254/3207/3169 1259/3208/3170 1255/3209/3171
f 1255/3209/3171 1259/3208/3170 1260/3210/3172
f 1255/3211/3173 1260/3212/3174 1256/3213/3175
f 1256/3213/3175 1260/3212/3174 1258/3214/3176
f 1259/3215/3177 1254/3216/3178 1257/3217/3179
f 1257/3217/3179 1254/3216/3178 1253/3218/3180
# 1260 vertices
# 3218 texture params
# 3180 normals
# 2532 facets

# 3 groups
